[2025-02-27 01:28:19] local.ERROR: SQLSTATE[42S22]: Column not found: 1054 Unknown column 'cpf' in 'users' (Connection: mysql, SQL: alter table `users` modify `cpf` varchar(255) not null) {"exception":"[object] (Illuminate\\Database\\QueryException(code: 42S22): SQLSTATE[42S22]: Column not found: 1054 Unknown column 'cpf' in 'users' (Connection: mysql, SQL: alter table `users` modify `cpf` varchar(255) not null) at D:\\Users\\Raphael\\Desktop\\desafio_senai\\projects\\technology-solutions-api\\api\\vendor\\laravel\\framework\\src\\Illuminate\\Database\\Connection.php:823)
[stacktrace]
#0 D:\\Users\\Raphael\\Desktop\\desafio_senai\\projects\\technology-solutions-api\\api\\vendor\\laravel\\framework\\src\\Illuminate\\Database\\Connection.php(777): Illuminate\\Database\\Connection->runQueryCallback('alter table `us...', Array, Object(Closure))
#1 D:\\Users\\Raphael\\Desktop\\desafio_senai\\projects\\technology-solutions-api\\api\\vendor\\laravel\\framework\\src\\Illuminate\\Database\\Connection.php(558): Illuminate\\Database\\Connection->run('alter table `us...', Array, Object(Closure))
#2 D:\\Users\\Raphael\\Desktop\\desafio_senai\\projects\\technology-solutions-api\\api\\vendor\\laravel\\framework\\src\\Illuminate\\Database\\Schema\\Blueprint.php(120): Illuminate\\Database\\Connection->statement('alter table `us...')
#3 D:\\Users\\Raphael\\Desktop\\desafio_senai\\projects\\technology-solutions-api\\api\\vendor\\laravel\\framework\\src\\Illuminate\\Database\\Schema\\Builder.php(619): Illuminate\\Database\\Schema\\Blueprint->build()
#4 D:\\Users\\Raphael\\Desktop\\desafio_senai\\projects\\technology-solutions-api\\api\\vendor\\laravel\\framework\\src\\Illuminate\\Database\\Schema\\Builder.php(461): Illuminate\\Database\\Schema\\Builder->build(Object(Illuminate\\Database\\Schema\\Blueprint))
#5 D:\\Users\\Raphael\\Desktop\\desafio_senai\\projects\\technology-solutions-api\\api\\vendor\\laravel\\framework\\src\\Illuminate\\Support\\Facades\\Facade.php(361): Illuminate\\Database\\Schema\\Builder->table('users', Object(Closure))
#6 D:\\Users\\Raphael\\Desktop\\desafio_senai\\projects\\technology-solutions-api\\api\\database\\migrations\\2025_02_27_012726_update_users_table.php(14): Illuminate\\Support\\Facades\\Facade::__callStatic('table', Array)
#7 D:\\Users\\Raphael\\Desktop\\desafio_senai\\projects\\technology-solutions-api\\api\\vendor\\laravel\\framework\\src\\Illuminate\\Database\\Migrations\\Migrator.php(507): Illuminate\\Database\\Migrations\\Migration@anonymous->up()
#8 D:\\Users\\Raphael\\Desktop\\desafio_senai\\projects\\technology-solutions-api\\api\\vendor\\laravel\\framework\\src\\Illuminate\\Database\\Migrations\\Migrator.php(432): Illuminate\\Database\\Migrations\\Migrator->runMethod(Object(Illuminate\\Database\\MySqlConnection), Object(Illuminate\\Database\\Migrations\\Migration@anonymous), 'up')
#9 D:\\Users\\Raphael\\Desktop\\desafio_senai\\projects\\technology-solutions-api\\api\\vendor\\laravel\\framework\\src\\Illuminate\\Database\\Migrations\\Migrator.php(441): Illuminate\\Database\\Migrations\\Migrator->Illuminate\\Database\\Migrations\\{closure}()
#10 D:\\Users\\Raphael\\Desktop\\desafio_senai\\projects\\technology-solutions-api\\api\\vendor\\laravel\\framework\\src\\Illuminate\\Database\\Migrations\\Migrator.php(244): Illuminate\\Database\\Migrations\\Migrator->runMigration(Object(Illuminate\\Database\\Migrations\\Migration@anonymous), 'up')
#11 D:\\Users\\Raphael\\Desktop\\desafio_senai\\projects\\technology-solutions-api\\api\\vendor\\laravel\\framework\\src\\Illuminate\\Console\\View\\Components\\Task.php(40): Illuminate\\Database\\Migrations\\Migrator->Illuminate\\Database\\Migrations\\{closure}()
#12 D:\\Users\\Raphael\\Desktop\\desafio_senai\\projects\\technology-solutions-api\\api\\vendor\\laravel\\framework\\src\\Illuminate\\Database\\Migrations\\Migrator.php(798): Illuminate\\Console\\View\\Components\\Task->render('2025_02_27_0127...', Object(Closure))
#13 D:\\Users\\Raphael\\Desktop\\desafio_senai\\projects\\technology-solutions-api\\api\\vendor\\laravel\\framework\\src\\Illuminate\\Database\\Migrations\\Migrator.php(244): Illuminate\\Database\\Migrations\\Migrator->write('Illuminate\\\\Cons...', '2025_02_27_0127...', Object(Closure))
#14 D:\\Users\\Raphael\\Desktop\\desafio_senai\\projects\\technology-solutions-api\\api\\vendor\\laravel\\framework\\src\\Illuminate\\Database\\Migrations\\Migrator.php(211): Illuminate\\Database\\Migrations\\Migrator->runUp('D:\\\\Users\\\\Raphae...', 3, false)
#15 D:\\Users\\Raphael\\Desktop\\desafio_senai\\projects\\technology-solutions-api\\api\\vendor\\laravel\\framework\\src\\Illuminate\\Database\\Migrations\\Migrator.php(138): Illuminate\\Database\\Migrations\\Migrator->runPending(Array, Array)
#16 D:\\Users\\Raphael\\Desktop\\desafio_senai\\projects\\technology-solutions-api\\api\\vendor\\laravel\\framework\\src\\Illuminate\\Database\\Console\\Migrations\\MigrateCommand.php(117): Illuminate\\Database\\Migrations\\Migrator->run(Array, Array)
#17 D:\\Users\\Raphael\\Desktop\\desafio_senai\\projects\\technology-solutions-api\\api\\vendor\\laravel\\framework\\src\\Illuminate\\Database\\Migrations\\Migrator.php(658): Illuminate\\Database\\Console\\Migrations\\MigrateCommand->Illuminate\\Database\\Console\\Migrations\\{closure}()
#18 D:\\Users\\Raphael\\Desktop\\desafio_senai\\projects\\technology-solutions-api\\api\\vendor\\laravel\\framework\\src\\Illuminate\\Database\\Console\\Migrations\\MigrateCommand.php(110): Illuminate\\Database\\Migrations\\Migrator->usingConnection(NULL, Object(Closure))
#19 D:\\Users\\Raphael\\Desktop\\desafio_senai\\projects\\technology-solutions-api\\api\\vendor\\laravel\\framework\\src\\Illuminate\\Database\\Console\\Migrations\\MigrateCommand.php(89): Illuminate\\Database\\Console\\Migrations\\MigrateCommand->runMigrations()
#20 D:\\Users\\Raphael\\Desktop\\desafio_senai\\projects\\technology-solutions-api\\api\\vendor\\laravel\\framework\\src\\Illuminate\\Container\\BoundMethod.php(36): Illuminate\\Database\\Console\\Migrations\\MigrateCommand->handle()
#21 D:\\Users\\Raphael\\Desktop\\desafio_senai\\projects\\technology-solutions-api\\api\\vendor\\laravel\\framework\\src\\Illuminate\\Container\\Util.php(43): Illuminate\\Container\\BoundMethod::Illuminate\\Container\\{closure}()
#22 D:\\Users\\Raphael\\Desktop\\desafio_senai\\projects\\technology-solutions-api\\api\\vendor\\laravel\\framework\\src\\Illuminate\\Container\\BoundMethod.php(95): Illuminate\\Container\\Util::unwrapIfClosure(Object(Closure))
#23 D:\\Users\\Raphael\\Desktop\\desafio_senai\\projects\\technology-solutions-api\\api\\vendor\\laravel\\framework\\src\\Illuminate\\Container\\BoundMethod.php(35): Illuminate\\Container\\BoundMethod::callBoundMethod(Object(Illuminate\\Foundation\\Application), Array, Object(Closure))
#24 D:\\Users\\Raphael\\Desktop\\desafio_senai\\projects\\technology-solutions-api\\api\\vendor\\laravel\\framework\\src\\Illuminate\\Container\\Container.php(754): Illuminate\\Container\\BoundMethod::call(Object(Illuminate\\Foundation\\Application), Array, Array, NULL)
#25 D:\\Users\\Raphael\\Desktop\\desafio_senai\\projects\\technology-solutions-api\\api\\vendor\\laravel\\framework\\src\\Illuminate\\Console\\Command.php(213): Illuminate\\Container\\Container->call(Array)
#26 D:\\Users\\Raphael\\Desktop\\desafio_senai\\projects\\technology-solutions-api\\api\\vendor\\symfony\\console\\Command\\Command.php(279): Illuminate\\Console\\Command->execute(Object(Symfony\\Component\\Console\\Input\\ArgvInput), Object(Illuminate\\Console\\OutputStyle))
#27 D:\\Users\\Raphael\\Desktop\\desafio_senai\\projects\\technology-solutions-api\\api\\vendor\\laravel\\framework\\src\\Illuminate\\Console\\Command.php(182): Symfony\\Component\\Console\\Command\\Command->run(Object(Symfony\\Component\\Console\\Input\\ArgvInput), Object(Illuminate\\Console\\OutputStyle))
#28 D:\\Users\\Raphael\\Desktop\\desafio_senai\\projects\\technology-solutions-api\\api\\vendor\\symfony\\console\\Application.php(1094): Illuminate\\Console\\Command->run(Object(Symfony\\Component\\Console\\Input\\ArgvInput), Object(Symfony\\Component\\Console\\Output\\ConsoleOutput))
#29 D:\\Users\\Raphael\\Desktop\\desafio_senai\\projects\\technology-solutions-api\\api\\vendor\\symfony\\console\\Application.php(342): Symfony\\Component\\Console\\Application->doRunCommand(Object(Illuminate\\Database\\Console\\Migrations\\MigrateCommand), Object(Symfony\\Component\\Console\\Input\\ArgvInput), Object(Symfony\\Component\\Console\\Output\\ConsoleOutput))
#30 D:\\Users\\Raphael\\Desktop\\desafio_senai\\projects\\technology-solutions-api\\api\\vendor\\symfony\\console\\Application.php(193): Symfony\\Component\\Console\\Application->doRun(Object(Symfony\\Component\\Console\\Input\\ArgvInput), Object(Symfony\\Component\\Console\\Output\\ConsoleOutput))
#31 D:\\Users\\Raphael\\Desktop\\desafio_senai\\projects\\technology-solutions-api\\api\\vendor\\laravel\\framework\\src\\Illuminate\\Foundation\\Console\\Kernel.php(198): Symfony\\Component\\Console\\Application->run(Object(Symfony\\Component\\Console\\Input\\ArgvInput), Object(Symfony\\Component\\Console\\Output\\ConsoleOutput))
#32 D:\\Users\\Raphael\\Desktop\\desafio_senai\\projects\\technology-solutions-api\\api\\vendor\\laravel\\framework\\src\\Illuminate\\Foundation\\Application.php(1235): Illuminate\\Foundation\\Console\\Kernel->handle(Object(Symfony\\Component\\Console\\Input\\ArgvInput), Object(Symfony\\Component\\Console\\Output\\ConsoleOutput))
#33 D:\\Users\\Raphael\\Desktop\\desafio_senai\\projects\\technology-solutions-api\\api\\artisan(16): Illuminate\\Foundation\\Application->handleCommand(Object(Symfony\\Component\\Console\\Input\\ArgvInput))
#34 {main}

[previous exception] [object] (PDOException(code: 42S22): SQLSTATE[42S22]: Column not found: 1054 Unknown column 'cpf' in 'users' at D:\\Users\\Raphael\\Desktop\\desafio_senai\\projects\\technology-solutions-api\\api\\vendor\\laravel\\framework\\src\\Illuminate\\Database\\Connection.php:569)
[stacktrace]
#0 D:\\Users\\Raphael\\Desktop\\desafio_senai\\projects\\technology-solutions-api\\api\\vendor\\laravel\\framework\\src\\Illuminate\\Database\\Connection.php(569): PDOStatement->execute()
#1 D:\\Users\\Raphael\\Desktop\\desafio_senai\\projects\\technology-solutions-api\\api\\vendor\\laravel\\framework\\src\\Illuminate\\Database\\Connection.php(810): Illuminate\\Database\\Connection->Illuminate\\Database\\{closure}('alter table `us...', Array)
#2 D:\\Users\\Raphael\\Desktop\\desafio_senai\\projects\\technology-solutions-api\\api\\vendor\\laravel\\framework\\src\\Illuminate\\Database\\Connection.php(777): Illuminate\\Database\\Connection->runQueryCallback('alter table `us...', Array, Object(Closure))
#3 D:\\Users\\Raphael\\Desktop\\desafio_senai\\projects\\technology-solutions-api\\api\\vendor\\laravel\\framework\\src\\Illuminate\\Database\\Connection.php(558): Illuminate\\Database\\Connection->run('alter table `us...', Array, Object(Closure))
#4 D:\\Users\\Raphael\\Desktop\\desafio_senai\\projects\\technology-solutions-api\\api\\vendor\\laravel\\framework\\src\\Illuminate\\Database\\Schema\\Blueprint.php(120): Illuminate\\Database\\Connection->statement('alter table `us...')
#5 D:\\Users\\Raphael\\Desktop\\desafio_senai\\projects\\technology-solutions-api\\api\\vendor\\laravel\\framework\\src\\Illuminate\\Database\\Schema\\Builder.php(619): Illuminate\\Database\\Schema\\Blueprint->build()
#6 D:\\Users\\Raphael\\Desktop\\desafio_senai\\projects\\technology-solutions-api\\api\\vendor\\laravel\\framework\\src\\Illuminate\\Database\\Schema\\Builder.php(461): Illuminate\\Database\\Schema\\Builder->build(Object(Illuminate\\Database\\Schema\\Blueprint))
#7 D:\\Users\\Raphael\\Desktop\\desafio_senai\\projects\\technology-solutions-api\\api\\vendor\\laravel\\framework\\src\\Illuminate\\Support\\Facades\\Facade.php(361): Illuminate\\Database\\Schema\\Builder->table('users', Object(Closure))
#8 D:\\Users\\Raphael\\Desktop\\desafio_senai\\projects\\technology-solutions-api\\api\\database\\migrations\\2025_02_27_012726_update_users_table.php(14): Illuminate\\Support\\Facades\\Facade::__callStatic('table', Array)
#9 D:\\Users\\Raphael\\Desktop\\desafio_senai\\projects\\technology-solutions-api\\api\\vendor\\laravel\\framework\\src\\Illuminate\\Database\\Migrations\\Migrator.php(507): Illuminate\\Database\\Migrations\\Migration@anonymous->up()
#10 D:\\Users\\Raphael\\Desktop\\desafio_senai\\projects\\technology-solutions-api\\api\\vendor\\laravel\\framework\\src\\Illuminate\\Database\\Migrations\\Migrator.php(432): Illuminate\\Database\\Migrations\\Migrator->runMethod(Object(Illuminate\\Database\\MySqlConnection), Object(Illuminate\\Database\\Migrations\\Migration@anonymous), 'up')
#11 D:\\Users\\Raphael\\Desktop\\desafio_senai\\projects\\technology-solutions-api\\api\\vendor\\laravel\\framework\\src\\Illuminate\\Database\\Migrations\\Migrator.php(441): Illuminate\\Database\\Migrations\\Migrator->Illuminate\\Database\\Migrations\\{closure}()
#12 D:\\Users\\Raphael\\Desktop\\desafio_senai\\projects\\technology-solutions-api\\api\\vendor\\laravel\\framework\\src\\Illuminate\\Database\\Migrations\\Migrator.php(244): Illuminate\\Database\\Migrations\\Migrator->runMigration(Object(Illuminate\\Database\\Migrations\\Migration@anonymous), 'up')
#13 D:\\Users\\Raphael\\Desktop\\desafio_senai\\projects\\technology-solutions-api\\api\\vendor\\laravel\\framework\\src\\Illuminate\\Console\\View\\Components\\Task.php(40): Illuminate\\Database\\Migrations\\Migrator->Illuminate\\Database\\Migrations\\{closure}()
#14 D:\\Users\\Raphael\\Desktop\\desafio_senai\\projects\\technology-solutions-api\\api\\vendor\\laravel\\framework\\src\\Illuminate\\Database\\Migrations\\Migrator.php(798): Illuminate\\Console\\View\\Components\\Task->render('2025_02_27_0127...', Object(Closure))
#15 D:\\Users\\Raphael\\Desktop\\desafio_senai\\projects\\technology-solutions-api\\api\\vendor\\laravel\\framework\\src\\Illuminate\\Database\\Migrations\\Migrator.php(244): Illuminate\\Database\\Migrations\\Migrator->write('Illuminate\\\\Cons...', '2025_02_27_0127...', Object(Closure))
#16 D:\\Users\\Raphael\\Desktop\\desafio_senai\\projects\\technology-solutions-api\\api\\vendor\\laravel\\framework\\src\\Illuminate\\Database\\Migrations\\Migrator.php(211): Illuminate\\Database\\Migrations\\Migrator->runUp('D:\\\\Users\\\\Raphae...', 3, false)
#17 D:\\Users\\Raphael\\Desktop\\desafio_senai\\projects\\technology-solutions-api\\api\\vendor\\laravel\\framework\\src\\Illuminate\\Database\\Migrations\\Migrator.php(138): Illuminate\\Database\\Migrations\\Migrator->runPending(Array, Array)
#18 D:\\Users\\Raphael\\Desktop\\desafio_senai\\projects\\technology-solutions-api\\api\\vendor\\laravel\\framework\\src\\Illuminate\\Database\\Console\\Migrations\\MigrateCommand.php(117): Illuminate\\Database\\Migrations\\Migrator->run(Array, Array)
#19 D:\\Users\\Raphael\\Desktop\\desafio_senai\\projects\\technology-solutions-api\\api\\vendor\\laravel\\framework\\src\\Illuminate\\Database\\Migrations\\Migrator.php(658): Illuminate\\Database\\Console\\Migrations\\MigrateCommand->Illuminate\\Database\\Console\\Migrations\\{closure}()
#20 D:\\Users\\Raphael\\Desktop\\desafio_senai\\projects\\technology-solutions-api\\api\\vendor\\laravel\\framework\\src\\Illuminate\\Database\\Console\\Migrations\\MigrateCommand.php(110): Illuminate\\Database\\Migrations\\Migrator->usingConnection(NULL, Object(Closure))
#21 D:\\Users\\Raphael\\Desktop\\desafio_senai\\projects\\technology-solutions-api\\api\\vendor\\laravel\\framework\\src\\Illuminate\\Database\\Console\\Migrations\\MigrateCommand.php(89): Illuminate\\Database\\Console\\Migrations\\MigrateCommand->runMigrations()
#22 D:\\Users\\Raphael\\Desktop\\desafio_senai\\projects\\technology-solutions-api\\api\\vendor\\laravel\\framework\\src\\Illuminate\\Container\\BoundMethod.php(36): Illuminate\\Database\\Console\\Migrations\\MigrateCommand->handle()
#23 D:\\Users\\Raphael\\Desktop\\desafio_senai\\projects\\technology-solutions-api\\api\\vendor\\laravel\\framework\\src\\Illuminate\\Container\\Util.php(43): Illuminate\\Container\\BoundMethod::Illuminate\\Container\\{closure}()
#24 D:\\Users\\Raphael\\Desktop\\desafio_senai\\projects\\technology-solutions-api\\api\\vendor\\laravel\\framework\\src\\Illuminate\\Container\\BoundMethod.php(95): Illuminate\\Container\\Util::unwrapIfClosure(Object(Closure))
#25 D:\\Users\\Raphael\\Desktop\\desafio_senai\\projects\\technology-solutions-api\\api\\vendor\\laravel\\framework\\src\\Illuminate\\Container\\BoundMethod.php(35): Illuminate\\Container\\BoundMethod::callBoundMethod(Object(Illuminate\\Foundation\\Application), Array, Object(Closure))
#26 D:\\Users\\Raphael\\Desktop\\desafio_senai\\projects\\technology-solutions-api\\api\\vendor\\laravel\\framework\\src\\Illuminate\\Container\\Container.php(754): Illuminate\\Container\\BoundMethod::call(Object(Illuminate\\Foundation\\Application), Array, Array, NULL)
#27 D:\\Users\\Raphael\\Desktop\\desafio_senai\\projects\\technology-solutions-api\\api\\vendor\\laravel\\framework\\src\\Illuminate\\Console\\Command.php(213): Illuminate\\Container\\Container->call(Array)
#28 D:\\Users\\Raphael\\Desktop\\desafio_senai\\projects\\technology-solutions-api\\api\\vendor\\symfony\\console\\Command\\Command.php(279): Illuminate\\Console\\Command->execute(Object(Symfony\\Component\\Console\\Input\\ArgvInput), Object(Illuminate\\Console\\OutputStyle))
#29 D:\\Users\\Raphael\\Desktop\\desafio_senai\\projects\\technology-solutions-api\\api\\vendor\\laravel\\framework\\src\\Illuminate\\Console\\Command.php(182): Symfony\\Component\\Console\\Command\\Command->run(Object(Symfony\\Component\\Console\\Input\\ArgvInput), Object(Illuminate\\Console\\OutputStyle))
#30 D:\\Users\\Raphael\\Desktop\\desafio_senai\\projects\\technology-solutions-api\\api\\vendor\\symfony\\console\\Application.php(1094): Illuminate\\Console\\Command->run(Object(Symfony\\Component\\Console\\Input\\ArgvInput), Object(Symfony\\Component\\Console\\Output\\ConsoleOutput))
#31 D:\\Users\\Raphael\\Desktop\\desafio_senai\\projects\\technology-solutions-api\\api\\vendor\\symfony\\console\\Application.php(342): Symfony\\Component\\Console\\Application->doRunCommand(Object(Illuminate\\Database\\Console\\Migrations\\MigrateCommand), Object(Symfony\\Component\\Console\\Input\\ArgvInput), Object(Symfony\\Component\\Console\\Output\\ConsoleOutput))
#32 D:\\Users\\Raphael\\Desktop\\desafio_senai\\projects\\technology-solutions-api\\api\\vendor\\symfony\\console\\Application.php(193): Symfony\\Component\\Console\\Application->doRun(Object(Symfony\\Component\\Console\\Input\\ArgvInput), Object(Symfony\\Component\\Console\\Output\\ConsoleOutput))
#33 D:\\Users\\Raphael\\Desktop\\desafio_senai\\projects\\technology-solutions-api\\api\\vendor\\laravel\\framework\\src\\Illuminate\\Foundation\\Console\\Kernel.php(198): Symfony\\Component\\Console\\Application->run(Object(Symfony\\Component\\Console\\Input\\ArgvInput), Object(Symfony\\Component\\Console\\Output\\ConsoleOutput))
#34 D:\\Users\\Raphael\\Desktop\\desafio_senai\\projects\\technology-solutions-api\\api\\vendor\\laravel\\framework\\src\\Illuminate\\Foundation\\Application.php(1235): Illuminate\\Foundation\\Console\\Kernel->handle(Object(Symfony\\Component\\Console\\Input\\ArgvInput), Object(Symfony\\Component\\Console\\Output\\ConsoleOutput))
#35 D:\\Users\\Raphael\\Desktop\\desafio_senai\\projects\\technology-solutions-api\\api\\artisan(16): Illuminate\\Foundation\\Application->handleCommand(Object(Symfony\\Component\\Console\\Input\\ArgvInput))
#36 {main}
"} 
[2025-02-27 01:28:44] local.ERROR: SQLSTATE[42S21]: Column already exists: 1060 Duplicate column name 'user_type_id' (Connection: mysql, SQL: alter table `users` add `user_type_id` bigint unsigned null after `password`) {"exception":"[object] (Illuminate\\Database\\QueryException(code: 42S21): SQLSTATE[42S21]: Column already exists: 1060 Duplicate column name 'user_type_id' (Connection: mysql, SQL: alter table `users` add `user_type_id` bigint unsigned null after `password`) at D:\\Users\\Raphael\\Desktop\\desafio_senai\\projects\\technology-solutions-api\\api\\vendor\\laravel\\framework\\src\\Illuminate\\Database\\Connection.php:823)
[stacktrace]
#0 D:\\Users\\Raphael\\Desktop\\desafio_senai\\projects\\technology-solutions-api\\api\\vendor\\laravel\\framework\\src\\Illuminate\\Database\\Connection.php(777): Illuminate\\Database\\Connection->runQueryCallback('alter table `us...', Array, Object(Closure))
#1 D:\\Users\\Raphael\\Desktop\\desafio_senai\\projects\\technology-solutions-api\\api\\vendor\\laravel\\framework\\src\\Illuminate\\Database\\Connection.php(558): Illuminate\\Database\\Connection->run('alter table `us...', Array, Object(Closure))
#2 D:\\Users\\Raphael\\Desktop\\desafio_senai\\projects\\technology-solutions-api\\api\\vendor\\laravel\\framework\\src\\Illuminate\\Database\\Schema\\Blueprint.php(120): Illuminate\\Database\\Connection->statement('alter table `us...')
#3 D:\\Users\\Raphael\\Desktop\\desafio_senai\\projects\\technology-solutions-api\\api\\vendor\\laravel\\framework\\src\\Illuminate\\Database\\Schema\\Builder.php(619): Illuminate\\Database\\Schema\\Blueprint->build()
#4 D:\\Users\\Raphael\\Desktop\\desafio_senai\\projects\\technology-solutions-api\\api\\vendor\\laravel\\framework\\src\\Illuminate\\Database\\Schema\\Builder.php(461): Illuminate\\Database\\Schema\\Builder->build(Object(Illuminate\\Database\\Schema\\Blueprint))
#5 D:\\Users\\Raphael\\Desktop\\desafio_senai\\projects\\technology-solutions-api\\api\\vendor\\laravel\\framework\\src\\Illuminate\\Support\\Facades\\Facade.php(361): Illuminate\\Database\\Schema\\Builder->table('users', Object(Closure))
#6 D:\\Users\\Raphael\\Desktop\\desafio_senai\\projects\\technology-solutions-api\\api\\database\\migrations\\2025_02_27_012726_update_users_table.php(14): Illuminate\\Support\\Facades\\Facade::__callStatic('table', Array)
#7 D:\\Users\\Raphael\\Desktop\\desafio_senai\\projects\\technology-solutions-api\\api\\vendor\\laravel\\framework\\src\\Illuminate\\Database\\Migrations\\Migrator.php(507): Illuminate\\Database\\Migrations\\Migration@anonymous->up()
#8 D:\\Users\\Raphael\\Desktop\\desafio_senai\\projects\\technology-solutions-api\\api\\vendor\\laravel\\framework\\src\\Illuminate\\Database\\Migrations\\Migrator.php(432): Illuminate\\Database\\Migrations\\Migrator->runMethod(Object(Illuminate\\Database\\MySqlConnection), Object(Illuminate\\Database\\Migrations\\Migration@anonymous), 'up')
#9 D:\\Users\\Raphael\\Desktop\\desafio_senai\\projects\\technology-solutions-api\\api\\vendor\\laravel\\framework\\src\\Illuminate\\Database\\Migrations\\Migrator.php(441): Illuminate\\Database\\Migrations\\Migrator->Illuminate\\Database\\Migrations\\{closure}()
#10 D:\\Users\\Raphael\\Desktop\\desafio_senai\\projects\\technology-solutions-api\\api\\vendor\\laravel\\framework\\src\\Illuminate\\Database\\Migrations\\Migrator.php(244): Illuminate\\Database\\Migrations\\Migrator->runMigration(Object(Illuminate\\Database\\Migrations\\Migration@anonymous), 'up')
#11 D:\\Users\\Raphael\\Desktop\\desafio_senai\\projects\\technology-solutions-api\\api\\vendor\\laravel\\framework\\src\\Illuminate\\Console\\View\\Components\\Task.php(40): Illuminate\\Database\\Migrations\\Migrator->Illuminate\\Database\\Migrations\\{closure}()
#12 D:\\Users\\Raphael\\Desktop\\desafio_senai\\projects\\technology-solutions-api\\api\\vendor\\laravel\\framework\\src\\Illuminate\\Database\\Migrations\\Migrator.php(798): Illuminate\\Console\\View\\Components\\Task->render('2025_02_27_0127...', Object(Closure))
#13 D:\\Users\\Raphael\\Desktop\\desafio_senai\\projects\\technology-solutions-api\\api\\vendor\\laravel\\framework\\src\\Illuminate\\Database\\Migrations\\Migrator.php(244): Illuminate\\Database\\Migrations\\Migrator->write('Illuminate\\\\Cons...', '2025_02_27_0127...', Object(Closure))
#14 D:\\Users\\Raphael\\Desktop\\desafio_senai\\projects\\technology-solutions-api\\api\\vendor\\laravel\\framework\\src\\Illuminate\\Database\\Migrations\\Migrator.php(211): Illuminate\\Database\\Migrations\\Migrator->runUp('D:\\\\Users\\\\Raphae...', 3, false)
#15 D:\\Users\\Raphael\\Desktop\\desafio_senai\\projects\\technology-solutions-api\\api\\vendor\\laravel\\framework\\src\\Illuminate\\Database\\Migrations\\Migrator.php(138): Illuminate\\Database\\Migrations\\Migrator->runPending(Array, Array)
#16 D:\\Users\\Raphael\\Desktop\\desafio_senai\\projects\\technology-solutions-api\\api\\vendor\\laravel\\framework\\src\\Illuminate\\Database\\Console\\Migrations\\MigrateCommand.php(117): Illuminate\\Database\\Migrations\\Migrator->run(Array, Array)
#17 D:\\Users\\Raphael\\Desktop\\desafio_senai\\projects\\technology-solutions-api\\api\\vendor\\laravel\\framework\\src\\Illuminate\\Database\\Migrations\\Migrator.php(658): Illuminate\\Database\\Console\\Migrations\\MigrateCommand->Illuminate\\Database\\Console\\Migrations\\{closure}()
#18 D:\\Users\\Raphael\\Desktop\\desafio_senai\\projects\\technology-solutions-api\\api\\vendor\\laravel\\framework\\src\\Illuminate\\Database\\Console\\Migrations\\MigrateCommand.php(110): Illuminate\\Database\\Migrations\\Migrator->usingConnection(NULL, Object(Closure))
#19 D:\\Users\\Raphael\\Desktop\\desafio_senai\\projects\\technology-solutions-api\\api\\vendor\\laravel\\framework\\src\\Illuminate\\Database\\Console\\Migrations\\MigrateCommand.php(89): Illuminate\\Database\\Console\\Migrations\\MigrateCommand->runMigrations()
#20 D:\\Users\\Raphael\\Desktop\\desafio_senai\\projects\\technology-solutions-api\\api\\vendor\\laravel\\framework\\src\\Illuminate\\Container\\BoundMethod.php(36): Illuminate\\Database\\Console\\Migrations\\MigrateCommand->handle()
#21 D:\\Users\\Raphael\\Desktop\\desafio_senai\\projects\\technology-solutions-api\\api\\vendor\\laravel\\framework\\src\\Illuminate\\Container\\Util.php(43): Illuminate\\Container\\BoundMethod::Illuminate\\Container\\{closure}()
#22 D:\\Users\\Raphael\\Desktop\\desafio_senai\\projects\\technology-solutions-api\\api\\vendor\\laravel\\framework\\src\\Illuminate\\Container\\BoundMethod.php(95): Illuminate\\Container\\Util::unwrapIfClosure(Object(Closure))
#23 D:\\Users\\Raphael\\Desktop\\desafio_senai\\projects\\technology-solutions-api\\api\\vendor\\laravel\\framework\\src\\Illuminate\\Container\\BoundMethod.php(35): Illuminate\\Container\\BoundMethod::callBoundMethod(Object(Illuminate\\Foundation\\Application), Array, Object(Closure))
#24 D:\\Users\\Raphael\\Desktop\\desafio_senai\\projects\\technology-solutions-api\\api\\vendor\\laravel\\framework\\src\\Illuminate\\Container\\Container.php(754): Illuminate\\Container\\BoundMethod::call(Object(Illuminate\\Foundation\\Application), Array, Array, NULL)
#25 D:\\Users\\Raphael\\Desktop\\desafio_senai\\projects\\technology-solutions-api\\api\\vendor\\laravel\\framework\\src\\Illuminate\\Console\\Command.php(213): Illuminate\\Container\\Container->call(Array)
#26 D:\\Users\\Raphael\\Desktop\\desafio_senai\\projects\\technology-solutions-api\\api\\vendor\\symfony\\console\\Command\\Command.php(279): Illuminate\\Console\\Command->execute(Object(Symfony\\Component\\Console\\Input\\ArgvInput), Object(Illuminate\\Console\\OutputStyle))
#27 D:\\Users\\Raphael\\Desktop\\desafio_senai\\projects\\technology-solutions-api\\api\\vendor\\laravel\\framework\\src\\Illuminate\\Console\\Command.php(182): Symfony\\Component\\Console\\Command\\Command->run(Object(Symfony\\Component\\Console\\Input\\ArgvInput), Object(Illuminate\\Console\\OutputStyle))
#28 D:\\Users\\Raphael\\Desktop\\desafio_senai\\projects\\technology-solutions-api\\api\\vendor\\symfony\\console\\Application.php(1094): Illuminate\\Console\\Command->run(Object(Symfony\\Component\\Console\\Input\\ArgvInput), Object(Symfony\\Component\\Console\\Output\\ConsoleOutput))
#29 D:\\Users\\Raphael\\Desktop\\desafio_senai\\projects\\technology-solutions-api\\api\\vendor\\symfony\\console\\Application.php(342): Symfony\\Component\\Console\\Application->doRunCommand(Object(Illuminate\\Database\\Console\\Migrations\\MigrateCommand), Object(Symfony\\Component\\Console\\Input\\ArgvInput), Object(Symfony\\Component\\Console\\Output\\ConsoleOutput))
#30 D:\\Users\\Raphael\\Desktop\\desafio_senai\\projects\\technology-solutions-api\\api\\vendor\\symfony\\console\\Application.php(193): Symfony\\Component\\Console\\Application->doRun(Object(Symfony\\Component\\Console\\Input\\ArgvInput), Object(Symfony\\Component\\Console\\Output\\ConsoleOutput))
#31 D:\\Users\\Raphael\\Desktop\\desafio_senai\\projects\\technology-solutions-api\\api\\vendor\\laravel\\framework\\src\\Illuminate\\Foundation\\Console\\Kernel.php(198): Symfony\\Component\\Console\\Application->run(Object(Symfony\\Component\\Console\\Input\\ArgvInput), Object(Symfony\\Component\\Console\\Output\\ConsoleOutput))
#32 D:\\Users\\Raphael\\Desktop\\desafio_senai\\projects\\technology-solutions-api\\api\\vendor\\laravel\\framework\\src\\Illuminate\\Foundation\\Application.php(1235): Illuminate\\Foundation\\Console\\Kernel->handle(Object(Symfony\\Component\\Console\\Input\\ArgvInput), Object(Symfony\\Component\\Console\\Output\\ConsoleOutput))
#33 D:\\Users\\Raphael\\Desktop\\desafio_senai\\projects\\technology-solutions-api\\api\\artisan(16): Illuminate\\Foundation\\Application->handleCommand(Object(Symfony\\Component\\Console\\Input\\ArgvInput))
#34 {main}

[previous exception] [object] (PDOException(code: 42S21): SQLSTATE[42S21]: Column already exists: 1060 Duplicate column name 'user_type_id' at D:\\Users\\Raphael\\Desktop\\desafio_senai\\projects\\technology-solutions-api\\api\\vendor\\laravel\\framework\\src\\Illuminate\\Database\\Connection.php:569)
[stacktrace]
#0 D:\\Users\\Raphael\\Desktop\\desafio_senai\\projects\\technology-solutions-api\\api\\vendor\\laravel\\framework\\src\\Illuminate\\Database\\Connection.php(569): PDOStatement->execute()
#1 D:\\Users\\Raphael\\Desktop\\desafio_senai\\projects\\technology-solutions-api\\api\\vendor\\laravel\\framework\\src\\Illuminate\\Database\\Connection.php(810): Illuminate\\Database\\Connection->Illuminate\\Database\\{closure}('alter table `us...', Array)
#2 D:\\Users\\Raphael\\Desktop\\desafio_senai\\projects\\technology-solutions-api\\api\\vendor\\laravel\\framework\\src\\Illuminate\\Database\\Connection.php(777): Illuminate\\Database\\Connection->runQueryCallback('alter table `us...', Array, Object(Closure))
#3 D:\\Users\\Raphael\\Desktop\\desafio_senai\\projects\\technology-solutions-api\\api\\vendor\\laravel\\framework\\src\\Illuminate\\Database\\Connection.php(558): Illuminate\\Database\\Connection->run('alter table `us...', Array, Object(Closure))
#4 D:\\Users\\Raphael\\Desktop\\desafio_senai\\projects\\technology-solutions-api\\api\\vendor\\laravel\\framework\\src\\Illuminate\\Database\\Schema\\Blueprint.php(120): Illuminate\\Database\\Connection->statement('alter table `us...')
#5 D:\\Users\\Raphael\\Desktop\\desafio_senai\\projects\\technology-solutions-api\\api\\vendor\\laravel\\framework\\src\\Illuminate\\Database\\Schema\\Builder.php(619): Illuminate\\Database\\Schema\\Blueprint->build()
#6 D:\\Users\\Raphael\\Desktop\\desafio_senai\\projects\\technology-solutions-api\\api\\vendor\\laravel\\framework\\src\\Illuminate\\Database\\Schema\\Builder.php(461): Illuminate\\Database\\Schema\\Builder->build(Object(Illuminate\\Database\\Schema\\Blueprint))
#7 D:\\Users\\Raphael\\Desktop\\desafio_senai\\projects\\technology-solutions-api\\api\\vendor\\laravel\\framework\\src\\Illuminate\\Support\\Facades\\Facade.php(361): Illuminate\\Database\\Schema\\Builder->table('users', Object(Closure))
#8 D:\\Users\\Raphael\\Desktop\\desafio_senai\\projects\\technology-solutions-api\\api\\database\\migrations\\2025_02_27_012726_update_users_table.php(14): Illuminate\\Support\\Facades\\Facade::__callStatic('table', Array)
#9 D:\\Users\\Raphael\\Desktop\\desafio_senai\\projects\\technology-solutions-api\\api\\vendor\\laravel\\framework\\src\\Illuminate\\Database\\Migrations\\Migrator.php(507): Illuminate\\Database\\Migrations\\Migration@anonymous->up()
#10 D:\\Users\\Raphael\\Desktop\\desafio_senai\\projects\\technology-solutions-api\\api\\vendor\\laravel\\framework\\src\\Illuminate\\Database\\Migrations\\Migrator.php(432): Illuminate\\Database\\Migrations\\Migrator->runMethod(Object(Illuminate\\Database\\MySqlConnection), Object(Illuminate\\Database\\Migrations\\Migration@anonymous), 'up')
#11 D:\\Users\\Raphael\\Desktop\\desafio_senai\\projects\\technology-solutions-api\\api\\vendor\\laravel\\framework\\src\\Illuminate\\Database\\Migrations\\Migrator.php(441): Illuminate\\Database\\Migrations\\Migrator->Illuminate\\Database\\Migrations\\{closure}()
#12 D:\\Users\\Raphael\\Desktop\\desafio_senai\\projects\\technology-solutions-api\\api\\vendor\\laravel\\framework\\src\\Illuminate\\Database\\Migrations\\Migrator.php(244): Illuminate\\Database\\Migrations\\Migrator->runMigration(Object(Illuminate\\Database\\Migrations\\Migration@anonymous), 'up')
#13 D:\\Users\\Raphael\\Desktop\\desafio_senai\\projects\\technology-solutions-api\\api\\vendor\\laravel\\framework\\src\\Illuminate\\Console\\View\\Components\\Task.php(40): Illuminate\\Database\\Migrations\\Migrator->Illuminate\\Database\\Migrations\\{closure}()
#14 D:\\Users\\Raphael\\Desktop\\desafio_senai\\projects\\technology-solutions-api\\api\\vendor\\laravel\\framework\\src\\Illuminate\\Database\\Migrations\\Migrator.php(798): Illuminate\\Console\\View\\Components\\Task->render('2025_02_27_0127...', Object(Closure))
#15 D:\\Users\\Raphael\\Desktop\\desafio_senai\\projects\\technology-solutions-api\\api\\vendor\\laravel\\framework\\src\\Illuminate\\Database\\Migrations\\Migrator.php(244): Illuminate\\Database\\Migrations\\Migrator->write('Illuminate\\\\Cons...', '2025_02_27_0127...', Object(Closure))
#16 D:\\Users\\Raphael\\Desktop\\desafio_senai\\projects\\technology-solutions-api\\api\\vendor\\laravel\\framework\\src\\Illuminate\\Database\\Migrations\\Migrator.php(211): Illuminate\\Database\\Migrations\\Migrator->runUp('D:\\\\Users\\\\Raphae...', 3, false)
#17 D:\\Users\\Raphael\\Desktop\\desafio_senai\\projects\\technology-solutions-api\\api\\vendor\\laravel\\framework\\src\\Illuminate\\Database\\Migrations\\Migrator.php(138): Illuminate\\Database\\Migrations\\Migrator->runPending(Array, Array)
#18 D:\\Users\\Raphael\\Desktop\\desafio_senai\\projects\\technology-solutions-api\\api\\vendor\\laravel\\framework\\src\\Illuminate\\Database\\Console\\Migrations\\MigrateCommand.php(117): Illuminate\\Database\\Migrations\\Migrator->run(Array, Array)
#19 D:\\Users\\Raphael\\Desktop\\desafio_senai\\projects\\technology-solutions-api\\api\\vendor\\laravel\\framework\\src\\Illuminate\\Database\\Migrations\\Migrator.php(658): Illuminate\\Database\\Console\\Migrations\\MigrateCommand->Illuminate\\Database\\Console\\Migrations\\{closure}()
#20 D:\\Users\\Raphael\\Desktop\\desafio_senai\\projects\\technology-solutions-api\\api\\vendor\\laravel\\framework\\src\\Illuminate\\Database\\Console\\Migrations\\MigrateCommand.php(110): Illuminate\\Database\\Migrations\\Migrator->usingConnection(NULL, Object(Closure))
#21 D:\\Users\\Raphael\\Desktop\\desafio_senai\\projects\\technology-solutions-api\\api\\vendor\\laravel\\framework\\src\\Illuminate\\Database\\Console\\Migrations\\MigrateCommand.php(89): Illuminate\\Database\\Console\\Migrations\\MigrateCommand->runMigrations()
#22 D:\\Users\\Raphael\\Desktop\\desafio_senai\\projects\\technology-solutions-api\\api\\vendor\\laravel\\framework\\src\\Illuminate\\Container\\BoundMethod.php(36): Illuminate\\Database\\Console\\Migrations\\MigrateCommand->handle()
#23 D:\\Users\\Raphael\\Desktop\\desafio_senai\\projects\\technology-solutions-api\\api\\vendor\\laravel\\framework\\src\\Illuminate\\Container\\Util.php(43): Illuminate\\Container\\BoundMethod::Illuminate\\Container\\{closure}()
#24 D:\\Users\\Raphael\\Desktop\\desafio_senai\\projects\\technology-solutions-api\\api\\vendor\\laravel\\framework\\src\\Illuminate\\Container\\BoundMethod.php(95): Illuminate\\Container\\Util::unwrapIfClosure(Object(Closure))
#25 D:\\Users\\Raphael\\Desktop\\desafio_senai\\projects\\technology-solutions-api\\api\\vendor\\laravel\\framework\\src\\Illuminate\\Container\\BoundMethod.php(35): Illuminate\\Container\\BoundMethod::callBoundMethod(Object(Illuminate\\Foundation\\Application), Array, Object(Closure))
#26 D:\\Users\\Raphael\\Desktop\\desafio_senai\\projects\\technology-solutions-api\\api\\vendor\\laravel\\framework\\src\\Illuminate\\Container\\Container.php(754): Illuminate\\Container\\BoundMethod::call(Object(Illuminate\\Foundation\\Application), Array, Array, NULL)
#27 D:\\Users\\Raphael\\Desktop\\desafio_senai\\projects\\technology-solutions-api\\api\\vendor\\laravel\\framework\\src\\Illuminate\\Console\\Command.php(213): Illuminate\\Container\\Container->call(Array)
#28 D:\\Users\\Raphael\\Desktop\\desafio_senai\\projects\\technology-solutions-api\\api\\vendor\\symfony\\console\\Command\\Command.php(279): Illuminate\\Console\\Command->execute(Object(Symfony\\Component\\Console\\Input\\ArgvInput), Object(Illuminate\\Console\\OutputStyle))
#29 D:\\Users\\Raphael\\Desktop\\desafio_senai\\projects\\technology-solutions-api\\api\\vendor\\laravel\\framework\\src\\Illuminate\\Console\\Command.php(182): Symfony\\Component\\Console\\Command\\Command->run(Object(Symfony\\Component\\Console\\Input\\ArgvInput), Object(Illuminate\\Console\\OutputStyle))
#30 D:\\Users\\Raphael\\Desktop\\desafio_senai\\projects\\technology-solutions-api\\api\\vendor\\symfony\\console\\Application.php(1094): Illuminate\\Console\\Command->run(Object(Symfony\\Component\\Console\\Input\\ArgvInput), Object(Symfony\\Component\\Console\\Output\\ConsoleOutput))
#31 D:\\Users\\Raphael\\Desktop\\desafio_senai\\projects\\technology-solutions-api\\api\\vendor\\symfony\\console\\Application.php(342): Symfony\\Component\\Console\\Application->doRunCommand(Object(Illuminate\\Database\\Console\\Migrations\\MigrateCommand), Object(Symfony\\Component\\Console\\Input\\ArgvInput), Object(Symfony\\Component\\Console\\Output\\ConsoleOutput))
#32 D:\\Users\\Raphael\\Desktop\\desafio_senai\\projects\\technology-solutions-api\\api\\vendor\\symfony\\console\\Application.php(193): Symfony\\Component\\Console\\Application->doRun(Object(Symfony\\Component\\Console\\Input\\ArgvInput), Object(Symfony\\Component\\Console\\Output\\ConsoleOutput))
#33 D:\\Users\\Raphael\\Desktop\\desafio_senai\\projects\\technology-solutions-api\\api\\vendor\\laravel\\framework\\src\\Illuminate\\Foundation\\Console\\Kernel.php(198): Symfony\\Component\\Console\\Application->run(Object(Symfony\\Component\\Console\\Input\\ArgvInput), Object(Symfony\\Component\\Console\\Output\\ConsoleOutput))
#34 D:\\Users\\Raphael\\Desktop\\desafio_senai\\projects\\technology-solutions-api\\api\\vendor\\laravel\\framework\\src\\Illuminate\\Foundation\\Application.php(1235): Illuminate\\Foundation\\Console\\Kernel->handle(Object(Symfony\\Component\\Console\\Input\\ArgvInput), Object(Symfony\\Component\\Console\\Output\\ConsoleOutput))
#35 D:\\Users\\Raphael\\Desktop\\desafio_senai\\projects\\technology-solutions-api\\api\\artisan(16): Illuminate\\Foundation\\Application->handleCommand(Object(Symfony\\Component\\Console\\Input\\ArgvInput))
#36 {main}
"} 
[2025-02-27 12:27:07] local.ERROR: SQLSTATE[42000]: Syntax error or access violation: 1064 You have an error in your SQL syntax; check the manual that corresponds to your MariaDB server version for the right syntax to use near '+ INTERVAL 24 HOUR, primary key (`id`)) default character set utf8mb4 collate...' at line 1 (Connection: mysql, SQL: create table `convites` (`id` bigint unsigned not null auto_increment, `email` varchar(150) not null, `user_id` bigint unsigned not null, `token` varchar(255) not null, `status_id` bigint unsigned not null, `created_at` timestamp null, `updated_at` timestamp null, `expires_at` timestamp not null default CURRENT_TIMESTAMP + INTERVAL 24 HOUR, primary key (`id`)) default character set utf8mb4 collate 'utf8mb4_unicode_ci') {"exception":"[object] (Illuminate\\Database\\QueryException(code: 42000): SQLSTATE[42000]: Syntax error or access violation: 1064 You have an error in your SQL syntax; check the manual that corresponds to your MariaDB server version for the right syntax to use near '+ INTERVAL 24 HOUR, primary key (`id`)) default character set utf8mb4 collate...' at line 1 (Connection: mysql, SQL: create table `convites` (`id` bigint unsigned not null auto_increment, `email` varchar(150) not null, `user_id` bigint unsigned not null, `token` varchar(255) not null, `status_id` bigint unsigned not null, `created_at` timestamp null, `updated_at` timestamp null, `expires_at` timestamp not null default CURRENT_TIMESTAMP + INTERVAL 24 HOUR, primary key (`id`)) default character set utf8mb4 collate 'utf8mb4_unicode_ci') at D:\\Users\\Raphael\\Desktop\\desafio_senai\\projects\\technology-solutions-api\\api\\vendor\\laravel\\framework\\src\\Illuminate\\Database\\Connection.php:823)
[stacktrace]
#0 D:\\Users\\Raphael\\Desktop\\desafio_senai\\projects\\technology-solutions-api\\api\\vendor\\laravel\\framework\\src\\Illuminate\\Database\\Connection.php(777): Illuminate\\Database\\Connection->runQueryCallback('create table `c...', Array, Object(Closure))
#1 D:\\Users\\Raphael\\Desktop\\desafio_senai\\projects\\technology-solutions-api\\api\\vendor\\laravel\\framework\\src\\Illuminate\\Database\\Connection.php(558): Illuminate\\Database\\Connection->run('create table `c...', Array, Object(Closure))
#2 D:\\Users\\Raphael\\Desktop\\desafio_senai\\projects\\technology-solutions-api\\api\\vendor\\laravel\\framework\\src\\Illuminate\\Database\\Schema\\Blueprint.php(120): Illuminate\\Database\\Connection->statement('create table `c...')
#3 D:\\Users\\Raphael\\Desktop\\desafio_senai\\projects\\technology-solutions-api\\api\\vendor\\laravel\\framework\\src\\Illuminate\\Database\\Schema\\Builder.php(619): Illuminate\\Database\\Schema\\Blueprint->build()
#4 D:\\Users\\Raphael\\Desktop\\desafio_senai\\projects\\technology-solutions-api\\api\\vendor\\laravel\\framework\\src\\Illuminate\\Database\\Schema\\Builder.php(473): Illuminate\\Database\\Schema\\Builder->build(Object(Illuminate\\Database\\Schema\\Blueprint))
#5 D:\\Users\\Raphael\\Desktop\\desafio_senai\\projects\\technology-solutions-api\\api\\vendor\\laravel\\framework\\src\\Illuminate\\Support\\Facades\\Facade.php(361): Illuminate\\Database\\Schema\\Builder->create('convites', Object(Closure))
#6 D:\\Users\\Raphael\\Desktop\\desafio_senai\\projects\\technology-solutions-api\\api\\database\\migrations\\2025_02_27_121036_create_convites.php(15): Illuminate\\Support\\Facades\\Facade::__callStatic('create', Array)
#7 D:\\Users\\Raphael\\Desktop\\desafio_senai\\projects\\technology-solutions-api\\api\\vendor\\laravel\\framework\\src\\Illuminate\\Database\\Migrations\\Migrator.php(507): Illuminate\\Database\\Migrations\\Migration@anonymous->up()
#8 D:\\Users\\Raphael\\Desktop\\desafio_senai\\projects\\technology-solutions-api\\api\\vendor\\laravel\\framework\\src\\Illuminate\\Database\\Migrations\\Migrator.php(432): Illuminate\\Database\\Migrations\\Migrator->runMethod(Object(Illuminate\\Database\\MySqlConnection), Object(Illuminate\\Database\\Migrations\\Migration@anonymous), 'up')
#9 D:\\Users\\Raphael\\Desktop\\desafio_senai\\projects\\technology-solutions-api\\api\\vendor\\laravel\\framework\\src\\Illuminate\\Database\\Migrations\\Migrator.php(441): Illuminate\\Database\\Migrations\\Migrator->Illuminate\\Database\\Migrations\\{closure}()
#10 D:\\Users\\Raphael\\Desktop\\desafio_senai\\projects\\technology-solutions-api\\api\\vendor\\laravel\\framework\\src\\Illuminate\\Database\\Migrations\\Migrator.php(244): Illuminate\\Database\\Migrations\\Migrator->runMigration(Object(Illuminate\\Database\\Migrations\\Migration@anonymous), 'up')
#11 D:\\Users\\Raphael\\Desktop\\desafio_senai\\projects\\technology-solutions-api\\api\\vendor\\laravel\\framework\\src\\Illuminate\\Console\\View\\Components\\Task.php(40): Illuminate\\Database\\Migrations\\Migrator->Illuminate\\Database\\Migrations\\{closure}()
#12 D:\\Users\\Raphael\\Desktop\\desafio_senai\\projects\\technology-solutions-api\\api\\vendor\\laravel\\framework\\src\\Illuminate\\Database\\Migrations\\Migrator.php(798): Illuminate\\Console\\View\\Components\\Task->render('2025_02_27_1210...', Object(Closure))
#13 D:\\Users\\Raphael\\Desktop\\desafio_senai\\projects\\technology-solutions-api\\api\\vendor\\laravel\\framework\\src\\Illuminate\\Database\\Migrations\\Migrator.php(244): Illuminate\\Database\\Migrations\\Migrator->write('Illuminate\\\\Cons...', '2025_02_27_1210...', Object(Closure))
#14 D:\\Users\\Raphael\\Desktop\\desafio_senai\\projects\\technology-solutions-api\\api\\vendor\\laravel\\framework\\src\\Illuminate\\Database\\Migrations\\Migrator.php(211): Illuminate\\Database\\Migrations\\Migrator->runUp('D:\\\\Users\\\\Raphae...', 1, false)
#15 D:\\Users\\Raphael\\Desktop\\desafio_senai\\projects\\technology-solutions-api\\api\\vendor\\laravel\\framework\\src\\Illuminate\\Database\\Migrations\\Migrator.php(138): Illuminate\\Database\\Migrations\\Migrator->runPending(Array, Array)
#16 D:\\Users\\Raphael\\Desktop\\desafio_senai\\projects\\technology-solutions-api\\api\\vendor\\laravel\\framework\\src\\Illuminate\\Database\\Console\\Migrations\\MigrateCommand.php(117): Illuminate\\Database\\Migrations\\Migrator->run(Array, Array)
#17 D:\\Users\\Raphael\\Desktop\\desafio_senai\\projects\\technology-solutions-api\\api\\vendor\\laravel\\framework\\src\\Illuminate\\Database\\Migrations\\Migrator.php(658): Illuminate\\Database\\Console\\Migrations\\MigrateCommand->Illuminate\\Database\\Console\\Migrations\\{closure}()
#18 D:\\Users\\Raphael\\Desktop\\desafio_senai\\projects\\technology-solutions-api\\api\\vendor\\laravel\\framework\\src\\Illuminate\\Database\\Console\\Migrations\\MigrateCommand.php(110): Illuminate\\Database\\Migrations\\Migrator->usingConnection(NULL, Object(Closure))
#19 D:\\Users\\Raphael\\Desktop\\desafio_senai\\projects\\technology-solutions-api\\api\\vendor\\laravel\\framework\\src\\Illuminate\\Database\\Console\\Migrations\\MigrateCommand.php(89): Illuminate\\Database\\Console\\Migrations\\MigrateCommand->runMigrations()
#20 D:\\Users\\Raphael\\Desktop\\desafio_senai\\projects\\technology-solutions-api\\api\\vendor\\laravel\\framework\\src\\Illuminate\\Container\\BoundMethod.php(36): Illuminate\\Database\\Console\\Migrations\\MigrateCommand->handle()
#21 D:\\Users\\Raphael\\Desktop\\desafio_senai\\projects\\technology-solutions-api\\api\\vendor\\laravel\\framework\\src\\Illuminate\\Container\\Util.php(43): Illuminate\\Container\\BoundMethod::Illuminate\\Container\\{closure}()
#22 D:\\Users\\Raphael\\Desktop\\desafio_senai\\projects\\technology-solutions-api\\api\\vendor\\laravel\\framework\\src\\Illuminate\\Container\\BoundMethod.php(95): Illuminate\\Container\\Util::unwrapIfClosure(Object(Closure))
#23 D:\\Users\\Raphael\\Desktop\\desafio_senai\\projects\\technology-solutions-api\\api\\vendor\\laravel\\framework\\src\\Illuminate\\Container\\BoundMethod.php(35): Illuminate\\Container\\BoundMethod::callBoundMethod(Object(Illuminate\\Foundation\\Application), Array, Object(Closure))
#24 D:\\Users\\Raphael\\Desktop\\desafio_senai\\projects\\technology-solutions-api\\api\\vendor\\laravel\\framework\\src\\Illuminate\\Container\\Container.php(754): Illuminate\\Container\\BoundMethod::call(Object(Illuminate\\Foundation\\Application), Array, Array, NULL)
#25 D:\\Users\\Raphael\\Desktop\\desafio_senai\\projects\\technology-solutions-api\\api\\vendor\\laravel\\framework\\src\\Illuminate\\Console\\Command.php(213): Illuminate\\Container\\Container->call(Array)
#26 D:\\Users\\Raphael\\Desktop\\desafio_senai\\projects\\technology-solutions-api\\api\\vendor\\symfony\\console\\Command\\Command.php(279): Illuminate\\Console\\Command->execute(Object(Symfony\\Component\\Console\\Input\\ArgvInput), Object(Illuminate\\Console\\OutputStyle))
#27 D:\\Users\\Raphael\\Desktop\\desafio_senai\\projects\\technology-solutions-api\\api\\vendor\\laravel\\framework\\src\\Illuminate\\Console\\Command.php(182): Symfony\\Component\\Console\\Command\\Command->run(Object(Symfony\\Component\\Console\\Input\\ArgvInput), Object(Illuminate\\Console\\OutputStyle))
#28 D:\\Users\\Raphael\\Desktop\\desafio_senai\\projects\\technology-solutions-api\\api\\vendor\\symfony\\console\\Application.php(1094): Illuminate\\Console\\Command->run(Object(Symfony\\Component\\Console\\Input\\ArgvInput), Object(Symfony\\Component\\Console\\Output\\ConsoleOutput))
#29 D:\\Users\\Raphael\\Desktop\\desafio_senai\\projects\\technology-solutions-api\\api\\vendor\\symfony\\console\\Application.php(342): Symfony\\Component\\Console\\Application->doRunCommand(Object(Illuminate\\Database\\Console\\Migrations\\MigrateCommand), Object(Symfony\\Component\\Console\\Input\\ArgvInput), Object(Symfony\\Component\\Console\\Output\\ConsoleOutput))
#30 D:\\Users\\Raphael\\Desktop\\desafio_senai\\projects\\technology-solutions-api\\api\\vendor\\symfony\\console\\Application.php(193): Symfony\\Component\\Console\\Application->doRun(Object(Symfony\\Component\\Console\\Input\\ArgvInput), Object(Symfony\\Component\\Console\\Output\\ConsoleOutput))
#31 D:\\Users\\Raphael\\Desktop\\desafio_senai\\projects\\technology-solutions-api\\api\\vendor\\laravel\\framework\\src\\Illuminate\\Foundation\\Console\\Kernel.php(198): Symfony\\Component\\Console\\Application->run(Object(Symfony\\Component\\Console\\Input\\ArgvInput), Object(Symfony\\Component\\Console\\Output\\ConsoleOutput))
#32 D:\\Users\\Raphael\\Desktop\\desafio_senai\\projects\\technology-solutions-api\\api\\vendor\\laravel\\framework\\src\\Illuminate\\Foundation\\Application.php(1235): Illuminate\\Foundation\\Console\\Kernel->handle(Object(Symfony\\Component\\Console\\Input\\ArgvInput), Object(Symfony\\Component\\Console\\Output\\ConsoleOutput))
#33 D:\\Users\\Raphael\\Desktop\\desafio_senai\\projects\\technology-solutions-api\\api\\artisan(16): Illuminate\\Foundation\\Application->handleCommand(Object(Symfony\\Component\\Console\\Input\\ArgvInput))
#34 {main}

[previous exception] [object] (PDOException(code: 42000): SQLSTATE[42000]: Syntax error or access violation: 1064 You have an error in your SQL syntax; check the manual that corresponds to your MariaDB server version for the right syntax to use near '+ INTERVAL 24 HOUR, primary key (`id`)) default character set utf8mb4 collate...' at line 1 at D:\\Users\\Raphael\\Desktop\\desafio_senai\\projects\\technology-solutions-api\\api\\vendor\\laravel\\framework\\src\\Illuminate\\Database\\Connection.php:563)
[stacktrace]
#0 D:\\Users\\Raphael\\Desktop\\desafio_senai\\projects\\technology-solutions-api\\api\\vendor\\laravel\\framework\\src\\Illuminate\\Database\\Connection.php(563): PDO->prepare('create table `c...')
#1 D:\\Users\\Raphael\\Desktop\\desafio_senai\\projects\\technology-solutions-api\\api\\vendor\\laravel\\framework\\src\\Illuminate\\Database\\Connection.php(810): Illuminate\\Database\\Connection->Illuminate\\Database\\{closure}('create table `c...', Array)
#2 D:\\Users\\Raphael\\Desktop\\desafio_senai\\projects\\technology-solutions-api\\api\\vendor\\laravel\\framework\\src\\Illuminate\\Database\\Connection.php(777): Illuminate\\Database\\Connection->runQueryCallback('create table `c...', Array, Object(Closure))
#3 D:\\Users\\Raphael\\Desktop\\desafio_senai\\projects\\technology-solutions-api\\api\\vendor\\laravel\\framework\\src\\Illuminate\\Database\\Connection.php(558): Illuminate\\Database\\Connection->run('create table `c...', Array, Object(Closure))
#4 D:\\Users\\Raphael\\Desktop\\desafio_senai\\projects\\technology-solutions-api\\api\\vendor\\laravel\\framework\\src\\Illuminate\\Database\\Schema\\Blueprint.php(120): Illuminate\\Database\\Connection->statement('create table `c...')
#5 D:\\Users\\Raphael\\Desktop\\desafio_senai\\projects\\technology-solutions-api\\api\\vendor\\laravel\\framework\\src\\Illuminate\\Database\\Schema\\Builder.php(619): Illuminate\\Database\\Schema\\Blueprint->build()
#6 D:\\Users\\Raphael\\Desktop\\desafio_senai\\projects\\technology-solutions-api\\api\\vendor\\laravel\\framework\\src\\Illuminate\\Database\\Schema\\Builder.php(473): Illuminate\\Database\\Schema\\Builder->build(Object(Illuminate\\Database\\Schema\\Blueprint))
#7 D:\\Users\\Raphael\\Desktop\\desafio_senai\\projects\\technology-solutions-api\\api\\vendor\\laravel\\framework\\src\\Illuminate\\Support\\Facades\\Facade.php(361): Illuminate\\Database\\Schema\\Builder->create('convites', Object(Closure))
#8 D:\\Users\\Raphael\\Desktop\\desafio_senai\\projects\\technology-solutions-api\\api\\database\\migrations\\2025_02_27_121036_create_convites.php(15): Illuminate\\Support\\Facades\\Facade::__callStatic('create', Array)
#9 D:\\Users\\Raphael\\Desktop\\desafio_senai\\projects\\technology-solutions-api\\api\\vendor\\laravel\\framework\\src\\Illuminate\\Database\\Migrations\\Migrator.php(507): Illuminate\\Database\\Migrations\\Migration@anonymous->up()
#10 D:\\Users\\Raphael\\Desktop\\desafio_senai\\projects\\technology-solutions-api\\api\\vendor\\laravel\\framework\\src\\Illuminate\\Database\\Migrations\\Migrator.php(432): Illuminate\\Database\\Migrations\\Migrator->runMethod(Object(Illuminate\\Database\\MySqlConnection), Object(Illuminate\\Database\\Migrations\\Migration@anonymous), 'up')
#11 D:\\Users\\Raphael\\Desktop\\desafio_senai\\projects\\technology-solutions-api\\api\\vendor\\laravel\\framework\\src\\Illuminate\\Database\\Migrations\\Migrator.php(441): Illuminate\\Database\\Migrations\\Migrator->Illuminate\\Database\\Migrations\\{closure}()
#12 D:\\Users\\Raphael\\Desktop\\desafio_senai\\projects\\technology-solutions-api\\api\\vendor\\laravel\\framework\\src\\Illuminate\\Database\\Migrations\\Migrator.php(244): Illuminate\\Database\\Migrations\\Migrator->runMigration(Object(Illuminate\\Database\\Migrations\\Migration@anonymous), 'up')
#13 D:\\Users\\Raphael\\Desktop\\desafio_senai\\projects\\technology-solutions-api\\api\\vendor\\laravel\\framework\\src\\Illuminate\\Console\\View\\Components\\Task.php(40): Illuminate\\Database\\Migrations\\Migrator->Illuminate\\Database\\Migrations\\{closure}()
#14 D:\\Users\\Raphael\\Desktop\\desafio_senai\\projects\\technology-solutions-api\\api\\vendor\\laravel\\framework\\src\\Illuminate\\Database\\Migrations\\Migrator.php(798): Illuminate\\Console\\View\\Components\\Task->render('2025_02_27_1210...', Object(Closure))
#15 D:\\Users\\Raphael\\Desktop\\desafio_senai\\projects\\technology-solutions-api\\api\\vendor\\laravel\\framework\\src\\Illuminate\\Database\\Migrations\\Migrator.php(244): Illuminate\\Database\\Migrations\\Migrator->write('Illuminate\\\\Cons...', '2025_02_27_1210...', Object(Closure))
#16 D:\\Users\\Raphael\\Desktop\\desafio_senai\\projects\\technology-solutions-api\\api\\vendor\\laravel\\framework\\src\\Illuminate\\Database\\Migrations\\Migrator.php(211): Illuminate\\Database\\Migrations\\Migrator->runUp('D:\\\\Users\\\\Raphae...', 1, false)
#17 D:\\Users\\Raphael\\Desktop\\desafio_senai\\projects\\technology-solutions-api\\api\\vendor\\laravel\\framework\\src\\Illuminate\\Database\\Migrations\\Migrator.php(138): Illuminate\\Database\\Migrations\\Migrator->runPending(Array, Array)
#18 D:\\Users\\Raphael\\Desktop\\desafio_senai\\projects\\technology-solutions-api\\api\\vendor\\laravel\\framework\\src\\Illuminate\\Database\\Console\\Migrations\\MigrateCommand.php(117): Illuminate\\Database\\Migrations\\Migrator->run(Array, Array)
#19 D:\\Users\\Raphael\\Desktop\\desafio_senai\\projects\\technology-solutions-api\\api\\vendor\\laravel\\framework\\src\\Illuminate\\Database\\Migrations\\Migrator.php(658): Illuminate\\Database\\Console\\Migrations\\MigrateCommand->Illuminate\\Database\\Console\\Migrations\\{closure}()
#20 D:\\Users\\Raphael\\Desktop\\desafio_senai\\projects\\technology-solutions-api\\api\\vendor\\laravel\\framework\\src\\Illuminate\\Database\\Console\\Migrations\\MigrateCommand.php(110): Illuminate\\Database\\Migrations\\Migrator->usingConnection(NULL, Object(Closure))
#21 D:\\Users\\Raphael\\Desktop\\desafio_senai\\projects\\technology-solutions-api\\api\\vendor\\laravel\\framework\\src\\Illuminate\\Database\\Console\\Migrations\\MigrateCommand.php(89): Illuminate\\Database\\Console\\Migrations\\MigrateCommand->runMigrations()
#22 D:\\Users\\Raphael\\Desktop\\desafio_senai\\projects\\technology-solutions-api\\api\\vendor\\laravel\\framework\\src\\Illuminate\\Container\\BoundMethod.php(36): Illuminate\\Database\\Console\\Migrations\\MigrateCommand->handle()
#23 D:\\Users\\Raphael\\Desktop\\desafio_senai\\projects\\technology-solutions-api\\api\\vendor\\laravel\\framework\\src\\Illuminate\\Container\\Util.php(43): Illuminate\\Container\\BoundMethod::Illuminate\\Container\\{closure}()
#24 D:\\Users\\Raphael\\Desktop\\desafio_senai\\projects\\technology-solutions-api\\api\\vendor\\laravel\\framework\\src\\Illuminate\\Container\\BoundMethod.php(95): Illuminate\\Container\\Util::unwrapIfClosure(Object(Closure))
#25 D:\\Users\\Raphael\\Desktop\\desafio_senai\\projects\\technology-solutions-api\\api\\vendor\\laravel\\framework\\src\\Illuminate\\Container\\BoundMethod.php(35): Illuminate\\Container\\BoundMethod::callBoundMethod(Object(Illuminate\\Foundation\\Application), Array, Object(Closure))
#26 D:\\Users\\Raphael\\Desktop\\desafio_senai\\projects\\technology-solutions-api\\api\\vendor\\laravel\\framework\\src\\Illuminate\\Container\\Container.php(754): Illuminate\\Container\\BoundMethod::call(Object(Illuminate\\Foundation\\Application), Array, Array, NULL)
#27 D:\\Users\\Raphael\\Desktop\\desafio_senai\\projects\\technology-solutions-api\\api\\vendor\\laravel\\framework\\src\\Illuminate\\Console\\Command.php(213): Illuminate\\Container\\Container->call(Array)
#28 D:\\Users\\Raphael\\Desktop\\desafio_senai\\projects\\technology-solutions-api\\api\\vendor\\symfony\\console\\Command\\Command.php(279): Illuminate\\Console\\Command->execute(Object(Symfony\\Component\\Console\\Input\\ArgvInput), Object(Illuminate\\Console\\OutputStyle))
#29 D:\\Users\\Raphael\\Desktop\\desafio_senai\\projects\\technology-solutions-api\\api\\vendor\\laravel\\framework\\src\\Illuminate\\Console\\Command.php(182): Symfony\\Component\\Console\\Command\\Command->run(Object(Symfony\\Component\\Console\\Input\\ArgvInput), Object(Illuminate\\Console\\OutputStyle))
#30 D:\\Users\\Raphael\\Desktop\\desafio_senai\\projects\\technology-solutions-api\\api\\vendor\\symfony\\console\\Application.php(1094): Illuminate\\Console\\Command->run(Object(Symfony\\Component\\Console\\Input\\ArgvInput), Object(Symfony\\Component\\Console\\Output\\ConsoleOutput))
#31 D:\\Users\\Raphael\\Desktop\\desafio_senai\\projects\\technology-solutions-api\\api\\vendor\\symfony\\console\\Application.php(342): Symfony\\Component\\Console\\Application->doRunCommand(Object(Illuminate\\Database\\Console\\Migrations\\MigrateCommand), Object(Symfony\\Component\\Console\\Input\\ArgvInput), Object(Symfony\\Component\\Console\\Output\\ConsoleOutput))
#32 D:\\Users\\Raphael\\Desktop\\desafio_senai\\projects\\technology-solutions-api\\api\\vendor\\symfony\\console\\Application.php(193): Symfony\\Component\\Console\\Application->doRun(Object(Symfony\\Component\\Console\\Input\\ArgvInput), Object(Symfony\\Component\\Console\\Output\\ConsoleOutput))
#33 D:\\Users\\Raphael\\Desktop\\desafio_senai\\projects\\technology-solutions-api\\api\\vendor\\laravel\\framework\\src\\Illuminate\\Foundation\\Console\\Kernel.php(198): Symfony\\Component\\Console\\Application->run(Object(Symfony\\Component\\Console\\Input\\ArgvInput), Object(Symfony\\Component\\Console\\Output\\ConsoleOutput))
#34 D:\\Users\\Raphael\\Desktop\\desafio_senai\\projects\\technology-solutions-api\\api\\vendor\\laravel\\framework\\src\\Illuminate\\Foundation\\Application.php(1235): Illuminate\\Foundation\\Console\\Kernel->handle(Object(Symfony\\Component\\Console\\Input\\ArgvInput), Object(Symfony\\Component\\Console\\Output\\ConsoleOutput))
#35 D:\\Users\\Raphael\\Desktop\\desafio_senai\\projects\\technology-solutions-api\\api\\artisan(16): Illuminate\\Foundation\\Application->handleCommand(Object(Symfony\\Component\\Console\\Input\\ArgvInput))
#36 {main}
"} 
[2025-02-27 12:29:07] local.ERROR: SQLSTATE[HY000]: General error: 1005 Can't create table `technology_solutions_db`.`historico_alteracoes_perfil` (errno: 150 "Foreign key constraint is incorrectly formed") (Connection: mysql, SQL: alter table `historico_alteracoes_perfil` add constraint `historico_alteracoes_perfil_user_type_old_id_foreign` foreign key (`user_type_old_id`) references `status_convites` (`id`) on delete set null) {"exception":"[object] (Illuminate\\Database\\QueryException(code: HY000): SQLSTATE[HY000]: General error: 1005 Can't create table `technology_solutions_db`.`historico_alteracoes_perfil` (errno: 150 \"Foreign key constraint is incorrectly formed\") (Connection: mysql, SQL: alter table `historico_alteracoes_perfil` add constraint `historico_alteracoes_perfil_user_type_old_id_foreign` foreign key (`user_type_old_id`) references `status_convites` (`id`) on delete set null) at D:\\Users\\Raphael\\Desktop\\desafio_senai\\projects\\technology-solutions-api\\api\\vendor\\laravel\\framework\\src\\Illuminate\\Database\\Connection.php:823)
[stacktrace]
#0 D:\\Users\\Raphael\\Desktop\\desafio_senai\\projects\\technology-solutions-api\\api\\vendor\\laravel\\framework\\src\\Illuminate\\Database\\Connection.php(777): Illuminate\\Database\\Connection->runQueryCallback('alter table `hi...', Array, Object(Closure))
#1 D:\\Users\\Raphael\\Desktop\\desafio_senai\\projects\\technology-solutions-api\\api\\vendor\\laravel\\framework\\src\\Illuminate\\Database\\Connection.php(558): Illuminate\\Database\\Connection->run('alter table `hi...', Array, Object(Closure))
#2 D:\\Users\\Raphael\\Desktop\\desafio_senai\\projects\\technology-solutions-api\\api\\vendor\\laravel\\framework\\src\\Illuminate\\Database\\Schema\\Blueprint.php(120): Illuminate\\Database\\Connection->statement('alter table `hi...')
#3 D:\\Users\\Raphael\\Desktop\\desafio_senai\\projects\\technology-solutions-api\\api\\vendor\\laravel\\framework\\src\\Illuminate\\Database\\Schema\\Builder.php(619): Illuminate\\Database\\Schema\\Blueprint->build()
#4 D:\\Users\\Raphael\\Desktop\\desafio_senai\\projects\\technology-solutions-api\\api\\vendor\\laravel\\framework\\src\\Illuminate\\Database\\Schema\\Builder.php(473): Illuminate\\Database\\Schema\\Builder->build(Object(Illuminate\\Database\\Schema\\Blueprint))
#5 D:\\Users\\Raphael\\Desktop\\desafio_senai\\projects\\technology-solutions-api\\api\\vendor\\laravel\\framework\\src\\Illuminate\\Support\\Facades\\Facade.php(361): Illuminate\\Database\\Schema\\Builder->create('historico_alter...', Object(Closure))
#6 D:\\Users\\Raphael\\Desktop\\desafio_senai\\projects\\technology-solutions-api\\api\\database\\migrations\\2025_02_27_121211_create_historico_alteracoes_perfil.php(14): Illuminate\\Support\\Facades\\Facade::__callStatic('create', Array)
#7 D:\\Users\\Raphael\\Desktop\\desafio_senai\\projects\\technology-solutions-api\\api\\vendor\\laravel\\framework\\src\\Illuminate\\Database\\Migrations\\Migrator.php(507): Illuminate\\Database\\Migrations\\Migration@anonymous->up()
#8 D:\\Users\\Raphael\\Desktop\\desafio_senai\\projects\\technology-solutions-api\\api\\vendor\\laravel\\framework\\src\\Illuminate\\Database\\Migrations\\Migrator.php(432): Illuminate\\Database\\Migrations\\Migrator->runMethod(Object(Illuminate\\Database\\MySqlConnection), Object(Illuminate\\Database\\Migrations\\Migration@anonymous), 'up')
#9 D:\\Users\\Raphael\\Desktop\\desafio_senai\\projects\\technology-solutions-api\\api\\vendor\\laravel\\framework\\src\\Illuminate\\Database\\Migrations\\Migrator.php(441): Illuminate\\Database\\Migrations\\Migrator->Illuminate\\Database\\Migrations\\{closure}()
#10 D:\\Users\\Raphael\\Desktop\\desafio_senai\\projects\\technology-solutions-api\\api\\vendor\\laravel\\framework\\src\\Illuminate\\Database\\Migrations\\Migrator.php(244): Illuminate\\Database\\Migrations\\Migrator->runMigration(Object(Illuminate\\Database\\Migrations\\Migration@anonymous), 'up')
#11 D:\\Users\\Raphael\\Desktop\\desafio_senai\\projects\\technology-solutions-api\\api\\vendor\\laravel\\framework\\src\\Illuminate\\Console\\View\\Components\\Task.php(40): Illuminate\\Database\\Migrations\\Migrator->Illuminate\\Database\\Migrations\\{closure}()
#12 D:\\Users\\Raphael\\Desktop\\desafio_senai\\projects\\technology-solutions-api\\api\\vendor\\laravel\\framework\\src\\Illuminate\\Database\\Migrations\\Migrator.php(798): Illuminate\\Console\\View\\Components\\Task->render('2025_02_27_1212...', Object(Closure))
#13 D:\\Users\\Raphael\\Desktop\\desafio_senai\\projects\\technology-solutions-api\\api\\vendor\\laravel\\framework\\src\\Illuminate\\Database\\Migrations\\Migrator.php(244): Illuminate\\Database\\Migrations\\Migrator->write('Illuminate\\\\Cons...', '2025_02_27_1212...', Object(Closure))
#14 D:\\Users\\Raphael\\Desktop\\desafio_senai\\projects\\technology-solutions-api\\api\\vendor\\laravel\\framework\\src\\Illuminate\\Database\\Migrations\\Migrator.php(211): Illuminate\\Database\\Migrations\\Migrator->runUp('D:\\\\Users\\\\Raphae...', 1, false)
#15 D:\\Users\\Raphael\\Desktop\\desafio_senai\\projects\\technology-solutions-api\\api\\vendor\\laravel\\framework\\src\\Illuminate\\Database\\Migrations\\Migrator.php(138): Illuminate\\Database\\Migrations\\Migrator->runPending(Array, Array)
#16 D:\\Users\\Raphael\\Desktop\\desafio_senai\\projects\\technology-solutions-api\\api\\vendor\\laravel\\framework\\src\\Illuminate\\Database\\Console\\Migrations\\MigrateCommand.php(117): Illuminate\\Database\\Migrations\\Migrator->run(Array, Array)
#17 D:\\Users\\Raphael\\Desktop\\desafio_senai\\projects\\technology-solutions-api\\api\\vendor\\laravel\\framework\\src\\Illuminate\\Database\\Migrations\\Migrator.php(658): Illuminate\\Database\\Console\\Migrations\\MigrateCommand->Illuminate\\Database\\Console\\Migrations\\{closure}()
#18 D:\\Users\\Raphael\\Desktop\\desafio_senai\\projects\\technology-solutions-api\\api\\vendor\\laravel\\framework\\src\\Illuminate\\Database\\Console\\Migrations\\MigrateCommand.php(110): Illuminate\\Database\\Migrations\\Migrator->usingConnection(NULL, Object(Closure))
#19 D:\\Users\\Raphael\\Desktop\\desafio_senai\\projects\\technology-solutions-api\\api\\vendor\\laravel\\framework\\src\\Illuminate\\Database\\Console\\Migrations\\MigrateCommand.php(89): Illuminate\\Database\\Console\\Migrations\\MigrateCommand->runMigrations()
#20 D:\\Users\\Raphael\\Desktop\\desafio_senai\\projects\\technology-solutions-api\\api\\vendor\\laravel\\framework\\src\\Illuminate\\Container\\BoundMethod.php(36): Illuminate\\Database\\Console\\Migrations\\MigrateCommand->handle()
#21 D:\\Users\\Raphael\\Desktop\\desafio_senai\\projects\\technology-solutions-api\\api\\vendor\\laravel\\framework\\src\\Illuminate\\Container\\Util.php(43): Illuminate\\Container\\BoundMethod::Illuminate\\Container\\{closure}()
#22 D:\\Users\\Raphael\\Desktop\\desafio_senai\\projects\\technology-solutions-api\\api\\vendor\\laravel\\framework\\src\\Illuminate\\Container\\BoundMethod.php(95): Illuminate\\Container\\Util::unwrapIfClosure(Object(Closure))
#23 D:\\Users\\Raphael\\Desktop\\desafio_senai\\projects\\technology-solutions-api\\api\\vendor\\laravel\\framework\\src\\Illuminate\\Container\\BoundMethod.php(35): Illuminate\\Container\\BoundMethod::callBoundMethod(Object(Illuminate\\Foundation\\Application), Array, Object(Closure))
#24 D:\\Users\\Raphael\\Desktop\\desafio_senai\\projects\\technology-solutions-api\\api\\vendor\\laravel\\framework\\src\\Illuminate\\Container\\Container.php(754): Illuminate\\Container\\BoundMethod::call(Object(Illuminate\\Foundation\\Application), Array, Array, NULL)
#25 D:\\Users\\Raphael\\Desktop\\desafio_senai\\projects\\technology-solutions-api\\api\\vendor\\laravel\\framework\\src\\Illuminate\\Console\\Command.php(213): Illuminate\\Container\\Container->call(Array)
#26 D:\\Users\\Raphael\\Desktop\\desafio_senai\\projects\\technology-solutions-api\\api\\vendor\\symfony\\console\\Command\\Command.php(279): Illuminate\\Console\\Command->execute(Object(Symfony\\Component\\Console\\Input\\ArgvInput), Object(Illuminate\\Console\\OutputStyle))
#27 D:\\Users\\Raphael\\Desktop\\desafio_senai\\projects\\technology-solutions-api\\api\\vendor\\laravel\\framework\\src\\Illuminate\\Console\\Command.php(182): Symfony\\Component\\Console\\Command\\Command->run(Object(Symfony\\Component\\Console\\Input\\ArgvInput), Object(Illuminate\\Console\\OutputStyle))
#28 D:\\Users\\Raphael\\Desktop\\desafio_senai\\projects\\technology-solutions-api\\api\\vendor\\symfony\\console\\Application.php(1094): Illuminate\\Console\\Command->run(Object(Symfony\\Component\\Console\\Input\\ArgvInput), Object(Symfony\\Component\\Console\\Output\\ConsoleOutput))
#29 D:\\Users\\Raphael\\Desktop\\desafio_senai\\projects\\technology-solutions-api\\api\\vendor\\symfony\\console\\Application.php(342): Symfony\\Component\\Console\\Application->doRunCommand(Object(Illuminate\\Database\\Console\\Migrations\\MigrateCommand), Object(Symfony\\Component\\Console\\Input\\ArgvInput), Object(Symfony\\Component\\Console\\Output\\ConsoleOutput))
#30 D:\\Users\\Raphael\\Desktop\\desafio_senai\\projects\\technology-solutions-api\\api\\vendor\\symfony\\console\\Application.php(193): Symfony\\Component\\Console\\Application->doRun(Object(Symfony\\Component\\Console\\Input\\ArgvInput), Object(Symfony\\Component\\Console\\Output\\ConsoleOutput))
#31 D:\\Users\\Raphael\\Desktop\\desafio_senai\\projects\\technology-solutions-api\\api\\vendor\\laravel\\framework\\src\\Illuminate\\Foundation\\Console\\Kernel.php(198): Symfony\\Component\\Console\\Application->run(Object(Symfony\\Component\\Console\\Input\\ArgvInput), Object(Symfony\\Component\\Console\\Output\\ConsoleOutput))
#32 D:\\Users\\Raphael\\Desktop\\desafio_senai\\projects\\technology-solutions-api\\api\\vendor\\laravel\\framework\\src\\Illuminate\\Foundation\\Application.php(1235): Illuminate\\Foundation\\Console\\Kernel->handle(Object(Symfony\\Component\\Console\\Input\\ArgvInput), Object(Symfony\\Component\\Console\\Output\\ConsoleOutput))
#33 D:\\Users\\Raphael\\Desktop\\desafio_senai\\projects\\technology-solutions-api\\api\\artisan(16): Illuminate\\Foundation\\Application->handleCommand(Object(Symfony\\Component\\Console\\Input\\ArgvInput))
#34 {main}

[previous exception] [object] (PDOException(code: HY000): SQLSTATE[HY000]: General error: 1005 Can't create table `technology_solutions_db`.`historico_alteracoes_perfil` (errno: 150 \"Foreign key constraint is incorrectly formed\") at D:\\Users\\Raphael\\Desktop\\desafio_senai\\projects\\technology-solutions-api\\api\\vendor\\laravel\\framework\\src\\Illuminate\\Database\\Connection.php:569)
[stacktrace]
#0 D:\\Users\\Raphael\\Desktop\\desafio_senai\\projects\\technology-solutions-api\\api\\vendor\\laravel\\framework\\src\\Illuminate\\Database\\Connection.php(569): PDOStatement->execute()
#1 D:\\Users\\Raphael\\Desktop\\desafio_senai\\projects\\technology-solutions-api\\api\\vendor\\laravel\\framework\\src\\Illuminate\\Database\\Connection.php(810): Illuminate\\Database\\Connection->Illuminate\\Database\\{closure}('alter table `hi...', Array)
#2 D:\\Users\\Raphael\\Desktop\\desafio_senai\\projects\\technology-solutions-api\\api\\vendor\\laravel\\framework\\src\\Illuminate\\Database\\Connection.php(777): Illuminate\\Database\\Connection->runQueryCallback('alter table `hi...', Array, Object(Closure))
#3 D:\\Users\\Raphael\\Desktop\\desafio_senai\\projects\\technology-solutions-api\\api\\vendor\\laravel\\framework\\src\\Illuminate\\Database\\Connection.php(558): Illuminate\\Database\\Connection->run('alter table `hi...', Array, Object(Closure))
#4 D:\\Users\\Raphael\\Desktop\\desafio_senai\\projects\\technology-solutions-api\\api\\vendor\\laravel\\framework\\src\\Illuminate\\Database\\Schema\\Blueprint.php(120): Illuminate\\Database\\Connection->statement('alter table `hi...')
#5 D:\\Users\\Raphael\\Desktop\\desafio_senai\\projects\\technology-solutions-api\\api\\vendor\\laravel\\framework\\src\\Illuminate\\Database\\Schema\\Builder.php(619): Illuminate\\Database\\Schema\\Blueprint->build()
#6 D:\\Users\\Raphael\\Desktop\\desafio_senai\\projects\\technology-solutions-api\\api\\vendor\\laravel\\framework\\src\\Illuminate\\Database\\Schema\\Builder.php(473): Illuminate\\Database\\Schema\\Builder->build(Object(Illuminate\\Database\\Schema\\Blueprint))
#7 D:\\Users\\Raphael\\Desktop\\desafio_senai\\projects\\technology-solutions-api\\api\\vendor\\laravel\\framework\\src\\Illuminate\\Support\\Facades\\Facade.php(361): Illuminate\\Database\\Schema\\Builder->create('historico_alter...', Object(Closure))
#8 D:\\Users\\Raphael\\Desktop\\desafio_senai\\projects\\technology-solutions-api\\api\\database\\migrations\\2025_02_27_121211_create_historico_alteracoes_perfil.php(14): Illuminate\\Support\\Facades\\Facade::__callStatic('create', Array)
#9 D:\\Users\\Raphael\\Desktop\\desafio_senai\\projects\\technology-solutions-api\\api\\vendor\\laravel\\framework\\src\\Illuminate\\Database\\Migrations\\Migrator.php(507): Illuminate\\Database\\Migrations\\Migration@anonymous->up()
#10 D:\\Users\\Raphael\\Desktop\\desafio_senai\\projects\\technology-solutions-api\\api\\vendor\\laravel\\framework\\src\\Illuminate\\Database\\Migrations\\Migrator.php(432): Illuminate\\Database\\Migrations\\Migrator->runMethod(Object(Illuminate\\Database\\MySqlConnection), Object(Illuminate\\Database\\Migrations\\Migration@anonymous), 'up')
#11 D:\\Users\\Raphael\\Desktop\\desafio_senai\\projects\\technology-solutions-api\\api\\vendor\\laravel\\framework\\src\\Illuminate\\Database\\Migrations\\Migrator.php(441): Illuminate\\Database\\Migrations\\Migrator->Illuminate\\Database\\Migrations\\{closure}()
#12 D:\\Users\\Raphael\\Desktop\\desafio_senai\\projects\\technology-solutions-api\\api\\vendor\\laravel\\framework\\src\\Illuminate\\Database\\Migrations\\Migrator.php(244): Illuminate\\Database\\Migrations\\Migrator->runMigration(Object(Illuminate\\Database\\Migrations\\Migration@anonymous), 'up')
#13 D:\\Users\\Raphael\\Desktop\\desafio_senai\\projects\\technology-solutions-api\\api\\vendor\\laravel\\framework\\src\\Illuminate\\Console\\View\\Components\\Task.php(40): Illuminate\\Database\\Migrations\\Migrator->Illuminate\\Database\\Migrations\\{closure}()
#14 D:\\Users\\Raphael\\Desktop\\desafio_senai\\projects\\technology-solutions-api\\api\\vendor\\laravel\\framework\\src\\Illuminate\\Database\\Migrations\\Migrator.php(798): Illuminate\\Console\\View\\Components\\Task->render('2025_02_27_1212...', Object(Closure))
#15 D:\\Users\\Raphael\\Desktop\\desafio_senai\\projects\\technology-solutions-api\\api\\vendor\\laravel\\framework\\src\\Illuminate\\Database\\Migrations\\Migrator.php(244): Illuminate\\Database\\Migrations\\Migrator->write('Illuminate\\\\Cons...', '2025_02_27_1212...', Object(Closure))
#16 D:\\Users\\Raphael\\Desktop\\desafio_senai\\projects\\technology-solutions-api\\api\\vendor\\laravel\\framework\\src\\Illuminate\\Database\\Migrations\\Migrator.php(211): Illuminate\\Database\\Migrations\\Migrator->runUp('D:\\\\Users\\\\Raphae...', 1, false)
#17 D:\\Users\\Raphael\\Desktop\\desafio_senai\\projects\\technology-solutions-api\\api\\vendor\\laravel\\framework\\src\\Illuminate\\Database\\Migrations\\Migrator.php(138): Illuminate\\Database\\Migrations\\Migrator->runPending(Array, Array)
#18 D:\\Users\\Raphael\\Desktop\\desafio_senai\\projects\\technology-solutions-api\\api\\vendor\\laravel\\framework\\src\\Illuminate\\Database\\Console\\Migrations\\MigrateCommand.php(117): Illuminate\\Database\\Migrations\\Migrator->run(Array, Array)
#19 D:\\Users\\Raphael\\Desktop\\desafio_senai\\projects\\technology-solutions-api\\api\\vendor\\laravel\\framework\\src\\Illuminate\\Database\\Migrations\\Migrator.php(658): Illuminate\\Database\\Console\\Migrations\\MigrateCommand->Illuminate\\Database\\Console\\Migrations\\{closure}()
#20 D:\\Users\\Raphael\\Desktop\\desafio_senai\\projects\\technology-solutions-api\\api\\vendor\\laravel\\framework\\src\\Illuminate\\Database\\Console\\Migrations\\MigrateCommand.php(110): Illuminate\\Database\\Migrations\\Migrator->usingConnection(NULL, Object(Closure))
#21 D:\\Users\\Raphael\\Desktop\\desafio_senai\\projects\\technology-solutions-api\\api\\vendor\\laravel\\framework\\src\\Illuminate\\Database\\Console\\Migrations\\MigrateCommand.php(89): Illuminate\\Database\\Console\\Migrations\\MigrateCommand->runMigrations()
#22 D:\\Users\\Raphael\\Desktop\\desafio_senai\\projects\\technology-solutions-api\\api\\vendor\\laravel\\framework\\src\\Illuminate\\Container\\BoundMethod.php(36): Illuminate\\Database\\Console\\Migrations\\MigrateCommand->handle()
#23 D:\\Users\\Raphael\\Desktop\\desafio_senai\\projects\\technology-solutions-api\\api\\vendor\\laravel\\framework\\src\\Illuminate\\Container\\Util.php(43): Illuminate\\Container\\BoundMethod::Illuminate\\Container\\{closure}()
#24 D:\\Users\\Raphael\\Desktop\\desafio_senai\\projects\\technology-solutions-api\\api\\vendor\\laravel\\framework\\src\\Illuminate\\Container\\BoundMethod.php(95): Illuminate\\Container\\Util::unwrapIfClosure(Object(Closure))
#25 D:\\Users\\Raphael\\Desktop\\desafio_senai\\projects\\technology-solutions-api\\api\\vendor\\laravel\\framework\\src\\Illuminate\\Container\\BoundMethod.php(35): Illuminate\\Container\\BoundMethod::callBoundMethod(Object(Illuminate\\Foundation\\Application), Array, Object(Closure))
#26 D:\\Users\\Raphael\\Desktop\\desafio_senai\\projects\\technology-solutions-api\\api\\vendor\\laravel\\framework\\src\\Illuminate\\Container\\Container.php(754): Illuminate\\Container\\BoundMethod::call(Object(Illuminate\\Foundation\\Application), Array, Array, NULL)
#27 D:\\Users\\Raphael\\Desktop\\desafio_senai\\projects\\technology-solutions-api\\api\\vendor\\laravel\\framework\\src\\Illuminate\\Console\\Command.php(213): Illuminate\\Container\\Container->call(Array)
#28 D:\\Users\\Raphael\\Desktop\\desafio_senai\\projects\\technology-solutions-api\\api\\vendor\\symfony\\console\\Command\\Command.php(279): Illuminate\\Console\\Command->execute(Object(Symfony\\Component\\Console\\Input\\ArgvInput), Object(Illuminate\\Console\\OutputStyle))
#29 D:\\Users\\Raphael\\Desktop\\desafio_senai\\projects\\technology-solutions-api\\api\\vendor\\laravel\\framework\\src\\Illuminate\\Console\\Command.php(182): Symfony\\Component\\Console\\Command\\Command->run(Object(Symfony\\Component\\Console\\Input\\ArgvInput), Object(Illuminate\\Console\\OutputStyle))
#30 D:\\Users\\Raphael\\Desktop\\desafio_senai\\projects\\technology-solutions-api\\api\\vendor\\symfony\\console\\Application.php(1094): Illuminate\\Console\\Command->run(Object(Symfony\\Component\\Console\\Input\\ArgvInput), Object(Symfony\\Component\\Console\\Output\\ConsoleOutput))
#31 D:\\Users\\Raphael\\Desktop\\desafio_senai\\projects\\technology-solutions-api\\api\\vendor\\symfony\\console\\Application.php(342): Symfony\\Component\\Console\\Application->doRunCommand(Object(Illuminate\\Database\\Console\\Migrations\\MigrateCommand), Object(Symfony\\Component\\Console\\Input\\ArgvInput), Object(Symfony\\Component\\Console\\Output\\ConsoleOutput))
#32 D:\\Users\\Raphael\\Desktop\\desafio_senai\\projects\\technology-solutions-api\\api\\vendor\\symfony\\console\\Application.php(193): Symfony\\Component\\Console\\Application->doRun(Object(Symfony\\Component\\Console\\Input\\ArgvInput), Object(Symfony\\Component\\Console\\Output\\ConsoleOutput))
#33 D:\\Users\\Raphael\\Desktop\\desafio_senai\\projects\\technology-solutions-api\\api\\vendor\\laravel\\framework\\src\\Illuminate\\Foundation\\Console\\Kernel.php(198): Symfony\\Component\\Console\\Application->run(Object(Symfony\\Component\\Console\\Input\\ArgvInput), Object(Symfony\\Component\\Console\\Output\\ConsoleOutput))
#34 D:\\Users\\Raphael\\Desktop\\desafio_senai\\projects\\technology-solutions-api\\api\\vendor\\laravel\\framework\\src\\Illuminate\\Foundation\\Application.php(1235): Illuminate\\Foundation\\Console\\Kernel->handle(Object(Symfony\\Component\\Console\\Input\\ArgvInput), Object(Symfony\\Component\\Console\\Output\\ConsoleOutput))
#35 D:\\Users\\Raphael\\Desktop\\desafio_senai\\projects\\technology-solutions-api\\api\\artisan(16): Illuminate\\Foundation\\Application->handleCommand(Object(Symfony\\Component\\Console\\Input\\ArgvInput))
#36 {main}
"} 
[2025-02-27 12:30:17] local.ERROR: SQLSTATE[23000]: Integrity constraint violation: 1451 Cannot delete or update a parent row: a foreign key constraint fails (Connection: mysql, SQL: drop table if exists `users`) {"exception":"[object] (Illuminate\\Database\\QueryException(code: 23000): SQLSTATE[23000]: Integrity constraint violation: 1451 Cannot delete or update a parent row: a foreign key constraint fails (Connection: mysql, SQL: drop table if exists `users`) at D:\\Users\\Raphael\\Desktop\\desafio_senai\\projects\\technology-solutions-api\\api\\vendor\\laravel\\framework\\src\\Illuminate\\Database\\Connection.php:823)
[stacktrace]
#0 D:\\Users\\Raphael\\Desktop\\desafio_senai\\projects\\technology-solutions-api\\api\\vendor\\laravel\\framework\\src\\Illuminate\\Database\\Connection.php(777): Illuminate\\Database\\Connection->runQueryCallback('drop table if e...', Array, Object(Closure))
#1 D:\\Users\\Raphael\\Desktop\\desafio_senai\\projects\\technology-solutions-api\\api\\vendor\\laravel\\framework\\src\\Illuminate\\Database\\Connection.php(558): Illuminate\\Database\\Connection->run('drop table if e...', Array, Object(Closure))
#2 D:\\Users\\Raphael\\Desktop\\desafio_senai\\projects\\technology-solutions-api\\api\\vendor\\laravel\\framework\\src\\Illuminate\\Database\\Schema\\Blueprint.php(120): Illuminate\\Database\\Connection->statement('drop table if e...')
#3 D:\\Users\\Raphael\\Desktop\\desafio_senai\\projects\\technology-solutions-api\\api\\vendor\\laravel\\framework\\src\\Illuminate\\Database\\Schema\\Builder.php(619): Illuminate\\Database\\Schema\\Blueprint->build()
#4 D:\\Users\\Raphael\\Desktop\\desafio_senai\\projects\\technology-solutions-api\\api\\vendor\\laravel\\framework\\src\\Illuminate\\Database\\Schema\\Builder.php(501): Illuminate\\Database\\Schema\\Builder->build(Object(Illuminate\\Database\\Schema\\Blueprint))
#5 D:\\Users\\Raphael\\Desktop\\desafio_senai\\projects\\technology-solutions-api\\api\\vendor\\laravel\\framework\\src\\Illuminate\\Support\\Facades\\Facade.php(361): Illuminate\\Database\\Schema\\Builder->dropIfExists('users')
#6 D:\\Users\\Raphael\\Desktop\\desafio_senai\\projects\\technology-solutions-api\\api\\database\\migrations\\0001_01_01_000000_create_users_table.php(45): Illuminate\\Support\\Facades\\Facade::__callStatic('dropIfExists', Array)
#7 D:\\Users\\Raphael\\Desktop\\desafio_senai\\projects\\technology-solutions-api\\api\\vendor\\laravel\\framework\\src\\Illuminate\\Database\\Migrations\\Migrator.php(507): Illuminate\\Database\\Migrations\\Migration@anonymous->down()
#8 D:\\Users\\Raphael\\Desktop\\desafio_senai\\projects\\technology-solutions-api\\api\\vendor\\laravel\\framework\\src\\Illuminate\\Database\\Migrations\\Migrator.php(432): Illuminate\\Database\\Migrations\\Migrator->runMethod(Object(Illuminate\\Database\\MySqlConnection), Object(Illuminate\\Database\\Migrations\\Migration@anonymous), 'down')
#9 D:\\Users\\Raphael\\Desktop\\desafio_senai\\projects\\technology-solutions-api\\api\\vendor\\laravel\\framework\\src\\Illuminate\\Database\\Migrations\\Migrator.php(441): Illuminate\\Database\\Migrations\\Migrator->Illuminate\\Database\\Migrations\\{closure}()
#10 D:\\Users\\Raphael\\Desktop\\desafio_senai\\projects\\technology-solutions-api\\api\\vendor\\laravel\\framework\\src\\Illuminate\\Database\\Migrations\\Migrator.php(407): Illuminate\\Database\\Migrations\\Migrator->runMigration(Object(Illuminate\\Database\\Migrations\\Migration@anonymous), 'down')
#11 D:\\Users\\Raphael\\Desktop\\desafio_senai\\projects\\technology-solutions-api\\api\\vendor\\laravel\\framework\\src\\Illuminate\\Console\\View\\Components\\Task.php(40): Illuminate\\Database\\Migrations\\Migrator->Illuminate\\Database\\Migrations\\{closure}()
#12 D:\\Users\\Raphael\\Desktop\\desafio_senai\\projects\\technology-solutions-api\\api\\vendor\\laravel\\framework\\src\\Illuminate\\Database\\Migrations\\Migrator.php(798): Illuminate\\Console\\View\\Components\\Task->render('0001_01_01_0000...', Object(Closure))
#13 D:\\Users\\Raphael\\Desktop\\desafio_senai\\projects\\technology-solutions-api\\api\\vendor\\laravel\\framework\\src\\Illuminate\\Database\\Migrations\\Migrator.php(407): Illuminate\\Database\\Migrations\\Migrator->write('Illuminate\\\\Cons...', '0001_01_01_0000...', Object(Closure))
#14 D:\\Users\\Raphael\\Desktop\\desafio_senai\\projects\\technology-solutions-api\\api\\vendor\\laravel\\framework\\src\\Illuminate\\Database\\Migrations\\Migrator.php(330): Illuminate\\Database\\Migrations\\Migrator->runDown('D:\\\\Users\\\\Raphae...', Object(stdClass), false)
#15 D:\\Users\\Raphael\\Desktop\\desafio_senai\\projects\\technology-solutions-api\\api\\vendor\\laravel\\framework\\src\\Illuminate\\Database\\Migrations\\Migrator.php(381): Illuminate\\Database\\Migrations\\Migrator->rollbackMigrations(Array, Array, Array)
#16 D:\\Users\\Raphael\\Desktop\\desafio_senai\\projects\\technology-solutions-api\\api\\vendor\\laravel\\framework\\src\\Illuminate\\Database\\Migrations\\Migrator.php(361): Illuminate\\Database\\Migrations\\Migrator->resetMigrations(Array, Array, false)
#17 D:\\Users\\Raphael\\Desktop\\desafio_senai\\projects\\technology-solutions-api\\api\\vendor\\laravel\\framework\\src\\Illuminate\\Database\\Console\\Migrations\\ResetCommand.php(71): Illuminate\\Database\\Migrations\\Migrator->reset(Array, false)
#18 D:\\Users\\Raphael\\Desktop\\desafio_senai\\projects\\technology-solutions-api\\api\\vendor\\laravel\\framework\\src\\Illuminate\\Database\\Migrations\\Migrator.php(658): Illuminate\\Database\\Console\\Migrations\\ResetCommand->Illuminate\\Database\\Console\\Migrations\\{closure}()
#19 D:\\Users\\Raphael\\Desktop\\desafio_senai\\projects\\technology-solutions-api\\api\\vendor\\laravel\\framework\\src\\Illuminate\\Database\\Console\\Migrations\\ResetCommand.php(63): Illuminate\\Database\\Migrations\\Migrator->usingConnection(NULL, Object(Closure))
#20 D:\\Users\\Raphael\\Desktop\\desafio_senai\\projects\\technology-solutions-api\\api\\vendor\\laravel\\framework\\src\\Illuminate\\Container\\BoundMethod.php(36): Illuminate\\Database\\Console\\Migrations\\ResetCommand->handle()
#21 D:\\Users\\Raphael\\Desktop\\desafio_senai\\projects\\technology-solutions-api\\api\\vendor\\laravel\\framework\\src\\Illuminate\\Container\\Util.php(43): Illuminate\\Container\\BoundMethod::Illuminate\\Container\\{closure}()
#22 D:\\Users\\Raphael\\Desktop\\desafio_senai\\projects\\technology-solutions-api\\api\\vendor\\laravel\\framework\\src\\Illuminate\\Container\\BoundMethod.php(95): Illuminate\\Container\\Util::unwrapIfClosure(Object(Closure))
#23 D:\\Users\\Raphael\\Desktop\\desafio_senai\\projects\\technology-solutions-api\\api\\vendor\\laravel\\framework\\src\\Illuminate\\Container\\BoundMethod.php(35): Illuminate\\Container\\BoundMethod::callBoundMethod(Object(Illuminate\\Foundation\\Application), Array, Object(Closure))
#24 D:\\Users\\Raphael\\Desktop\\desafio_senai\\projects\\technology-solutions-api\\api\\vendor\\laravel\\framework\\src\\Illuminate\\Container\\Container.php(754): Illuminate\\Container\\BoundMethod::call(Object(Illuminate\\Foundation\\Application), Array, Array, NULL)
#25 D:\\Users\\Raphael\\Desktop\\desafio_senai\\projects\\technology-solutions-api\\api\\vendor\\laravel\\framework\\src\\Illuminate\\Console\\Command.php(213): Illuminate\\Container\\Container->call(Array)
#26 D:\\Users\\Raphael\\Desktop\\desafio_senai\\projects\\technology-solutions-api\\api\\vendor\\symfony\\console\\Command\\Command.php(279): Illuminate\\Console\\Command->execute(Object(Symfony\\Component\\Console\\Input\\ArgvInput), Object(Illuminate\\Console\\OutputStyle))
#27 D:\\Users\\Raphael\\Desktop\\desafio_senai\\projects\\technology-solutions-api\\api\\vendor\\laravel\\framework\\src\\Illuminate\\Console\\Command.php(182): Symfony\\Component\\Console\\Command\\Command->run(Object(Symfony\\Component\\Console\\Input\\ArgvInput), Object(Illuminate\\Console\\OutputStyle))
#28 D:\\Users\\Raphael\\Desktop\\desafio_senai\\projects\\technology-solutions-api\\api\\vendor\\symfony\\console\\Application.php(1094): Illuminate\\Console\\Command->run(Object(Symfony\\Component\\Console\\Input\\ArgvInput), Object(Symfony\\Component\\Console\\Output\\ConsoleOutput))
#29 D:\\Users\\Raphael\\Desktop\\desafio_senai\\projects\\technology-solutions-api\\api\\vendor\\symfony\\console\\Application.php(342): Symfony\\Component\\Console\\Application->doRunCommand(Object(Illuminate\\Database\\Console\\Migrations\\ResetCommand), Object(Symfony\\Component\\Console\\Input\\ArgvInput), Object(Symfony\\Component\\Console\\Output\\ConsoleOutput))
#30 D:\\Users\\Raphael\\Desktop\\desafio_senai\\projects\\technology-solutions-api\\api\\vendor\\symfony\\console\\Application.php(193): Symfony\\Component\\Console\\Application->doRun(Object(Symfony\\Component\\Console\\Input\\ArgvInput), Object(Symfony\\Component\\Console\\Output\\ConsoleOutput))
#31 D:\\Users\\Raphael\\Desktop\\desafio_senai\\projects\\technology-solutions-api\\api\\vendor\\laravel\\framework\\src\\Illuminate\\Foundation\\Console\\Kernel.php(198): Symfony\\Component\\Console\\Application->run(Object(Symfony\\Component\\Console\\Input\\ArgvInput), Object(Symfony\\Component\\Console\\Output\\ConsoleOutput))
#32 D:\\Users\\Raphael\\Desktop\\desafio_senai\\projects\\technology-solutions-api\\api\\vendor\\laravel\\framework\\src\\Illuminate\\Foundation\\Application.php(1235): Illuminate\\Foundation\\Console\\Kernel->handle(Object(Symfony\\Component\\Console\\Input\\ArgvInput), Object(Symfony\\Component\\Console\\Output\\ConsoleOutput))
#33 D:\\Users\\Raphael\\Desktop\\desafio_senai\\projects\\technology-solutions-api\\api\\artisan(16): Illuminate\\Foundation\\Application->handleCommand(Object(Symfony\\Component\\Console\\Input\\ArgvInput))
#34 {main}

[previous exception] [object] (PDOException(code: 23000): SQLSTATE[23000]: Integrity constraint violation: 1451 Cannot delete or update a parent row: a foreign key constraint fails at D:\\Users\\Raphael\\Desktop\\desafio_senai\\projects\\technology-solutions-api\\api\\vendor\\laravel\\framework\\src\\Illuminate\\Database\\Connection.php:569)
[stacktrace]
#0 D:\\Users\\Raphael\\Desktop\\desafio_senai\\projects\\technology-solutions-api\\api\\vendor\\laravel\\framework\\src\\Illuminate\\Database\\Connection.php(569): PDOStatement->execute()
#1 D:\\Users\\Raphael\\Desktop\\desafio_senai\\projects\\technology-solutions-api\\api\\vendor\\laravel\\framework\\src\\Illuminate\\Database\\Connection.php(810): Illuminate\\Database\\Connection->Illuminate\\Database\\{closure}('drop table if e...', Array)
#2 D:\\Users\\Raphael\\Desktop\\desafio_senai\\projects\\technology-solutions-api\\api\\vendor\\laravel\\framework\\src\\Illuminate\\Database\\Connection.php(777): Illuminate\\Database\\Connection->runQueryCallback('drop table if e...', Array, Object(Closure))
#3 D:\\Users\\Raphael\\Desktop\\desafio_senai\\projects\\technology-solutions-api\\api\\vendor\\laravel\\framework\\src\\Illuminate\\Database\\Connection.php(558): Illuminate\\Database\\Connection->run('drop table if e...', Array, Object(Closure))
#4 D:\\Users\\Raphael\\Desktop\\desafio_senai\\projects\\technology-solutions-api\\api\\vendor\\laravel\\framework\\src\\Illuminate\\Database\\Schema\\Blueprint.php(120): Illuminate\\Database\\Connection->statement('drop table if e...')
#5 D:\\Users\\Raphael\\Desktop\\desafio_senai\\projects\\technology-solutions-api\\api\\vendor\\laravel\\framework\\src\\Illuminate\\Database\\Schema\\Builder.php(619): Illuminate\\Database\\Schema\\Blueprint->build()
#6 D:\\Users\\Raphael\\Desktop\\desafio_senai\\projects\\technology-solutions-api\\api\\vendor\\laravel\\framework\\src\\Illuminate\\Database\\Schema\\Builder.php(501): Illuminate\\Database\\Schema\\Builder->build(Object(Illuminate\\Database\\Schema\\Blueprint))
#7 D:\\Users\\Raphael\\Desktop\\desafio_senai\\projects\\technology-solutions-api\\api\\vendor\\laravel\\framework\\src\\Illuminate\\Support\\Facades\\Facade.php(361): Illuminate\\Database\\Schema\\Builder->dropIfExists('users')
#8 D:\\Users\\Raphael\\Desktop\\desafio_senai\\projects\\technology-solutions-api\\api\\database\\migrations\\0001_01_01_000000_create_users_table.php(45): Illuminate\\Support\\Facades\\Facade::__callStatic('dropIfExists', Array)
#9 D:\\Users\\Raphael\\Desktop\\desafio_senai\\projects\\technology-solutions-api\\api\\vendor\\laravel\\framework\\src\\Illuminate\\Database\\Migrations\\Migrator.php(507): Illuminate\\Database\\Migrations\\Migration@anonymous->down()
#10 D:\\Users\\Raphael\\Desktop\\desafio_senai\\projects\\technology-solutions-api\\api\\vendor\\laravel\\framework\\src\\Illuminate\\Database\\Migrations\\Migrator.php(432): Illuminate\\Database\\Migrations\\Migrator->runMethod(Object(Illuminate\\Database\\MySqlConnection), Object(Illuminate\\Database\\Migrations\\Migration@anonymous), 'down')
#11 D:\\Users\\Raphael\\Desktop\\desafio_senai\\projects\\technology-solutions-api\\api\\vendor\\laravel\\framework\\src\\Illuminate\\Database\\Migrations\\Migrator.php(441): Illuminate\\Database\\Migrations\\Migrator->Illuminate\\Database\\Migrations\\{closure}()
#12 D:\\Users\\Raphael\\Desktop\\desafio_senai\\projects\\technology-solutions-api\\api\\vendor\\laravel\\framework\\src\\Illuminate\\Database\\Migrations\\Migrator.php(407): Illuminate\\Database\\Migrations\\Migrator->runMigration(Object(Illuminate\\Database\\Migrations\\Migration@anonymous), 'down')
#13 D:\\Users\\Raphael\\Desktop\\desafio_senai\\projects\\technology-solutions-api\\api\\vendor\\laravel\\framework\\src\\Illuminate\\Console\\View\\Components\\Task.php(40): Illuminate\\Database\\Migrations\\Migrator->Illuminate\\Database\\Migrations\\{closure}()
#14 D:\\Users\\Raphael\\Desktop\\desafio_senai\\projects\\technology-solutions-api\\api\\vendor\\laravel\\framework\\src\\Illuminate\\Database\\Migrations\\Migrator.php(798): Illuminate\\Console\\View\\Components\\Task->render('0001_01_01_0000...', Object(Closure))
#15 D:\\Users\\Raphael\\Desktop\\desafio_senai\\projects\\technology-solutions-api\\api\\vendor\\laravel\\framework\\src\\Illuminate\\Database\\Migrations\\Migrator.php(407): Illuminate\\Database\\Migrations\\Migrator->write('Illuminate\\\\Cons...', '0001_01_01_0000...', Object(Closure))
#16 D:\\Users\\Raphael\\Desktop\\desafio_senai\\projects\\technology-solutions-api\\api\\vendor\\laravel\\framework\\src\\Illuminate\\Database\\Migrations\\Migrator.php(330): Illuminate\\Database\\Migrations\\Migrator->runDown('D:\\\\Users\\\\Raphae...', Object(stdClass), false)
#17 D:\\Users\\Raphael\\Desktop\\desafio_senai\\projects\\technology-solutions-api\\api\\vendor\\laravel\\framework\\src\\Illuminate\\Database\\Migrations\\Migrator.php(381): Illuminate\\Database\\Migrations\\Migrator->rollbackMigrations(Array, Array, Array)
#18 D:\\Users\\Raphael\\Desktop\\desafio_senai\\projects\\technology-solutions-api\\api\\vendor\\laravel\\framework\\src\\Illuminate\\Database\\Migrations\\Migrator.php(361): Illuminate\\Database\\Migrations\\Migrator->resetMigrations(Array, Array, false)
#19 D:\\Users\\Raphael\\Desktop\\desafio_senai\\projects\\technology-solutions-api\\api\\vendor\\laravel\\framework\\src\\Illuminate\\Database\\Console\\Migrations\\ResetCommand.php(71): Illuminate\\Database\\Migrations\\Migrator->reset(Array, false)
#20 D:\\Users\\Raphael\\Desktop\\desafio_senai\\projects\\technology-solutions-api\\api\\vendor\\laravel\\framework\\src\\Illuminate\\Database\\Migrations\\Migrator.php(658): Illuminate\\Database\\Console\\Migrations\\ResetCommand->Illuminate\\Database\\Console\\Migrations\\{closure}()
#21 D:\\Users\\Raphael\\Desktop\\desafio_senai\\projects\\technology-solutions-api\\api\\vendor\\laravel\\framework\\src\\Illuminate\\Database\\Console\\Migrations\\ResetCommand.php(63): Illuminate\\Database\\Migrations\\Migrator->usingConnection(NULL, Object(Closure))
#22 D:\\Users\\Raphael\\Desktop\\desafio_senai\\projects\\technology-solutions-api\\api\\vendor\\laravel\\framework\\src\\Illuminate\\Container\\BoundMethod.php(36): Illuminate\\Database\\Console\\Migrations\\ResetCommand->handle()
#23 D:\\Users\\Raphael\\Desktop\\desafio_senai\\projects\\technology-solutions-api\\api\\vendor\\laravel\\framework\\src\\Illuminate\\Container\\Util.php(43): Illuminate\\Container\\BoundMethod::Illuminate\\Container\\{closure}()
#24 D:\\Users\\Raphael\\Desktop\\desafio_senai\\projects\\technology-solutions-api\\api\\vendor\\laravel\\framework\\src\\Illuminate\\Container\\BoundMethod.php(95): Illuminate\\Container\\Util::unwrapIfClosure(Object(Closure))
#25 D:\\Users\\Raphael\\Desktop\\desafio_senai\\projects\\technology-solutions-api\\api\\vendor\\laravel\\framework\\src\\Illuminate\\Container\\BoundMethod.php(35): Illuminate\\Container\\BoundMethod::callBoundMethod(Object(Illuminate\\Foundation\\Application), Array, Object(Closure))
#26 D:\\Users\\Raphael\\Desktop\\desafio_senai\\projects\\technology-solutions-api\\api\\vendor\\laravel\\framework\\src\\Illuminate\\Container\\Container.php(754): Illuminate\\Container\\BoundMethod::call(Object(Illuminate\\Foundation\\Application), Array, Array, NULL)
#27 D:\\Users\\Raphael\\Desktop\\desafio_senai\\projects\\technology-solutions-api\\api\\vendor\\laravel\\framework\\src\\Illuminate\\Console\\Command.php(213): Illuminate\\Container\\Container->call(Array)
#28 D:\\Users\\Raphael\\Desktop\\desafio_senai\\projects\\technology-solutions-api\\api\\vendor\\symfony\\console\\Command\\Command.php(279): Illuminate\\Console\\Command->execute(Object(Symfony\\Component\\Console\\Input\\ArgvInput), Object(Illuminate\\Console\\OutputStyle))
#29 D:\\Users\\Raphael\\Desktop\\desafio_senai\\projects\\technology-solutions-api\\api\\vendor\\laravel\\framework\\src\\Illuminate\\Console\\Command.php(182): Symfony\\Component\\Console\\Command\\Command->run(Object(Symfony\\Component\\Console\\Input\\ArgvInput), Object(Illuminate\\Console\\OutputStyle))
#30 D:\\Users\\Raphael\\Desktop\\desafio_senai\\projects\\technology-solutions-api\\api\\vendor\\symfony\\console\\Application.php(1094): Illuminate\\Console\\Command->run(Object(Symfony\\Component\\Console\\Input\\ArgvInput), Object(Symfony\\Component\\Console\\Output\\ConsoleOutput))
#31 D:\\Users\\Raphael\\Desktop\\desafio_senai\\projects\\technology-solutions-api\\api\\vendor\\symfony\\console\\Application.php(342): Symfony\\Component\\Console\\Application->doRunCommand(Object(Illuminate\\Database\\Console\\Migrations\\ResetCommand), Object(Symfony\\Component\\Console\\Input\\ArgvInput), Object(Symfony\\Component\\Console\\Output\\ConsoleOutput))
#32 D:\\Users\\Raphael\\Desktop\\desafio_senai\\projects\\technology-solutions-api\\api\\vendor\\symfony\\console\\Application.php(193): Symfony\\Component\\Console\\Application->doRun(Object(Symfony\\Component\\Console\\Input\\ArgvInput), Object(Symfony\\Component\\Console\\Output\\ConsoleOutput))
#33 D:\\Users\\Raphael\\Desktop\\desafio_senai\\projects\\technology-solutions-api\\api\\vendor\\laravel\\framework\\src\\Illuminate\\Foundation\\Console\\Kernel.php(198): Symfony\\Component\\Console\\Application->run(Object(Symfony\\Component\\Console\\Input\\ArgvInput), Object(Symfony\\Component\\Console\\Output\\ConsoleOutput))
#34 D:\\Users\\Raphael\\Desktop\\desafio_senai\\projects\\technology-solutions-api\\api\\vendor\\laravel\\framework\\src\\Illuminate\\Foundation\\Application.php(1235): Illuminate\\Foundation\\Console\\Kernel->handle(Object(Symfony\\Component\\Console\\Input\\ArgvInput), Object(Symfony\\Component\\Console\\Output\\ConsoleOutput))
#35 D:\\Users\\Raphael\\Desktop\\desafio_senai\\projects\\technology-solutions-api\\api\\artisan(16): Illuminate\\Foundation\\Application->handleCommand(Object(Symfony\\Component\\Console\\Input\\ArgvInput))
#36 {main}
"} 
[2025-02-27 12:32:33] local.ERROR: SQLSTATE[42S21]: Column already exists: 1060 Duplicate column name 'cpf' (Connection: mysql, SQL: alter table `users` add `cpf` varchar(255) not null) {"exception":"[object] (Illuminate\\Database\\QueryException(code: 42S21): SQLSTATE[42S21]: Column already exists: 1060 Duplicate column name 'cpf' (Connection: mysql, SQL: alter table `users` add `cpf` varchar(255) not null) at D:\\Users\\Raphael\\Desktop\\desafio_senai\\projects\\technology-solutions-api\\api\\vendor\\laravel\\framework\\src\\Illuminate\\Database\\Connection.php:823)
[stacktrace]
#0 D:\\Users\\Raphael\\Desktop\\desafio_senai\\projects\\technology-solutions-api\\api\\vendor\\laravel\\framework\\src\\Illuminate\\Database\\Connection.php(777): Illuminate\\Database\\Connection->runQueryCallback('alter table `us...', Array, Object(Closure))
#1 D:\\Users\\Raphael\\Desktop\\desafio_senai\\projects\\technology-solutions-api\\api\\vendor\\laravel\\framework\\src\\Illuminate\\Database\\Connection.php(558): Illuminate\\Database\\Connection->run('alter table `us...', Array, Object(Closure))
#2 D:\\Users\\Raphael\\Desktop\\desafio_senai\\projects\\technology-solutions-api\\api\\vendor\\laravel\\framework\\src\\Illuminate\\Database\\Schema\\Blueprint.php(120): Illuminate\\Database\\Connection->statement('alter table `us...')
#3 D:\\Users\\Raphael\\Desktop\\desafio_senai\\projects\\technology-solutions-api\\api\\vendor\\laravel\\framework\\src\\Illuminate\\Database\\Schema\\Builder.php(619): Illuminate\\Database\\Schema\\Blueprint->build()
#4 D:\\Users\\Raphael\\Desktop\\desafio_senai\\projects\\technology-solutions-api\\api\\vendor\\laravel\\framework\\src\\Illuminate\\Database\\Schema\\Builder.php(461): Illuminate\\Database\\Schema\\Builder->build(Object(Illuminate\\Database\\Schema\\Blueprint))
#5 D:\\Users\\Raphael\\Desktop\\desafio_senai\\projects\\technology-solutions-api\\api\\vendor\\laravel\\framework\\src\\Illuminate\\Support\\Facades\\Facade.php(361): Illuminate\\Database\\Schema\\Builder->table('users', Object(Closure))
#6 D:\\Users\\Raphael\\Desktop\\desafio_senai\\projects\\technology-solutions-api\\api\\database\\migrations\\2025_02_27_012726_update_users_table.php(14): Illuminate\\Support\\Facades\\Facade::__callStatic('table', Array)
#7 D:\\Users\\Raphael\\Desktop\\desafio_senai\\projects\\technology-solutions-api\\api\\vendor\\laravel\\framework\\src\\Illuminate\\Database\\Migrations\\Migrator.php(507): Illuminate\\Database\\Migrations\\Migration@anonymous->up()
#8 D:\\Users\\Raphael\\Desktop\\desafio_senai\\projects\\technology-solutions-api\\api\\vendor\\laravel\\framework\\src\\Illuminate\\Database\\Migrations\\Migrator.php(432): Illuminate\\Database\\Migrations\\Migrator->runMethod(Object(Illuminate\\Database\\MySqlConnection), Object(Illuminate\\Database\\Migrations\\Migration@anonymous), 'up')
#9 D:\\Users\\Raphael\\Desktop\\desafio_senai\\projects\\technology-solutions-api\\api\\vendor\\laravel\\framework\\src\\Illuminate\\Database\\Migrations\\Migrator.php(441): Illuminate\\Database\\Migrations\\Migrator->Illuminate\\Database\\Migrations\\{closure}()
#10 D:\\Users\\Raphael\\Desktop\\desafio_senai\\projects\\technology-solutions-api\\api\\vendor\\laravel\\framework\\src\\Illuminate\\Database\\Migrations\\Migrator.php(244): Illuminate\\Database\\Migrations\\Migrator->runMigration(Object(Illuminate\\Database\\Migrations\\Migration@anonymous), 'up')
#11 D:\\Users\\Raphael\\Desktop\\desafio_senai\\projects\\technology-solutions-api\\api\\vendor\\laravel\\framework\\src\\Illuminate\\Console\\View\\Components\\Task.php(40): Illuminate\\Database\\Migrations\\Migrator->Illuminate\\Database\\Migrations\\{closure}()
#12 D:\\Users\\Raphael\\Desktop\\desafio_senai\\projects\\technology-solutions-api\\api\\vendor\\laravel\\framework\\src\\Illuminate\\Database\\Migrations\\Migrator.php(798): Illuminate\\Console\\View\\Components\\Task->render('2025_02_27_0127...', Object(Closure))
#13 D:\\Users\\Raphael\\Desktop\\desafio_senai\\projects\\technology-solutions-api\\api\\vendor\\laravel\\framework\\src\\Illuminate\\Database\\Migrations\\Migrator.php(244): Illuminate\\Database\\Migrations\\Migrator->write('Illuminate\\\\Cons...', '2025_02_27_0127...', Object(Closure))
#14 D:\\Users\\Raphael\\Desktop\\desafio_senai\\projects\\technology-solutions-api\\api\\vendor\\laravel\\framework\\src\\Illuminate\\Database\\Migrations\\Migrator.php(211): Illuminate\\Database\\Migrations\\Migrator->runUp('D:\\\\Users\\\\Raphae...', 2, false)
#15 D:\\Users\\Raphael\\Desktop\\desafio_senai\\projects\\technology-solutions-api\\api\\vendor\\laravel\\framework\\src\\Illuminate\\Database\\Migrations\\Migrator.php(138): Illuminate\\Database\\Migrations\\Migrator->runPending(Array, Array)
#16 D:\\Users\\Raphael\\Desktop\\desafio_senai\\projects\\technology-solutions-api\\api\\vendor\\laravel\\framework\\src\\Illuminate\\Database\\Console\\Migrations\\MigrateCommand.php(117): Illuminate\\Database\\Migrations\\Migrator->run(Array, Array)
#17 D:\\Users\\Raphael\\Desktop\\desafio_senai\\projects\\technology-solutions-api\\api\\vendor\\laravel\\framework\\src\\Illuminate\\Database\\Migrations\\Migrator.php(658): Illuminate\\Database\\Console\\Migrations\\MigrateCommand->Illuminate\\Database\\Console\\Migrations\\{closure}()
#18 D:\\Users\\Raphael\\Desktop\\desafio_senai\\projects\\technology-solutions-api\\api\\vendor\\laravel\\framework\\src\\Illuminate\\Database\\Console\\Migrations\\MigrateCommand.php(110): Illuminate\\Database\\Migrations\\Migrator->usingConnection(NULL, Object(Closure))
#19 D:\\Users\\Raphael\\Desktop\\desafio_senai\\projects\\technology-solutions-api\\api\\vendor\\laravel\\framework\\src\\Illuminate\\Database\\Console\\Migrations\\MigrateCommand.php(89): Illuminate\\Database\\Console\\Migrations\\MigrateCommand->runMigrations()
#20 D:\\Users\\Raphael\\Desktop\\desafio_senai\\projects\\technology-solutions-api\\api\\vendor\\laravel\\framework\\src\\Illuminate\\Container\\BoundMethod.php(36): Illuminate\\Database\\Console\\Migrations\\MigrateCommand->handle()
#21 D:\\Users\\Raphael\\Desktop\\desafio_senai\\projects\\technology-solutions-api\\api\\vendor\\laravel\\framework\\src\\Illuminate\\Container\\Util.php(43): Illuminate\\Container\\BoundMethod::Illuminate\\Container\\{closure}()
#22 D:\\Users\\Raphael\\Desktop\\desafio_senai\\projects\\technology-solutions-api\\api\\vendor\\laravel\\framework\\src\\Illuminate\\Container\\BoundMethod.php(95): Illuminate\\Container\\Util::unwrapIfClosure(Object(Closure))
#23 D:\\Users\\Raphael\\Desktop\\desafio_senai\\projects\\technology-solutions-api\\api\\vendor\\laravel\\framework\\src\\Illuminate\\Container\\BoundMethod.php(35): Illuminate\\Container\\BoundMethod::callBoundMethod(Object(Illuminate\\Foundation\\Application), Array, Object(Closure))
#24 D:\\Users\\Raphael\\Desktop\\desafio_senai\\projects\\technology-solutions-api\\api\\vendor\\laravel\\framework\\src\\Illuminate\\Container\\Container.php(754): Illuminate\\Container\\BoundMethod::call(Object(Illuminate\\Foundation\\Application), Array, Array, NULL)
#25 D:\\Users\\Raphael\\Desktop\\desafio_senai\\projects\\technology-solutions-api\\api\\vendor\\laravel\\framework\\src\\Illuminate\\Console\\Command.php(213): Illuminate\\Container\\Container->call(Array)
#26 D:\\Users\\Raphael\\Desktop\\desafio_senai\\projects\\technology-solutions-api\\api\\vendor\\symfony\\console\\Command\\Command.php(279): Illuminate\\Console\\Command->execute(Object(Symfony\\Component\\Console\\Input\\ArgvInput), Object(Illuminate\\Console\\OutputStyle))
#27 D:\\Users\\Raphael\\Desktop\\desafio_senai\\projects\\technology-solutions-api\\api\\vendor\\laravel\\framework\\src\\Illuminate\\Console\\Command.php(182): Symfony\\Component\\Console\\Command\\Command->run(Object(Symfony\\Component\\Console\\Input\\ArgvInput), Object(Illuminate\\Console\\OutputStyle))
#28 D:\\Users\\Raphael\\Desktop\\desafio_senai\\projects\\technology-solutions-api\\api\\vendor\\symfony\\console\\Application.php(1094): Illuminate\\Console\\Command->run(Object(Symfony\\Component\\Console\\Input\\ArgvInput), Object(Symfony\\Component\\Console\\Output\\ConsoleOutput))
#29 D:\\Users\\Raphael\\Desktop\\desafio_senai\\projects\\technology-solutions-api\\api\\vendor\\symfony\\console\\Application.php(342): Symfony\\Component\\Console\\Application->doRunCommand(Object(Illuminate\\Database\\Console\\Migrations\\MigrateCommand), Object(Symfony\\Component\\Console\\Input\\ArgvInput), Object(Symfony\\Component\\Console\\Output\\ConsoleOutput))
#30 D:\\Users\\Raphael\\Desktop\\desafio_senai\\projects\\technology-solutions-api\\api\\vendor\\symfony\\console\\Application.php(193): Symfony\\Component\\Console\\Application->doRun(Object(Symfony\\Component\\Console\\Input\\ArgvInput), Object(Symfony\\Component\\Console\\Output\\ConsoleOutput))
#31 D:\\Users\\Raphael\\Desktop\\desafio_senai\\projects\\technology-solutions-api\\api\\vendor\\laravel\\framework\\src\\Illuminate\\Foundation\\Console\\Kernel.php(198): Symfony\\Component\\Console\\Application->run(Object(Symfony\\Component\\Console\\Input\\ArgvInput), Object(Symfony\\Component\\Console\\Output\\ConsoleOutput))
#32 D:\\Users\\Raphael\\Desktop\\desafio_senai\\projects\\technology-solutions-api\\api\\vendor\\laravel\\framework\\src\\Illuminate\\Foundation\\Application.php(1235): Illuminate\\Foundation\\Console\\Kernel->handle(Object(Symfony\\Component\\Console\\Input\\ArgvInput), Object(Symfony\\Component\\Console\\Output\\ConsoleOutput))
#33 D:\\Users\\Raphael\\Desktop\\desafio_senai\\projects\\technology-solutions-api\\api\\artisan(16): Illuminate\\Foundation\\Application->handleCommand(Object(Symfony\\Component\\Console\\Input\\ArgvInput))
#34 {main}

[previous exception] [object] (PDOException(code: 42S21): SQLSTATE[42S21]: Column already exists: 1060 Duplicate column name 'cpf' at D:\\Users\\Raphael\\Desktop\\desafio_senai\\projects\\technology-solutions-api\\api\\vendor\\laravel\\framework\\src\\Illuminate\\Database\\Connection.php:569)
[stacktrace]
#0 D:\\Users\\Raphael\\Desktop\\desafio_senai\\projects\\technology-solutions-api\\api\\vendor\\laravel\\framework\\src\\Illuminate\\Database\\Connection.php(569): PDOStatement->execute()
#1 D:\\Users\\Raphael\\Desktop\\desafio_senai\\projects\\technology-solutions-api\\api\\vendor\\laravel\\framework\\src\\Illuminate\\Database\\Connection.php(810): Illuminate\\Database\\Connection->Illuminate\\Database\\{closure}('alter table `us...', Array)
#2 D:\\Users\\Raphael\\Desktop\\desafio_senai\\projects\\technology-solutions-api\\api\\vendor\\laravel\\framework\\src\\Illuminate\\Database\\Connection.php(777): Illuminate\\Database\\Connection->runQueryCallback('alter table `us...', Array, Object(Closure))
#3 D:\\Users\\Raphael\\Desktop\\desafio_senai\\projects\\technology-solutions-api\\api\\vendor\\laravel\\framework\\src\\Illuminate\\Database\\Connection.php(558): Illuminate\\Database\\Connection->run('alter table `us...', Array, Object(Closure))
#4 D:\\Users\\Raphael\\Desktop\\desafio_senai\\projects\\technology-solutions-api\\api\\vendor\\laravel\\framework\\src\\Illuminate\\Database\\Schema\\Blueprint.php(120): Illuminate\\Database\\Connection->statement('alter table `us...')
#5 D:\\Users\\Raphael\\Desktop\\desafio_senai\\projects\\technology-solutions-api\\api\\vendor\\laravel\\framework\\src\\Illuminate\\Database\\Schema\\Builder.php(619): Illuminate\\Database\\Schema\\Blueprint->build()
#6 D:\\Users\\Raphael\\Desktop\\desafio_senai\\projects\\technology-solutions-api\\api\\vendor\\laravel\\framework\\src\\Illuminate\\Database\\Schema\\Builder.php(461): Illuminate\\Database\\Schema\\Builder->build(Object(Illuminate\\Database\\Schema\\Blueprint))
#7 D:\\Users\\Raphael\\Desktop\\desafio_senai\\projects\\technology-solutions-api\\api\\vendor\\laravel\\framework\\src\\Illuminate\\Support\\Facades\\Facade.php(361): Illuminate\\Database\\Schema\\Builder->table('users', Object(Closure))
#8 D:\\Users\\Raphael\\Desktop\\desafio_senai\\projects\\technology-solutions-api\\api\\database\\migrations\\2025_02_27_012726_update_users_table.php(14): Illuminate\\Support\\Facades\\Facade::__callStatic('table', Array)
#9 D:\\Users\\Raphael\\Desktop\\desafio_senai\\projects\\technology-solutions-api\\api\\vendor\\laravel\\framework\\src\\Illuminate\\Database\\Migrations\\Migrator.php(507): Illuminate\\Database\\Migrations\\Migration@anonymous->up()
#10 D:\\Users\\Raphael\\Desktop\\desafio_senai\\projects\\technology-solutions-api\\api\\vendor\\laravel\\framework\\src\\Illuminate\\Database\\Migrations\\Migrator.php(432): Illuminate\\Database\\Migrations\\Migrator->runMethod(Object(Illuminate\\Database\\MySqlConnection), Object(Illuminate\\Database\\Migrations\\Migration@anonymous), 'up')
#11 D:\\Users\\Raphael\\Desktop\\desafio_senai\\projects\\technology-solutions-api\\api\\vendor\\laravel\\framework\\src\\Illuminate\\Database\\Migrations\\Migrator.php(441): Illuminate\\Database\\Migrations\\Migrator->Illuminate\\Database\\Migrations\\{closure}()
#12 D:\\Users\\Raphael\\Desktop\\desafio_senai\\projects\\technology-solutions-api\\api\\vendor\\laravel\\framework\\src\\Illuminate\\Database\\Migrations\\Migrator.php(244): Illuminate\\Database\\Migrations\\Migrator->runMigration(Object(Illuminate\\Database\\Migrations\\Migration@anonymous), 'up')
#13 D:\\Users\\Raphael\\Desktop\\desafio_senai\\projects\\technology-solutions-api\\api\\vendor\\laravel\\framework\\src\\Illuminate\\Console\\View\\Components\\Task.php(40): Illuminate\\Database\\Migrations\\Migrator->Illuminate\\Database\\Migrations\\{closure}()
#14 D:\\Users\\Raphael\\Desktop\\desafio_senai\\projects\\technology-solutions-api\\api\\vendor\\laravel\\framework\\src\\Illuminate\\Database\\Migrations\\Migrator.php(798): Illuminate\\Console\\View\\Components\\Task->render('2025_02_27_0127...', Object(Closure))
#15 D:\\Users\\Raphael\\Desktop\\desafio_senai\\projects\\technology-solutions-api\\api\\vendor\\laravel\\framework\\src\\Illuminate\\Database\\Migrations\\Migrator.php(244): Illuminate\\Database\\Migrations\\Migrator->write('Illuminate\\\\Cons...', '2025_02_27_0127...', Object(Closure))
#16 D:\\Users\\Raphael\\Desktop\\desafio_senai\\projects\\technology-solutions-api\\api\\vendor\\laravel\\framework\\src\\Illuminate\\Database\\Migrations\\Migrator.php(211): Illuminate\\Database\\Migrations\\Migrator->runUp('D:\\\\Users\\\\Raphae...', 2, false)
#17 D:\\Users\\Raphael\\Desktop\\desafio_senai\\projects\\technology-solutions-api\\api\\vendor\\laravel\\framework\\src\\Illuminate\\Database\\Migrations\\Migrator.php(138): Illuminate\\Database\\Migrations\\Migrator->runPending(Array, Array)
#18 D:\\Users\\Raphael\\Desktop\\desafio_senai\\projects\\technology-solutions-api\\api\\vendor\\laravel\\framework\\src\\Illuminate\\Database\\Console\\Migrations\\MigrateCommand.php(117): Illuminate\\Database\\Migrations\\Migrator->run(Array, Array)
#19 D:\\Users\\Raphael\\Desktop\\desafio_senai\\projects\\technology-solutions-api\\api\\vendor\\laravel\\framework\\src\\Illuminate\\Database\\Migrations\\Migrator.php(658): Illuminate\\Database\\Console\\Migrations\\MigrateCommand->Illuminate\\Database\\Console\\Migrations\\{closure}()
#20 D:\\Users\\Raphael\\Desktop\\desafio_senai\\projects\\technology-solutions-api\\api\\vendor\\laravel\\framework\\src\\Illuminate\\Database\\Console\\Migrations\\MigrateCommand.php(110): Illuminate\\Database\\Migrations\\Migrator->usingConnection(NULL, Object(Closure))
#21 D:\\Users\\Raphael\\Desktop\\desafio_senai\\projects\\technology-solutions-api\\api\\vendor\\laravel\\framework\\src\\Illuminate\\Database\\Console\\Migrations\\MigrateCommand.php(89): Illuminate\\Database\\Console\\Migrations\\MigrateCommand->runMigrations()
#22 D:\\Users\\Raphael\\Desktop\\desafio_senai\\projects\\technology-solutions-api\\api\\vendor\\laravel\\framework\\src\\Illuminate\\Container\\BoundMethod.php(36): Illuminate\\Database\\Console\\Migrations\\MigrateCommand->handle()
#23 D:\\Users\\Raphael\\Desktop\\desafio_senai\\projects\\technology-solutions-api\\api\\vendor\\laravel\\framework\\src\\Illuminate\\Container\\Util.php(43): Illuminate\\Container\\BoundMethod::Illuminate\\Container\\{closure}()
#24 D:\\Users\\Raphael\\Desktop\\desafio_senai\\projects\\technology-solutions-api\\api\\vendor\\laravel\\framework\\src\\Illuminate\\Container\\BoundMethod.php(95): Illuminate\\Container\\Util::unwrapIfClosure(Object(Closure))
#25 D:\\Users\\Raphael\\Desktop\\desafio_senai\\projects\\technology-solutions-api\\api\\vendor\\laravel\\framework\\src\\Illuminate\\Container\\BoundMethod.php(35): Illuminate\\Container\\BoundMethod::callBoundMethod(Object(Illuminate\\Foundation\\Application), Array, Object(Closure))
#26 D:\\Users\\Raphael\\Desktop\\desafio_senai\\projects\\technology-solutions-api\\api\\vendor\\laravel\\framework\\src\\Illuminate\\Container\\Container.php(754): Illuminate\\Container\\BoundMethod::call(Object(Illuminate\\Foundation\\Application), Array, Array, NULL)
#27 D:\\Users\\Raphael\\Desktop\\desafio_senai\\projects\\technology-solutions-api\\api\\vendor\\laravel\\framework\\src\\Illuminate\\Console\\Command.php(213): Illuminate\\Container\\Container->call(Array)
#28 D:\\Users\\Raphael\\Desktop\\desafio_senai\\projects\\technology-solutions-api\\api\\vendor\\symfony\\console\\Command\\Command.php(279): Illuminate\\Console\\Command->execute(Object(Symfony\\Component\\Console\\Input\\ArgvInput), Object(Illuminate\\Console\\OutputStyle))
#29 D:\\Users\\Raphael\\Desktop\\desafio_senai\\projects\\technology-solutions-api\\api\\vendor\\laravel\\framework\\src\\Illuminate\\Console\\Command.php(182): Symfony\\Component\\Console\\Command\\Command->run(Object(Symfony\\Component\\Console\\Input\\ArgvInput), Object(Illuminate\\Console\\OutputStyle))
#30 D:\\Users\\Raphael\\Desktop\\desafio_senai\\projects\\technology-solutions-api\\api\\vendor\\symfony\\console\\Application.php(1094): Illuminate\\Console\\Command->run(Object(Symfony\\Component\\Console\\Input\\ArgvInput), Object(Symfony\\Component\\Console\\Output\\ConsoleOutput))
#31 D:\\Users\\Raphael\\Desktop\\desafio_senai\\projects\\technology-solutions-api\\api\\vendor\\symfony\\console\\Application.php(342): Symfony\\Component\\Console\\Application->doRunCommand(Object(Illuminate\\Database\\Console\\Migrations\\MigrateCommand), Object(Symfony\\Component\\Console\\Input\\ArgvInput), Object(Symfony\\Component\\Console\\Output\\ConsoleOutput))
#32 D:\\Users\\Raphael\\Desktop\\desafio_senai\\projects\\technology-solutions-api\\api\\vendor\\symfony\\console\\Application.php(193): Symfony\\Component\\Console\\Application->doRun(Object(Symfony\\Component\\Console\\Input\\ArgvInput), Object(Symfony\\Component\\Console\\Output\\ConsoleOutput))
#33 D:\\Users\\Raphael\\Desktop\\desafio_senai\\projects\\technology-solutions-api\\api\\vendor\\laravel\\framework\\src\\Illuminate\\Foundation\\Console\\Kernel.php(198): Symfony\\Component\\Console\\Application->run(Object(Symfony\\Component\\Console\\Input\\ArgvInput), Object(Symfony\\Component\\Console\\Output\\ConsoleOutput))
#34 D:\\Users\\Raphael\\Desktop\\desafio_senai\\projects\\technology-solutions-api\\api\\vendor\\laravel\\framework\\src\\Illuminate\\Foundation\\Application.php(1235): Illuminate\\Foundation\\Console\\Kernel->handle(Object(Symfony\\Component\\Console\\Input\\ArgvInput), Object(Symfony\\Component\\Console\\Output\\ConsoleOutput))
#35 D:\\Users\\Raphael\\Desktop\\desafio_senai\\projects\\technology-solutions-api\\api\\artisan(16): Illuminate\\Foundation\\Application->handleCommand(Object(Symfony\\Component\\Console\\Input\\ArgvInput))
#36 {main}
"} 
[2025-02-27 12:32:59] local.ERROR: SQLSTATE[23000]: Integrity constraint violation: 1451 Cannot delete or update a parent row: a foreign key constraint fails (Connection: mysql, SQL: drop table if exists `user_types`) {"exception":"[object] (Illuminate\\Database\\QueryException(code: 23000): SQLSTATE[23000]: Integrity constraint violation: 1451 Cannot delete or update a parent row: a foreign key constraint fails (Connection: mysql, SQL: drop table if exists `user_types`) at D:\\Users\\Raphael\\Desktop\\desafio_senai\\projects\\technology-solutions-api\\api\\vendor\\laravel\\framework\\src\\Illuminate\\Database\\Connection.php:823)
[stacktrace]
#0 D:\\Users\\Raphael\\Desktop\\desafio_senai\\projects\\technology-solutions-api\\api\\vendor\\laravel\\framework\\src\\Illuminate\\Database\\Connection.php(777): Illuminate\\Database\\Connection->runQueryCallback('drop table if e...', Array, Object(Closure))
#1 D:\\Users\\Raphael\\Desktop\\desafio_senai\\projects\\technology-solutions-api\\api\\vendor\\laravel\\framework\\src\\Illuminate\\Database\\Connection.php(558): Illuminate\\Database\\Connection->run('drop table if e...', Array, Object(Closure))
#2 D:\\Users\\Raphael\\Desktop\\desafio_senai\\projects\\technology-solutions-api\\api\\vendor\\laravel\\framework\\src\\Illuminate\\Database\\Schema\\Blueprint.php(120): Illuminate\\Database\\Connection->statement('drop table if e...')
#3 D:\\Users\\Raphael\\Desktop\\desafio_senai\\projects\\technology-solutions-api\\api\\vendor\\laravel\\framework\\src\\Illuminate\\Database\\Schema\\Builder.php(619): Illuminate\\Database\\Schema\\Blueprint->build()
#4 D:\\Users\\Raphael\\Desktop\\desafio_senai\\projects\\technology-solutions-api\\api\\vendor\\laravel\\framework\\src\\Illuminate\\Database\\Schema\\Builder.php(501): Illuminate\\Database\\Schema\\Builder->build(Object(Illuminate\\Database\\Schema\\Blueprint))
#5 D:\\Users\\Raphael\\Desktop\\desafio_senai\\projects\\technology-solutions-api\\api\\vendor\\laravel\\framework\\src\\Illuminate\\Support\\Facades\\Facade.php(361): Illuminate\\Database\\Schema\\Builder->dropIfExists('user_types')
#6 D:\\Users\\Raphael\\Desktop\\desafio_senai\\projects\\technology-solutions-api\\api\\database\\migrations\\2025_02_27_004756_create_user_types_table.php(26): Illuminate\\Support\\Facades\\Facade::__callStatic('dropIfExists', Array)
#7 D:\\Users\\Raphael\\Desktop\\desafio_senai\\projects\\technology-solutions-api\\api\\vendor\\laravel\\framework\\src\\Illuminate\\Database\\Migrations\\Migrator.php(507): Illuminate\\Database\\Migrations\\Migration@anonymous->down()
#8 D:\\Users\\Raphael\\Desktop\\desafio_senai\\projects\\technology-solutions-api\\api\\vendor\\laravel\\framework\\src\\Illuminate\\Database\\Migrations\\Migrator.php(432): Illuminate\\Database\\Migrations\\Migrator->runMethod(Object(Illuminate\\Database\\MySqlConnection), Object(Illuminate\\Database\\Migrations\\Migration@anonymous), 'down')
#9 D:\\Users\\Raphael\\Desktop\\desafio_senai\\projects\\technology-solutions-api\\api\\vendor\\laravel\\framework\\src\\Illuminate\\Database\\Migrations\\Migrator.php(441): Illuminate\\Database\\Migrations\\Migrator->Illuminate\\Database\\Migrations\\{closure}()
#10 D:\\Users\\Raphael\\Desktop\\desafio_senai\\projects\\technology-solutions-api\\api\\vendor\\laravel\\framework\\src\\Illuminate\\Database\\Migrations\\Migrator.php(407): Illuminate\\Database\\Migrations\\Migrator->runMigration(Object(Illuminate\\Database\\Migrations\\Migration@anonymous), 'down')
#11 D:\\Users\\Raphael\\Desktop\\desafio_senai\\projects\\technology-solutions-api\\api\\vendor\\laravel\\framework\\src\\Illuminate\\Console\\View\\Components\\Task.php(40): Illuminate\\Database\\Migrations\\Migrator->Illuminate\\Database\\Migrations\\{closure}()
#12 D:\\Users\\Raphael\\Desktop\\desafio_senai\\projects\\technology-solutions-api\\api\\vendor\\laravel\\framework\\src\\Illuminate\\Database\\Migrations\\Migrator.php(798): Illuminate\\Console\\View\\Components\\Task->render('2025_02_27_0047...', Object(Closure))
#13 D:\\Users\\Raphael\\Desktop\\desafio_senai\\projects\\technology-solutions-api\\api\\vendor\\laravel\\framework\\src\\Illuminate\\Database\\Migrations\\Migrator.php(407): Illuminate\\Database\\Migrations\\Migrator->write('Illuminate\\\\Cons...', '2025_02_27_0047...', Object(Closure))
#14 D:\\Users\\Raphael\\Desktop\\desafio_senai\\projects\\technology-solutions-api\\api\\vendor\\laravel\\framework\\src\\Illuminate\\Database\\Migrations\\Migrator.php(330): Illuminate\\Database\\Migrations\\Migrator->runDown('D:\\\\Users\\\\Raphae...', Object(stdClass), false)
#15 D:\\Users\\Raphael\\Desktop\\desafio_senai\\projects\\technology-solutions-api\\api\\vendor\\laravel\\framework\\src\\Illuminate\\Database\\Migrations\\Migrator.php(381): Illuminate\\Database\\Migrations\\Migrator->rollbackMigrations(Array, Array, Array)
#16 D:\\Users\\Raphael\\Desktop\\desafio_senai\\projects\\technology-solutions-api\\api\\vendor\\laravel\\framework\\src\\Illuminate\\Database\\Migrations\\Migrator.php(361): Illuminate\\Database\\Migrations\\Migrator->resetMigrations(Array, Array, false)
#17 D:\\Users\\Raphael\\Desktop\\desafio_senai\\projects\\technology-solutions-api\\api\\vendor\\laravel\\framework\\src\\Illuminate\\Database\\Console\\Migrations\\ResetCommand.php(71): Illuminate\\Database\\Migrations\\Migrator->reset(Array, false)
#18 D:\\Users\\Raphael\\Desktop\\desafio_senai\\projects\\technology-solutions-api\\api\\vendor\\laravel\\framework\\src\\Illuminate\\Database\\Migrations\\Migrator.php(658): Illuminate\\Database\\Console\\Migrations\\ResetCommand->Illuminate\\Database\\Console\\Migrations\\{closure}()
#19 D:\\Users\\Raphael\\Desktop\\desafio_senai\\projects\\technology-solutions-api\\api\\vendor\\laravel\\framework\\src\\Illuminate\\Database\\Console\\Migrations\\ResetCommand.php(63): Illuminate\\Database\\Migrations\\Migrator->usingConnection(NULL, Object(Closure))
#20 D:\\Users\\Raphael\\Desktop\\desafio_senai\\projects\\technology-solutions-api\\api\\vendor\\laravel\\framework\\src\\Illuminate\\Container\\BoundMethod.php(36): Illuminate\\Database\\Console\\Migrations\\ResetCommand->handle()
#21 D:\\Users\\Raphael\\Desktop\\desafio_senai\\projects\\technology-solutions-api\\api\\vendor\\laravel\\framework\\src\\Illuminate\\Container\\Util.php(43): Illuminate\\Container\\BoundMethod::Illuminate\\Container\\{closure}()
#22 D:\\Users\\Raphael\\Desktop\\desafio_senai\\projects\\technology-solutions-api\\api\\vendor\\laravel\\framework\\src\\Illuminate\\Container\\BoundMethod.php(95): Illuminate\\Container\\Util::unwrapIfClosure(Object(Closure))
#23 D:\\Users\\Raphael\\Desktop\\desafio_senai\\projects\\technology-solutions-api\\api\\vendor\\laravel\\framework\\src\\Illuminate\\Container\\BoundMethod.php(35): Illuminate\\Container\\BoundMethod::callBoundMethod(Object(Illuminate\\Foundation\\Application), Array, Object(Closure))
#24 D:\\Users\\Raphael\\Desktop\\desafio_senai\\projects\\technology-solutions-api\\api\\vendor\\laravel\\framework\\src\\Illuminate\\Container\\Container.php(754): Illuminate\\Container\\BoundMethod::call(Object(Illuminate\\Foundation\\Application), Array, Array, NULL)
#25 D:\\Users\\Raphael\\Desktop\\desafio_senai\\projects\\technology-solutions-api\\api\\vendor\\laravel\\framework\\src\\Illuminate\\Console\\Command.php(213): Illuminate\\Container\\Container->call(Array)
#26 D:\\Users\\Raphael\\Desktop\\desafio_senai\\projects\\technology-solutions-api\\api\\vendor\\symfony\\console\\Command\\Command.php(279): Illuminate\\Console\\Command->execute(Object(Symfony\\Component\\Console\\Input\\ArgvInput), Object(Illuminate\\Console\\OutputStyle))
#27 D:\\Users\\Raphael\\Desktop\\desafio_senai\\projects\\technology-solutions-api\\api\\vendor\\laravel\\framework\\src\\Illuminate\\Console\\Command.php(182): Symfony\\Component\\Console\\Command\\Command->run(Object(Symfony\\Component\\Console\\Input\\ArgvInput), Object(Illuminate\\Console\\OutputStyle))
#28 D:\\Users\\Raphael\\Desktop\\desafio_senai\\projects\\technology-solutions-api\\api\\vendor\\symfony\\console\\Application.php(1094): Illuminate\\Console\\Command->run(Object(Symfony\\Component\\Console\\Input\\ArgvInput), Object(Symfony\\Component\\Console\\Output\\ConsoleOutput))
#29 D:\\Users\\Raphael\\Desktop\\desafio_senai\\projects\\technology-solutions-api\\api\\vendor\\symfony\\console\\Application.php(342): Symfony\\Component\\Console\\Application->doRunCommand(Object(Illuminate\\Database\\Console\\Migrations\\ResetCommand), Object(Symfony\\Component\\Console\\Input\\ArgvInput), Object(Symfony\\Component\\Console\\Output\\ConsoleOutput))
#30 D:\\Users\\Raphael\\Desktop\\desafio_senai\\projects\\technology-solutions-api\\api\\vendor\\symfony\\console\\Application.php(193): Symfony\\Component\\Console\\Application->doRun(Object(Symfony\\Component\\Console\\Input\\ArgvInput), Object(Symfony\\Component\\Console\\Output\\ConsoleOutput))
#31 D:\\Users\\Raphael\\Desktop\\desafio_senai\\projects\\technology-solutions-api\\api\\vendor\\laravel\\framework\\src\\Illuminate\\Foundation\\Console\\Kernel.php(198): Symfony\\Component\\Console\\Application->run(Object(Symfony\\Component\\Console\\Input\\ArgvInput), Object(Symfony\\Component\\Console\\Output\\ConsoleOutput))
#32 D:\\Users\\Raphael\\Desktop\\desafio_senai\\projects\\technology-solutions-api\\api\\vendor\\laravel\\framework\\src\\Illuminate\\Foundation\\Application.php(1235): Illuminate\\Foundation\\Console\\Kernel->handle(Object(Symfony\\Component\\Console\\Input\\ArgvInput), Object(Symfony\\Component\\Console\\Output\\ConsoleOutput))
#33 D:\\Users\\Raphael\\Desktop\\desafio_senai\\projects\\technology-solutions-api\\api\\artisan(16): Illuminate\\Foundation\\Application->handleCommand(Object(Symfony\\Component\\Console\\Input\\ArgvInput))
#34 {main}

[previous exception] [object] (PDOException(code: 23000): SQLSTATE[23000]: Integrity constraint violation: 1451 Cannot delete or update a parent row: a foreign key constraint fails at D:\\Users\\Raphael\\Desktop\\desafio_senai\\projects\\technology-solutions-api\\api\\vendor\\laravel\\framework\\src\\Illuminate\\Database\\Connection.php:569)
[stacktrace]
#0 D:\\Users\\Raphael\\Desktop\\desafio_senai\\projects\\technology-solutions-api\\api\\vendor\\laravel\\framework\\src\\Illuminate\\Database\\Connection.php(569): PDOStatement->execute()
#1 D:\\Users\\Raphael\\Desktop\\desafio_senai\\projects\\technology-solutions-api\\api\\vendor\\laravel\\framework\\src\\Illuminate\\Database\\Connection.php(810): Illuminate\\Database\\Connection->Illuminate\\Database\\{closure}('drop table if e...', Array)
#2 D:\\Users\\Raphael\\Desktop\\desafio_senai\\projects\\technology-solutions-api\\api\\vendor\\laravel\\framework\\src\\Illuminate\\Database\\Connection.php(777): Illuminate\\Database\\Connection->runQueryCallback('drop table if e...', Array, Object(Closure))
#3 D:\\Users\\Raphael\\Desktop\\desafio_senai\\projects\\technology-solutions-api\\api\\vendor\\laravel\\framework\\src\\Illuminate\\Database\\Connection.php(558): Illuminate\\Database\\Connection->run('drop table if e...', Array, Object(Closure))
#4 D:\\Users\\Raphael\\Desktop\\desafio_senai\\projects\\technology-solutions-api\\api\\vendor\\laravel\\framework\\src\\Illuminate\\Database\\Schema\\Blueprint.php(120): Illuminate\\Database\\Connection->statement('drop table if e...')
#5 D:\\Users\\Raphael\\Desktop\\desafio_senai\\projects\\technology-solutions-api\\api\\vendor\\laravel\\framework\\src\\Illuminate\\Database\\Schema\\Builder.php(619): Illuminate\\Database\\Schema\\Blueprint->build()
#6 D:\\Users\\Raphael\\Desktop\\desafio_senai\\projects\\technology-solutions-api\\api\\vendor\\laravel\\framework\\src\\Illuminate\\Database\\Schema\\Builder.php(501): Illuminate\\Database\\Schema\\Builder->build(Object(Illuminate\\Database\\Schema\\Blueprint))
#7 D:\\Users\\Raphael\\Desktop\\desafio_senai\\projects\\technology-solutions-api\\api\\vendor\\laravel\\framework\\src\\Illuminate\\Support\\Facades\\Facade.php(361): Illuminate\\Database\\Schema\\Builder->dropIfExists('user_types')
#8 D:\\Users\\Raphael\\Desktop\\desafio_senai\\projects\\technology-solutions-api\\api\\database\\migrations\\2025_02_27_004756_create_user_types_table.php(26): Illuminate\\Support\\Facades\\Facade::__callStatic('dropIfExists', Array)
#9 D:\\Users\\Raphael\\Desktop\\desafio_senai\\projects\\technology-solutions-api\\api\\vendor\\laravel\\framework\\src\\Illuminate\\Database\\Migrations\\Migrator.php(507): Illuminate\\Database\\Migrations\\Migration@anonymous->down()
#10 D:\\Users\\Raphael\\Desktop\\desafio_senai\\projects\\technology-solutions-api\\api\\vendor\\laravel\\framework\\src\\Illuminate\\Database\\Migrations\\Migrator.php(432): Illuminate\\Database\\Migrations\\Migrator->runMethod(Object(Illuminate\\Database\\MySqlConnection), Object(Illuminate\\Database\\Migrations\\Migration@anonymous), 'down')
#11 D:\\Users\\Raphael\\Desktop\\desafio_senai\\projects\\technology-solutions-api\\api\\vendor\\laravel\\framework\\src\\Illuminate\\Database\\Migrations\\Migrator.php(441): Illuminate\\Database\\Migrations\\Migrator->Illuminate\\Database\\Migrations\\{closure}()
#12 D:\\Users\\Raphael\\Desktop\\desafio_senai\\projects\\technology-solutions-api\\api\\vendor\\laravel\\framework\\src\\Illuminate\\Database\\Migrations\\Migrator.php(407): Illuminate\\Database\\Migrations\\Migrator->runMigration(Object(Illuminate\\Database\\Migrations\\Migration@anonymous), 'down')
#13 D:\\Users\\Raphael\\Desktop\\desafio_senai\\projects\\technology-solutions-api\\api\\vendor\\laravel\\framework\\src\\Illuminate\\Console\\View\\Components\\Task.php(40): Illuminate\\Database\\Migrations\\Migrator->Illuminate\\Database\\Migrations\\{closure}()
#14 D:\\Users\\Raphael\\Desktop\\desafio_senai\\projects\\technology-solutions-api\\api\\vendor\\laravel\\framework\\src\\Illuminate\\Database\\Migrations\\Migrator.php(798): Illuminate\\Console\\View\\Components\\Task->render('2025_02_27_0047...', Object(Closure))
#15 D:\\Users\\Raphael\\Desktop\\desafio_senai\\projects\\technology-solutions-api\\api\\vendor\\laravel\\framework\\src\\Illuminate\\Database\\Migrations\\Migrator.php(407): Illuminate\\Database\\Migrations\\Migrator->write('Illuminate\\\\Cons...', '2025_02_27_0047...', Object(Closure))
#16 D:\\Users\\Raphael\\Desktop\\desafio_senai\\projects\\technology-solutions-api\\api\\vendor\\laravel\\framework\\src\\Illuminate\\Database\\Migrations\\Migrator.php(330): Illuminate\\Database\\Migrations\\Migrator->runDown('D:\\\\Users\\\\Raphae...', Object(stdClass), false)
#17 D:\\Users\\Raphael\\Desktop\\desafio_senai\\projects\\technology-solutions-api\\api\\vendor\\laravel\\framework\\src\\Illuminate\\Database\\Migrations\\Migrator.php(381): Illuminate\\Database\\Migrations\\Migrator->rollbackMigrations(Array, Array, Array)
#18 D:\\Users\\Raphael\\Desktop\\desafio_senai\\projects\\technology-solutions-api\\api\\vendor\\laravel\\framework\\src\\Illuminate\\Database\\Migrations\\Migrator.php(361): Illuminate\\Database\\Migrations\\Migrator->resetMigrations(Array, Array, false)
#19 D:\\Users\\Raphael\\Desktop\\desafio_senai\\projects\\technology-solutions-api\\api\\vendor\\laravel\\framework\\src\\Illuminate\\Database\\Console\\Migrations\\ResetCommand.php(71): Illuminate\\Database\\Migrations\\Migrator->reset(Array, false)
#20 D:\\Users\\Raphael\\Desktop\\desafio_senai\\projects\\technology-solutions-api\\api\\vendor\\laravel\\framework\\src\\Illuminate\\Database\\Migrations\\Migrator.php(658): Illuminate\\Database\\Console\\Migrations\\ResetCommand->Illuminate\\Database\\Console\\Migrations\\{closure}()
#21 D:\\Users\\Raphael\\Desktop\\desafio_senai\\projects\\technology-solutions-api\\api\\vendor\\laravel\\framework\\src\\Illuminate\\Database\\Console\\Migrations\\ResetCommand.php(63): Illuminate\\Database\\Migrations\\Migrator->usingConnection(NULL, Object(Closure))
#22 D:\\Users\\Raphael\\Desktop\\desafio_senai\\projects\\technology-solutions-api\\api\\vendor\\laravel\\framework\\src\\Illuminate\\Container\\BoundMethod.php(36): Illuminate\\Database\\Console\\Migrations\\ResetCommand->handle()
#23 D:\\Users\\Raphael\\Desktop\\desafio_senai\\projects\\technology-solutions-api\\api\\vendor\\laravel\\framework\\src\\Illuminate\\Container\\Util.php(43): Illuminate\\Container\\BoundMethod::Illuminate\\Container\\{closure}()
#24 D:\\Users\\Raphael\\Desktop\\desafio_senai\\projects\\technology-solutions-api\\api\\vendor\\laravel\\framework\\src\\Illuminate\\Container\\BoundMethod.php(95): Illuminate\\Container\\Util::unwrapIfClosure(Object(Closure))
#25 D:\\Users\\Raphael\\Desktop\\desafio_senai\\projects\\technology-solutions-api\\api\\vendor\\laravel\\framework\\src\\Illuminate\\Container\\BoundMethod.php(35): Illuminate\\Container\\BoundMethod::callBoundMethod(Object(Illuminate\\Foundation\\Application), Array, Object(Closure))
#26 D:\\Users\\Raphael\\Desktop\\desafio_senai\\projects\\technology-solutions-api\\api\\vendor\\laravel\\framework\\src\\Illuminate\\Container\\Container.php(754): Illuminate\\Container\\BoundMethod::call(Object(Illuminate\\Foundation\\Application), Array, Array, NULL)
#27 D:\\Users\\Raphael\\Desktop\\desafio_senai\\projects\\technology-solutions-api\\api\\vendor\\laravel\\framework\\src\\Illuminate\\Console\\Command.php(213): Illuminate\\Container\\Container->call(Array)
#28 D:\\Users\\Raphael\\Desktop\\desafio_senai\\projects\\technology-solutions-api\\api\\vendor\\symfony\\console\\Command\\Command.php(279): Illuminate\\Console\\Command->execute(Object(Symfony\\Component\\Console\\Input\\ArgvInput), Object(Illuminate\\Console\\OutputStyle))
#29 D:\\Users\\Raphael\\Desktop\\desafio_senai\\projects\\technology-solutions-api\\api\\vendor\\laravel\\framework\\src\\Illuminate\\Console\\Command.php(182): Symfony\\Component\\Console\\Command\\Command->run(Object(Symfony\\Component\\Console\\Input\\ArgvInput), Object(Illuminate\\Console\\OutputStyle))
#30 D:\\Users\\Raphael\\Desktop\\desafio_senai\\projects\\technology-solutions-api\\api\\vendor\\symfony\\console\\Application.php(1094): Illuminate\\Console\\Command->run(Object(Symfony\\Component\\Console\\Input\\ArgvInput), Object(Symfony\\Component\\Console\\Output\\ConsoleOutput))
#31 D:\\Users\\Raphael\\Desktop\\desafio_senai\\projects\\technology-solutions-api\\api\\vendor\\symfony\\console\\Application.php(342): Symfony\\Component\\Console\\Application->doRunCommand(Object(Illuminate\\Database\\Console\\Migrations\\ResetCommand), Object(Symfony\\Component\\Console\\Input\\ArgvInput), Object(Symfony\\Component\\Console\\Output\\ConsoleOutput))
#32 D:\\Users\\Raphael\\Desktop\\desafio_senai\\projects\\technology-solutions-api\\api\\vendor\\symfony\\console\\Application.php(193): Symfony\\Component\\Console\\Application->doRun(Object(Symfony\\Component\\Console\\Input\\ArgvInput), Object(Symfony\\Component\\Console\\Output\\ConsoleOutput))
#33 D:\\Users\\Raphael\\Desktop\\desafio_senai\\projects\\technology-solutions-api\\api\\vendor\\laravel\\framework\\src\\Illuminate\\Foundation\\Console\\Kernel.php(198): Symfony\\Component\\Console\\Application->run(Object(Symfony\\Component\\Console\\Input\\ArgvInput), Object(Symfony\\Component\\Console\\Output\\ConsoleOutput))
#34 D:\\Users\\Raphael\\Desktop\\desafio_senai\\projects\\technology-solutions-api\\api\\vendor\\laravel\\framework\\src\\Illuminate\\Foundation\\Application.php(1235): Illuminate\\Foundation\\Console\\Kernel->handle(Object(Symfony\\Component\\Console\\Input\\ArgvInput), Object(Symfony\\Component\\Console\\Output\\ConsoleOutput))
#35 D:\\Users\\Raphael\\Desktop\\desafio_senai\\projects\\technology-solutions-api\\api\\artisan(16): Illuminate\\Foundation\\Application->handleCommand(Object(Symfony\\Component\\Console\\Input\\ArgvInput))
#36 {main}
"} 
[2025-02-27 12:33:47] local.ERROR: SQLSTATE[23000]: Integrity constraint violation: 1451 Cannot delete or update a parent row: a foreign key constraint fails (Connection: mysql, SQL: drop table if exists `user_types`) {"exception":"[object] (Illuminate\\Database\\QueryException(code: 23000): SQLSTATE[23000]: Integrity constraint violation: 1451 Cannot delete or update a parent row: a foreign key constraint fails (Connection: mysql, SQL: drop table if exists `user_types`) at D:\\Users\\Raphael\\Desktop\\desafio_senai\\projects\\technology-solutions-api\\api\\vendor\\laravel\\framework\\src\\Illuminate\\Database\\Connection.php:823)
[stacktrace]
#0 D:\\Users\\Raphael\\Desktop\\desafio_senai\\projects\\technology-solutions-api\\api\\vendor\\laravel\\framework\\src\\Illuminate\\Database\\Connection.php(777): Illuminate\\Database\\Connection->runQueryCallback('drop table if e...', Array, Object(Closure))
#1 D:\\Users\\Raphael\\Desktop\\desafio_senai\\projects\\technology-solutions-api\\api\\vendor\\laravel\\framework\\src\\Illuminate\\Database\\Connection.php(558): Illuminate\\Database\\Connection->run('drop table if e...', Array, Object(Closure))
#2 D:\\Users\\Raphael\\Desktop\\desafio_senai\\projects\\technology-solutions-api\\api\\vendor\\laravel\\framework\\src\\Illuminate\\Database\\Schema\\Blueprint.php(120): Illuminate\\Database\\Connection->statement('drop table if e...')
#3 D:\\Users\\Raphael\\Desktop\\desafio_senai\\projects\\technology-solutions-api\\api\\vendor\\laravel\\framework\\src\\Illuminate\\Database\\Schema\\Builder.php(619): Illuminate\\Database\\Schema\\Blueprint->build()
#4 D:\\Users\\Raphael\\Desktop\\desafio_senai\\projects\\technology-solutions-api\\api\\vendor\\laravel\\framework\\src\\Illuminate\\Database\\Schema\\Builder.php(501): Illuminate\\Database\\Schema\\Builder->build(Object(Illuminate\\Database\\Schema\\Blueprint))
#5 D:\\Users\\Raphael\\Desktop\\desafio_senai\\projects\\technology-solutions-api\\api\\vendor\\laravel\\framework\\src\\Illuminate\\Support\\Facades\\Facade.php(361): Illuminate\\Database\\Schema\\Builder->dropIfExists('user_types')
#6 D:\\Users\\Raphael\\Desktop\\desafio_senai\\projects\\technology-solutions-api\\api\\database\\migrations\\2025_02_27_004756_create_user_types_table.php(26): Illuminate\\Support\\Facades\\Facade::__callStatic('dropIfExists', Array)
#7 D:\\Users\\Raphael\\Desktop\\desafio_senai\\projects\\technology-solutions-api\\api\\vendor\\laravel\\framework\\src\\Illuminate\\Database\\Migrations\\Migrator.php(507): Illuminate\\Database\\Migrations\\Migration@anonymous->down()
#8 D:\\Users\\Raphael\\Desktop\\desafio_senai\\projects\\technology-solutions-api\\api\\vendor\\laravel\\framework\\src\\Illuminate\\Database\\Migrations\\Migrator.php(432): Illuminate\\Database\\Migrations\\Migrator->runMethod(Object(Illuminate\\Database\\MySqlConnection), Object(Illuminate\\Database\\Migrations\\Migration@anonymous), 'down')
#9 D:\\Users\\Raphael\\Desktop\\desafio_senai\\projects\\technology-solutions-api\\api\\vendor\\laravel\\framework\\src\\Illuminate\\Database\\Migrations\\Migrator.php(441): Illuminate\\Database\\Migrations\\Migrator->Illuminate\\Database\\Migrations\\{closure}()
#10 D:\\Users\\Raphael\\Desktop\\desafio_senai\\projects\\technology-solutions-api\\api\\vendor\\laravel\\framework\\src\\Illuminate\\Database\\Migrations\\Migrator.php(407): Illuminate\\Database\\Migrations\\Migrator->runMigration(Object(Illuminate\\Database\\Migrations\\Migration@anonymous), 'down')
#11 D:\\Users\\Raphael\\Desktop\\desafio_senai\\projects\\technology-solutions-api\\api\\vendor\\laravel\\framework\\src\\Illuminate\\Console\\View\\Components\\Task.php(40): Illuminate\\Database\\Migrations\\Migrator->Illuminate\\Database\\Migrations\\{closure}()
#12 D:\\Users\\Raphael\\Desktop\\desafio_senai\\projects\\technology-solutions-api\\api\\vendor\\laravel\\framework\\src\\Illuminate\\Database\\Migrations\\Migrator.php(798): Illuminate\\Console\\View\\Components\\Task->render('2025_02_27_0047...', Object(Closure))
#13 D:\\Users\\Raphael\\Desktop\\desafio_senai\\projects\\technology-solutions-api\\api\\vendor\\laravel\\framework\\src\\Illuminate\\Database\\Migrations\\Migrator.php(407): Illuminate\\Database\\Migrations\\Migrator->write('Illuminate\\\\Cons...', '2025_02_27_0047...', Object(Closure))
#14 D:\\Users\\Raphael\\Desktop\\desafio_senai\\projects\\technology-solutions-api\\api\\vendor\\laravel\\framework\\src\\Illuminate\\Database\\Migrations\\Migrator.php(330): Illuminate\\Database\\Migrations\\Migrator->runDown('D:\\\\Users\\\\Raphae...', Object(stdClass), false)
#15 D:\\Users\\Raphael\\Desktop\\desafio_senai\\projects\\technology-solutions-api\\api\\vendor\\laravel\\framework\\src\\Illuminate\\Database\\Migrations\\Migrator.php(381): Illuminate\\Database\\Migrations\\Migrator->rollbackMigrations(Array, Array, Array)
#16 D:\\Users\\Raphael\\Desktop\\desafio_senai\\projects\\technology-solutions-api\\api\\vendor\\laravel\\framework\\src\\Illuminate\\Database\\Migrations\\Migrator.php(361): Illuminate\\Database\\Migrations\\Migrator->resetMigrations(Array, Array, false)
#17 D:\\Users\\Raphael\\Desktop\\desafio_senai\\projects\\technology-solutions-api\\api\\vendor\\laravel\\framework\\src\\Illuminate\\Database\\Console\\Migrations\\ResetCommand.php(71): Illuminate\\Database\\Migrations\\Migrator->reset(Array, false)
#18 D:\\Users\\Raphael\\Desktop\\desafio_senai\\projects\\technology-solutions-api\\api\\vendor\\laravel\\framework\\src\\Illuminate\\Database\\Migrations\\Migrator.php(658): Illuminate\\Database\\Console\\Migrations\\ResetCommand->Illuminate\\Database\\Console\\Migrations\\{closure}()
#19 D:\\Users\\Raphael\\Desktop\\desafio_senai\\projects\\technology-solutions-api\\api\\vendor\\laravel\\framework\\src\\Illuminate\\Database\\Console\\Migrations\\ResetCommand.php(63): Illuminate\\Database\\Migrations\\Migrator->usingConnection(NULL, Object(Closure))
#20 D:\\Users\\Raphael\\Desktop\\desafio_senai\\projects\\technology-solutions-api\\api\\vendor\\laravel\\framework\\src\\Illuminate\\Container\\BoundMethod.php(36): Illuminate\\Database\\Console\\Migrations\\ResetCommand->handle()
#21 D:\\Users\\Raphael\\Desktop\\desafio_senai\\projects\\technology-solutions-api\\api\\vendor\\laravel\\framework\\src\\Illuminate\\Container\\Util.php(43): Illuminate\\Container\\BoundMethod::Illuminate\\Container\\{closure}()
#22 D:\\Users\\Raphael\\Desktop\\desafio_senai\\projects\\technology-solutions-api\\api\\vendor\\laravel\\framework\\src\\Illuminate\\Container\\BoundMethod.php(95): Illuminate\\Container\\Util::unwrapIfClosure(Object(Closure))
#23 D:\\Users\\Raphael\\Desktop\\desafio_senai\\projects\\technology-solutions-api\\api\\vendor\\laravel\\framework\\src\\Illuminate\\Container\\BoundMethod.php(35): Illuminate\\Container\\BoundMethod::callBoundMethod(Object(Illuminate\\Foundation\\Application), Array, Object(Closure))
#24 D:\\Users\\Raphael\\Desktop\\desafio_senai\\projects\\technology-solutions-api\\api\\vendor\\laravel\\framework\\src\\Illuminate\\Container\\Container.php(754): Illuminate\\Container\\BoundMethod::call(Object(Illuminate\\Foundation\\Application), Array, Array, NULL)
#25 D:\\Users\\Raphael\\Desktop\\desafio_senai\\projects\\technology-solutions-api\\api\\vendor\\laravel\\framework\\src\\Illuminate\\Console\\Command.php(213): Illuminate\\Container\\Container->call(Array)
#26 D:\\Users\\Raphael\\Desktop\\desafio_senai\\projects\\technology-solutions-api\\api\\vendor\\symfony\\console\\Command\\Command.php(279): Illuminate\\Console\\Command->execute(Object(Symfony\\Component\\Console\\Input\\ArgvInput), Object(Illuminate\\Console\\OutputStyle))
#27 D:\\Users\\Raphael\\Desktop\\desafio_senai\\projects\\technology-solutions-api\\api\\vendor\\laravel\\framework\\src\\Illuminate\\Console\\Command.php(182): Symfony\\Component\\Console\\Command\\Command->run(Object(Symfony\\Component\\Console\\Input\\ArgvInput), Object(Illuminate\\Console\\OutputStyle))
#28 D:\\Users\\Raphael\\Desktop\\desafio_senai\\projects\\technology-solutions-api\\api\\vendor\\symfony\\console\\Application.php(1094): Illuminate\\Console\\Command->run(Object(Symfony\\Component\\Console\\Input\\ArgvInput), Object(Symfony\\Component\\Console\\Output\\ConsoleOutput))
#29 D:\\Users\\Raphael\\Desktop\\desafio_senai\\projects\\technology-solutions-api\\api\\vendor\\symfony\\console\\Application.php(342): Symfony\\Component\\Console\\Application->doRunCommand(Object(Illuminate\\Database\\Console\\Migrations\\ResetCommand), Object(Symfony\\Component\\Console\\Input\\ArgvInput), Object(Symfony\\Component\\Console\\Output\\ConsoleOutput))
#30 D:\\Users\\Raphael\\Desktop\\desafio_senai\\projects\\technology-solutions-api\\api\\vendor\\symfony\\console\\Application.php(193): Symfony\\Component\\Console\\Application->doRun(Object(Symfony\\Component\\Console\\Input\\ArgvInput), Object(Symfony\\Component\\Console\\Output\\ConsoleOutput))
#31 D:\\Users\\Raphael\\Desktop\\desafio_senai\\projects\\technology-solutions-api\\api\\vendor\\laravel\\framework\\src\\Illuminate\\Foundation\\Console\\Kernel.php(198): Symfony\\Component\\Console\\Application->run(Object(Symfony\\Component\\Console\\Input\\ArgvInput), Object(Symfony\\Component\\Console\\Output\\ConsoleOutput))
#32 D:\\Users\\Raphael\\Desktop\\desafio_senai\\projects\\technology-solutions-api\\api\\vendor\\laravel\\framework\\src\\Illuminate\\Foundation\\Application.php(1235): Illuminate\\Foundation\\Console\\Kernel->handle(Object(Symfony\\Component\\Console\\Input\\ArgvInput), Object(Symfony\\Component\\Console\\Output\\ConsoleOutput))
#33 D:\\Users\\Raphael\\Desktop\\desafio_senai\\projects\\technology-solutions-api\\api\\artisan(16): Illuminate\\Foundation\\Application->handleCommand(Object(Symfony\\Component\\Console\\Input\\ArgvInput))
#34 {main}

[previous exception] [object] (PDOException(code: 23000): SQLSTATE[23000]: Integrity constraint violation: 1451 Cannot delete or update a parent row: a foreign key constraint fails at D:\\Users\\Raphael\\Desktop\\desafio_senai\\projects\\technology-solutions-api\\api\\vendor\\laravel\\framework\\src\\Illuminate\\Database\\Connection.php:569)
[stacktrace]
#0 D:\\Users\\Raphael\\Desktop\\desafio_senai\\projects\\technology-solutions-api\\api\\vendor\\laravel\\framework\\src\\Illuminate\\Database\\Connection.php(569): PDOStatement->execute()
#1 D:\\Users\\Raphael\\Desktop\\desafio_senai\\projects\\technology-solutions-api\\api\\vendor\\laravel\\framework\\src\\Illuminate\\Database\\Connection.php(810): Illuminate\\Database\\Connection->Illuminate\\Database\\{closure}('drop table if e...', Array)
#2 D:\\Users\\Raphael\\Desktop\\desafio_senai\\projects\\technology-solutions-api\\api\\vendor\\laravel\\framework\\src\\Illuminate\\Database\\Connection.php(777): Illuminate\\Database\\Connection->runQueryCallback('drop table if e...', Array, Object(Closure))
#3 D:\\Users\\Raphael\\Desktop\\desafio_senai\\projects\\technology-solutions-api\\api\\vendor\\laravel\\framework\\src\\Illuminate\\Database\\Connection.php(558): Illuminate\\Database\\Connection->run('drop table if e...', Array, Object(Closure))
#4 D:\\Users\\Raphael\\Desktop\\desafio_senai\\projects\\technology-solutions-api\\api\\vendor\\laravel\\framework\\src\\Illuminate\\Database\\Schema\\Blueprint.php(120): Illuminate\\Database\\Connection->statement('drop table if e...')
#5 D:\\Users\\Raphael\\Desktop\\desafio_senai\\projects\\technology-solutions-api\\api\\vendor\\laravel\\framework\\src\\Illuminate\\Database\\Schema\\Builder.php(619): Illuminate\\Database\\Schema\\Blueprint->build()
#6 D:\\Users\\Raphael\\Desktop\\desafio_senai\\projects\\technology-solutions-api\\api\\vendor\\laravel\\framework\\src\\Illuminate\\Database\\Schema\\Builder.php(501): Illuminate\\Database\\Schema\\Builder->build(Object(Illuminate\\Database\\Schema\\Blueprint))
#7 D:\\Users\\Raphael\\Desktop\\desafio_senai\\projects\\technology-solutions-api\\api\\vendor\\laravel\\framework\\src\\Illuminate\\Support\\Facades\\Facade.php(361): Illuminate\\Database\\Schema\\Builder->dropIfExists('user_types')
#8 D:\\Users\\Raphael\\Desktop\\desafio_senai\\projects\\technology-solutions-api\\api\\database\\migrations\\2025_02_27_004756_create_user_types_table.php(26): Illuminate\\Support\\Facades\\Facade::__callStatic('dropIfExists', Array)
#9 D:\\Users\\Raphael\\Desktop\\desafio_senai\\projects\\technology-solutions-api\\api\\vendor\\laravel\\framework\\src\\Illuminate\\Database\\Migrations\\Migrator.php(507): Illuminate\\Database\\Migrations\\Migration@anonymous->down()
#10 D:\\Users\\Raphael\\Desktop\\desafio_senai\\projects\\technology-solutions-api\\api\\vendor\\laravel\\framework\\src\\Illuminate\\Database\\Migrations\\Migrator.php(432): Illuminate\\Database\\Migrations\\Migrator->runMethod(Object(Illuminate\\Database\\MySqlConnection), Object(Illuminate\\Database\\Migrations\\Migration@anonymous), 'down')
#11 D:\\Users\\Raphael\\Desktop\\desafio_senai\\projects\\technology-solutions-api\\api\\vendor\\laravel\\framework\\src\\Illuminate\\Database\\Migrations\\Migrator.php(441): Illuminate\\Database\\Migrations\\Migrator->Illuminate\\Database\\Migrations\\{closure}()
#12 D:\\Users\\Raphael\\Desktop\\desafio_senai\\projects\\technology-solutions-api\\api\\vendor\\laravel\\framework\\src\\Illuminate\\Database\\Migrations\\Migrator.php(407): Illuminate\\Database\\Migrations\\Migrator->runMigration(Object(Illuminate\\Database\\Migrations\\Migration@anonymous), 'down')
#13 D:\\Users\\Raphael\\Desktop\\desafio_senai\\projects\\technology-solutions-api\\api\\vendor\\laravel\\framework\\src\\Illuminate\\Console\\View\\Components\\Task.php(40): Illuminate\\Database\\Migrations\\Migrator->Illuminate\\Database\\Migrations\\{closure}()
#14 D:\\Users\\Raphael\\Desktop\\desafio_senai\\projects\\technology-solutions-api\\api\\vendor\\laravel\\framework\\src\\Illuminate\\Database\\Migrations\\Migrator.php(798): Illuminate\\Console\\View\\Components\\Task->render('2025_02_27_0047...', Object(Closure))
#15 D:\\Users\\Raphael\\Desktop\\desafio_senai\\projects\\technology-solutions-api\\api\\vendor\\laravel\\framework\\src\\Illuminate\\Database\\Migrations\\Migrator.php(407): Illuminate\\Database\\Migrations\\Migrator->write('Illuminate\\\\Cons...', '2025_02_27_0047...', Object(Closure))
#16 D:\\Users\\Raphael\\Desktop\\desafio_senai\\projects\\technology-solutions-api\\api\\vendor\\laravel\\framework\\src\\Illuminate\\Database\\Migrations\\Migrator.php(330): Illuminate\\Database\\Migrations\\Migrator->runDown('D:\\\\Users\\\\Raphae...', Object(stdClass), false)
#17 D:\\Users\\Raphael\\Desktop\\desafio_senai\\projects\\technology-solutions-api\\api\\vendor\\laravel\\framework\\src\\Illuminate\\Database\\Migrations\\Migrator.php(381): Illuminate\\Database\\Migrations\\Migrator->rollbackMigrations(Array, Array, Array)
#18 D:\\Users\\Raphael\\Desktop\\desafio_senai\\projects\\technology-solutions-api\\api\\vendor\\laravel\\framework\\src\\Illuminate\\Database\\Migrations\\Migrator.php(361): Illuminate\\Database\\Migrations\\Migrator->resetMigrations(Array, Array, false)
#19 D:\\Users\\Raphael\\Desktop\\desafio_senai\\projects\\technology-solutions-api\\api\\vendor\\laravel\\framework\\src\\Illuminate\\Database\\Console\\Migrations\\ResetCommand.php(71): Illuminate\\Database\\Migrations\\Migrator->reset(Array, false)
#20 D:\\Users\\Raphael\\Desktop\\desafio_senai\\projects\\technology-solutions-api\\api\\vendor\\laravel\\framework\\src\\Illuminate\\Database\\Migrations\\Migrator.php(658): Illuminate\\Database\\Console\\Migrations\\ResetCommand->Illuminate\\Database\\Console\\Migrations\\{closure}()
#21 D:\\Users\\Raphael\\Desktop\\desafio_senai\\projects\\technology-solutions-api\\api\\vendor\\laravel\\framework\\src\\Illuminate\\Database\\Console\\Migrations\\ResetCommand.php(63): Illuminate\\Database\\Migrations\\Migrator->usingConnection(NULL, Object(Closure))
#22 D:\\Users\\Raphael\\Desktop\\desafio_senai\\projects\\technology-solutions-api\\api\\vendor\\laravel\\framework\\src\\Illuminate\\Container\\BoundMethod.php(36): Illuminate\\Database\\Console\\Migrations\\ResetCommand->handle()
#23 D:\\Users\\Raphael\\Desktop\\desafio_senai\\projects\\technology-solutions-api\\api\\vendor\\laravel\\framework\\src\\Illuminate\\Container\\Util.php(43): Illuminate\\Container\\BoundMethod::Illuminate\\Container\\{closure}()
#24 D:\\Users\\Raphael\\Desktop\\desafio_senai\\projects\\technology-solutions-api\\api\\vendor\\laravel\\framework\\src\\Illuminate\\Container\\BoundMethod.php(95): Illuminate\\Container\\Util::unwrapIfClosure(Object(Closure))
#25 D:\\Users\\Raphael\\Desktop\\desafio_senai\\projects\\technology-solutions-api\\api\\vendor\\laravel\\framework\\src\\Illuminate\\Container\\BoundMethod.php(35): Illuminate\\Container\\BoundMethod::callBoundMethod(Object(Illuminate\\Foundation\\Application), Array, Object(Closure))
#26 D:\\Users\\Raphael\\Desktop\\desafio_senai\\projects\\technology-solutions-api\\api\\vendor\\laravel\\framework\\src\\Illuminate\\Container\\Container.php(754): Illuminate\\Container\\BoundMethod::call(Object(Illuminate\\Foundation\\Application), Array, Array, NULL)
#27 D:\\Users\\Raphael\\Desktop\\desafio_senai\\projects\\technology-solutions-api\\api\\vendor\\laravel\\framework\\src\\Illuminate\\Console\\Command.php(213): Illuminate\\Container\\Container->call(Array)
#28 D:\\Users\\Raphael\\Desktop\\desafio_senai\\projects\\technology-solutions-api\\api\\vendor\\symfony\\console\\Command\\Command.php(279): Illuminate\\Console\\Command->execute(Object(Symfony\\Component\\Console\\Input\\ArgvInput), Object(Illuminate\\Console\\OutputStyle))
#29 D:\\Users\\Raphael\\Desktop\\desafio_senai\\projects\\technology-solutions-api\\api\\vendor\\laravel\\framework\\src\\Illuminate\\Console\\Command.php(182): Symfony\\Component\\Console\\Command\\Command->run(Object(Symfony\\Component\\Console\\Input\\ArgvInput), Object(Illuminate\\Console\\OutputStyle))
#30 D:\\Users\\Raphael\\Desktop\\desafio_senai\\projects\\technology-solutions-api\\api\\vendor\\symfony\\console\\Application.php(1094): Illuminate\\Console\\Command->run(Object(Symfony\\Component\\Console\\Input\\ArgvInput), Object(Symfony\\Component\\Console\\Output\\ConsoleOutput))
#31 D:\\Users\\Raphael\\Desktop\\desafio_senai\\projects\\technology-solutions-api\\api\\vendor\\symfony\\console\\Application.php(342): Symfony\\Component\\Console\\Application->doRunCommand(Object(Illuminate\\Database\\Console\\Migrations\\ResetCommand), Object(Symfony\\Component\\Console\\Input\\ArgvInput), Object(Symfony\\Component\\Console\\Output\\ConsoleOutput))
#32 D:\\Users\\Raphael\\Desktop\\desafio_senai\\projects\\technology-solutions-api\\api\\vendor\\symfony\\console\\Application.php(193): Symfony\\Component\\Console\\Application->doRun(Object(Symfony\\Component\\Console\\Input\\ArgvInput), Object(Symfony\\Component\\Console\\Output\\ConsoleOutput))
#33 D:\\Users\\Raphael\\Desktop\\desafio_senai\\projects\\technology-solutions-api\\api\\vendor\\laravel\\framework\\src\\Illuminate\\Foundation\\Console\\Kernel.php(198): Symfony\\Component\\Console\\Application->run(Object(Symfony\\Component\\Console\\Input\\ArgvInput), Object(Symfony\\Component\\Console\\Output\\ConsoleOutput))
#34 D:\\Users\\Raphael\\Desktop\\desafio_senai\\projects\\technology-solutions-api\\api\\vendor\\laravel\\framework\\src\\Illuminate\\Foundation\\Application.php(1235): Illuminate\\Foundation\\Console\\Kernel->handle(Object(Symfony\\Component\\Console\\Input\\ArgvInput), Object(Symfony\\Component\\Console\\Output\\ConsoleOutput))
#35 D:\\Users\\Raphael\\Desktop\\desafio_senai\\projects\\technology-solutions-api\\api\\artisan(16): Illuminate\\Foundation\\Application->handleCommand(Object(Symfony\\Component\\Console\\Input\\ArgvInput))
#36 {main}
"} 
[2025-02-27 12:35:27] local.ERROR: SQLSTATE[42S01]: Base table or view already exists: 1050 Table 'historico_alteracoes_perfil' already exists (Connection: mysql, SQL: create table `historico_alteracoes_perfil` (`id` bigint unsigned not null auto_increment, `usuario_id` bigint unsigned not null, `user_type_old_id` bigint unsigned not null, `user_type_new_id` bigint unsigned not null, `alterado_por` bigint unsigned not null, `created_at` timestamp null, `updated_at` timestamp null, primary key (`id`)) default character set utf8mb4 collate 'utf8mb4_unicode_ci') {"exception":"[object] (Illuminate\\Database\\QueryException(code: 42S01): SQLSTATE[42S01]: Base table or view already exists: 1050 Table 'historico_alteracoes_perfil' already exists (Connection: mysql, SQL: create table `historico_alteracoes_perfil` (`id` bigint unsigned not null auto_increment, `usuario_id` bigint unsigned not null, `user_type_old_id` bigint unsigned not null, `user_type_new_id` bigint unsigned not null, `alterado_por` bigint unsigned not null, `created_at` timestamp null, `updated_at` timestamp null, primary key (`id`)) default character set utf8mb4 collate 'utf8mb4_unicode_ci') at D:\\Users\\Raphael\\Desktop\\desafio_senai\\projects\\technology-solutions-api\\api\\vendor\\laravel\\framework\\src\\Illuminate\\Database\\Connection.php:823)
[stacktrace]
#0 D:\\Users\\Raphael\\Desktop\\desafio_senai\\projects\\technology-solutions-api\\api\\vendor\\laravel\\framework\\src\\Illuminate\\Database\\Connection.php(777): Illuminate\\Database\\Connection->runQueryCallback('create table `h...', Array, Object(Closure))
#1 D:\\Users\\Raphael\\Desktop\\desafio_senai\\projects\\technology-solutions-api\\api\\vendor\\laravel\\framework\\src\\Illuminate\\Database\\Connection.php(558): Illuminate\\Database\\Connection->run('create table `h...', Array, Object(Closure))
#2 D:\\Users\\Raphael\\Desktop\\desafio_senai\\projects\\technology-solutions-api\\api\\vendor\\laravel\\framework\\src\\Illuminate\\Database\\Schema\\Blueprint.php(120): Illuminate\\Database\\Connection->statement('create table `h...')
#3 D:\\Users\\Raphael\\Desktop\\desafio_senai\\projects\\technology-solutions-api\\api\\vendor\\laravel\\framework\\src\\Illuminate\\Database\\Schema\\Builder.php(619): Illuminate\\Database\\Schema\\Blueprint->build()
#4 D:\\Users\\Raphael\\Desktop\\desafio_senai\\projects\\technology-solutions-api\\api\\vendor\\laravel\\framework\\src\\Illuminate\\Database\\Schema\\Builder.php(473): Illuminate\\Database\\Schema\\Builder->build(Object(Illuminate\\Database\\Schema\\Blueprint))
#5 D:\\Users\\Raphael\\Desktop\\desafio_senai\\projects\\technology-solutions-api\\api\\vendor\\laravel\\framework\\src\\Illuminate\\Support\\Facades\\Facade.php(361): Illuminate\\Database\\Schema\\Builder->create('historico_alter...', Object(Closure))
#6 D:\\Users\\Raphael\\Desktop\\desafio_senai\\projects\\technology-solutions-api\\api\\database\\migrations\\2025_02_27_121211_create_historico_alteracoes_perfil.php(14): Illuminate\\Support\\Facades\\Facade::__callStatic('create', Array)
#7 D:\\Users\\Raphael\\Desktop\\desafio_senai\\projects\\technology-solutions-api\\api\\vendor\\laravel\\framework\\src\\Illuminate\\Database\\Migrations\\Migrator.php(507): Illuminate\\Database\\Migrations\\Migration@anonymous->up()
#8 D:\\Users\\Raphael\\Desktop\\desafio_senai\\projects\\technology-solutions-api\\api\\vendor\\laravel\\framework\\src\\Illuminate\\Database\\Migrations\\Migrator.php(432): Illuminate\\Database\\Migrations\\Migrator->runMethod(Object(Illuminate\\Database\\MySqlConnection), Object(Illuminate\\Database\\Migrations\\Migration@anonymous), 'up')
#9 D:\\Users\\Raphael\\Desktop\\desafio_senai\\projects\\technology-solutions-api\\api\\vendor\\laravel\\framework\\src\\Illuminate\\Database\\Migrations\\Migrator.php(441): Illuminate\\Database\\Migrations\\Migrator->Illuminate\\Database\\Migrations\\{closure}()
#10 D:\\Users\\Raphael\\Desktop\\desafio_senai\\projects\\technology-solutions-api\\api\\vendor\\laravel\\framework\\src\\Illuminate\\Database\\Migrations\\Migrator.php(244): Illuminate\\Database\\Migrations\\Migrator->runMigration(Object(Illuminate\\Database\\Migrations\\Migration@anonymous), 'up')
#11 D:\\Users\\Raphael\\Desktop\\desafio_senai\\projects\\technology-solutions-api\\api\\vendor\\laravel\\framework\\src\\Illuminate\\Console\\View\\Components\\Task.php(40): Illuminate\\Database\\Migrations\\Migrator->Illuminate\\Database\\Migrations\\{closure}()
#12 D:\\Users\\Raphael\\Desktop\\desafio_senai\\projects\\technology-solutions-api\\api\\vendor\\laravel\\framework\\src\\Illuminate\\Database\\Migrations\\Migrator.php(798): Illuminate\\Console\\View\\Components\\Task->render('2025_02_27_1212...', Object(Closure))
#13 D:\\Users\\Raphael\\Desktop\\desafio_senai\\projects\\technology-solutions-api\\api\\vendor\\laravel\\framework\\src\\Illuminate\\Database\\Migrations\\Migrator.php(244): Illuminate\\Database\\Migrations\\Migrator->write('Illuminate\\\\Cons...', '2025_02_27_1212...', Object(Closure))
#14 D:\\Users\\Raphael\\Desktop\\desafio_senai\\projects\\technology-solutions-api\\api\\vendor\\laravel\\framework\\src\\Illuminate\\Database\\Migrations\\Migrator.php(211): Illuminate\\Database\\Migrations\\Migrator->runUp('D:\\\\Users\\\\Raphae...', 3, false)
#15 D:\\Users\\Raphael\\Desktop\\desafio_senai\\projects\\technology-solutions-api\\api\\vendor\\laravel\\framework\\src\\Illuminate\\Database\\Migrations\\Migrator.php(138): Illuminate\\Database\\Migrations\\Migrator->runPending(Array, Array)
#16 D:\\Users\\Raphael\\Desktop\\desafio_senai\\projects\\technology-solutions-api\\api\\vendor\\laravel\\framework\\src\\Illuminate\\Database\\Console\\Migrations\\MigrateCommand.php(117): Illuminate\\Database\\Migrations\\Migrator->run(Array, Array)
#17 D:\\Users\\Raphael\\Desktop\\desafio_senai\\projects\\technology-solutions-api\\api\\vendor\\laravel\\framework\\src\\Illuminate\\Database\\Migrations\\Migrator.php(658): Illuminate\\Database\\Console\\Migrations\\MigrateCommand->Illuminate\\Database\\Console\\Migrations\\{closure}()
#18 D:\\Users\\Raphael\\Desktop\\desafio_senai\\projects\\technology-solutions-api\\api\\vendor\\laravel\\framework\\src\\Illuminate\\Database\\Console\\Migrations\\MigrateCommand.php(110): Illuminate\\Database\\Migrations\\Migrator->usingConnection(NULL, Object(Closure))
#19 D:\\Users\\Raphael\\Desktop\\desafio_senai\\projects\\technology-solutions-api\\api\\vendor\\laravel\\framework\\src\\Illuminate\\Database\\Console\\Migrations\\MigrateCommand.php(89): Illuminate\\Database\\Console\\Migrations\\MigrateCommand->runMigrations()
#20 D:\\Users\\Raphael\\Desktop\\desafio_senai\\projects\\technology-solutions-api\\api\\vendor\\laravel\\framework\\src\\Illuminate\\Container\\BoundMethod.php(36): Illuminate\\Database\\Console\\Migrations\\MigrateCommand->handle()
#21 D:\\Users\\Raphael\\Desktop\\desafio_senai\\projects\\technology-solutions-api\\api\\vendor\\laravel\\framework\\src\\Illuminate\\Container\\Util.php(43): Illuminate\\Container\\BoundMethod::Illuminate\\Container\\{closure}()
#22 D:\\Users\\Raphael\\Desktop\\desafio_senai\\projects\\technology-solutions-api\\api\\vendor\\laravel\\framework\\src\\Illuminate\\Container\\BoundMethod.php(95): Illuminate\\Container\\Util::unwrapIfClosure(Object(Closure))
#23 D:\\Users\\Raphael\\Desktop\\desafio_senai\\projects\\technology-solutions-api\\api\\vendor\\laravel\\framework\\src\\Illuminate\\Container\\BoundMethod.php(35): Illuminate\\Container\\BoundMethod::callBoundMethod(Object(Illuminate\\Foundation\\Application), Array, Object(Closure))
#24 D:\\Users\\Raphael\\Desktop\\desafio_senai\\projects\\technology-solutions-api\\api\\vendor\\laravel\\framework\\src\\Illuminate\\Container\\Container.php(754): Illuminate\\Container\\BoundMethod::call(Object(Illuminate\\Foundation\\Application), Array, Array, NULL)
#25 D:\\Users\\Raphael\\Desktop\\desafio_senai\\projects\\technology-solutions-api\\api\\vendor\\laravel\\framework\\src\\Illuminate\\Console\\Command.php(213): Illuminate\\Container\\Container->call(Array)
#26 D:\\Users\\Raphael\\Desktop\\desafio_senai\\projects\\technology-solutions-api\\api\\vendor\\symfony\\console\\Command\\Command.php(279): Illuminate\\Console\\Command->execute(Object(Symfony\\Component\\Console\\Input\\ArgvInput), Object(Illuminate\\Console\\OutputStyle))
#27 D:\\Users\\Raphael\\Desktop\\desafio_senai\\projects\\technology-solutions-api\\api\\vendor\\laravel\\framework\\src\\Illuminate\\Console\\Command.php(182): Symfony\\Component\\Console\\Command\\Command->run(Object(Symfony\\Component\\Console\\Input\\ArgvInput), Object(Illuminate\\Console\\OutputStyle))
#28 D:\\Users\\Raphael\\Desktop\\desafio_senai\\projects\\technology-solutions-api\\api\\vendor\\symfony\\console\\Application.php(1094): Illuminate\\Console\\Command->run(Object(Symfony\\Component\\Console\\Input\\ArgvInput), Object(Symfony\\Component\\Console\\Output\\ConsoleOutput))
#29 D:\\Users\\Raphael\\Desktop\\desafio_senai\\projects\\technology-solutions-api\\api\\vendor\\symfony\\console\\Application.php(342): Symfony\\Component\\Console\\Application->doRunCommand(Object(Illuminate\\Database\\Console\\Migrations\\MigrateCommand), Object(Symfony\\Component\\Console\\Input\\ArgvInput), Object(Symfony\\Component\\Console\\Output\\ConsoleOutput))
#30 D:\\Users\\Raphael\\Desktop\\desafio_senai\\projects\\technology-solutions-api\\api\\vendor\\symfony\\console\\Application.php(193): Symfony\\Component\\Console\\Application->doRun(Object(Symfony\\Component\\Console\\Input\\ArgvInput), Object(Symfony\\Component\\Console\\Output\\ConsoleOutput))
#31 D:\\Users\\Raphael\\Desktop\\desafio_senai\\projects\\technology-solutions-api\\api\\vendor\\laravel\\framework\\src\\Illuminate\\Foundation\\Console\\Kernel.php(198): Symfony\\Component\\Console\\Application->run(Object(Symfony\\Component\\Console\\Input\\ArgvInput), Object(Symfony\\Component\\Console\\Output\\ConsoleOutput))
#32 D:\\Users\\Raphael\\Desktop\\desafio_senai\\projects\\technology-solutions-api\\api\\vendor\\laravel\\framework\\src\\Illuminate\\Foundation\\Application.php(1235): Illuminate\\Foundation\\Console\\Kernel->handle(Object(Symfony\\Component\\Console\\Input\\ArgvInput), Object(Symfony\\Component\\Console\\Output\\ConsoleOutput))
#33 D:\\Users\\Raphael\\Desktop\\desafio_senai\\projects\\technology-solutions-api\\api\\artisan(16): Illuminate\\Foundation\\Application->handleCommand(Object(Symfony\\Component\\Console\\Input\\ArgvInput))
#34 {main}

[previous exception] [object] (PDOException(code: 42S01): SQLSTATE[42S01]: Base table or view already exists: 1050 Table 'historico_alteracoes_perfil' already exists at D:\\Users\\Raphael\\Desktop\\desafio_senai\\projects\\technology-solutions-api\\api\\vendor\\laravel\\framework\\src\\Illuminate\\Database\\Connection.php:569)
[stacktrace]
#0 D:\\Users\\Raphael\\Desktop\\desafio_senai\\projects\\technology-solutions-api\\api\\vendor\\laravel\\framework\\src\\Illuminate\\Database\\Connection.php(569): PDOStatement->execute()
#1 D:\\Users\\Raphael\\Desktop\\desafio_senai\\projects\\technology-solutions-api\\api\\vendor\\laravel\\framework\\src\\Illuminate\\Database\\Connection.php(810): Illuminate\\Database\\Connection->Illuminate\\Database\\{closure}('create table `h...', Array)
#2 D:\\Users\\Raphael\\Desktop\\desafio_senai\\projects\\technology-solutions-api\\api\\vendor\\laravel\\framework\\src\\Illuminate\\Database\\Connection.php(777): Illuminate\\Database\\Connection->runQueryCallback('create table `h...', Array, Object(Closure))
#3 D:\\Users\\Raphael\\Desktop\\desafio_senai\\projects\\technology-solutions-api\\api\\vendor\\laravel\\framework\\src\\Illuminate\\Database\\Connection.php(558): Illuminate\\Database\\Connection->run('create table `h...', Array, Object(Closure))
#4 D:\\Users\\Raphael\\Desktop\\desafio_senai\\projects\\technology-solutions-api\\api\\vendor\\laravel\\framework\\src\\Illuminate\\Database\\Schema\\Blueprint.php(120): Illuminate\\Database\\Connection->statement('create table `h...')
#5 D:\\Users\\Raphael\\Desktop\\desafio_senai\\projects\\technology-solutions-api\\api\\vendor\\laravel\\framework\\src\\Illuminate\\Database\\Schema\\Builder.php(619): Illuminate\\Database\\Schema\\Blueprint->build()
#6 D:\\Users\\Raphael\\Desktop\\desafio_senai\\projects\\technology-solutions-api\\api\\vendor\\laravel\\framework\\src\\Illuminate\\Database\\Schema\\Builder.php(473): Illuminate\\Database\\Schema\\Builder->build(Object(Illuminate\\Database\\Schema\\Blueprint))
#7 D:\\Users\\Raphael\\Desktop\\desafio_senai\\projects\\technology-solutions-api\\api\\vendor\\laravel\\framework\\src\\Illuminate\\Support\\Facades\\Facade.php(361): Illuminate\\Database\\Schema\\Builder->create('historico_alter...', Object(Closure))
#8 D:\\Users\\Raphael\\Desktop\\desafio_senai\\projects\\technology-solutions-api\\api\\database\\migrations\\2025_02_27_121211_create_historico_alteracoes_perfil.php(14): Illuminate\\Support\\Facades\\Facade::__callStatic('create', Array)
#9 D:\\Users\\Raphael\\Desktop\\desafio_senai\\projects\\technology-solutions-api\\api\\vendor\\laravel\\framework\\src\\Illuminate\\Database\\Migrations\\Migrator.php(507): Illuminate\\Database\\Migrations\\Migration@anonymous->up()
#10 D:\\Users\\Raphael\\Desktop\\desafio_senai\\projects\\technology-solutions-api\\api\\vendor\\laravel\\framework\\src\\Illuminate\\Database\\Migrations\\Migrator.php(432): Illuminate\\Database\\Migrations\\Migrator->runMethod(Object(Illuminate\\Database\\MySqlConnection), Object(Illuminate\\Database\\Migrations\\Migration@anonymous), 'up')
#11 D:\\Users\\Raphael\\Desktop\\desafio_senai\\projects\\technology-solutions-api\\api\\vendor\\laravel\\framework\\src\\Illuminate\\Database\\Migrations\\Migrator.php(441): Illuminate\\Database\\Migrations\\Migrator->Illuminate\\Database\\Migrations\\{closure}()
#12 D:\\Users\\Raphael\\Desktop\\desafio_senai\\projects\\technology-solutions-api\\api\\vendor\\laravel\\framework\\src\\Illuminate\\Database\\Migrations\\Migrator.php(244): Illuminate\\Database\\Migrations\\Migrator->runMigration(Object(Illuminate\\Database\\Migrations\\Migration@anonymous), 'up')
#13 D:\\Users\\Raphael\\Desktop\\desafio_senai\\projects\\technology-solutions-api\\api\\vendor\\laravel\\framework\\src\\Illuminate\\Console\\View\\Components\\Task.php(40): Illuminate\\Database\\Migrations\\Migrator->Illuminate\\Database\\Migrations\\{closure}()
#14 D:\\Users\\Raphael\\Desktop\\desafio_senai\\projects\\technology-solutions-api\\api\\vendor\\laravel\\framework\\src\\Illuminate\\Database\\Migrations\\Migrator.php(798): Illuminate\\Console\\View\\Components\\Task->render('2025_02_27_1212...', Object(Closure))
#15 D:\\Users\\Raphael\\Desktop\\desafio_senai\\projects\\technology-solutions-api\\api\\vendor\\laravel\\framework\\src\\Illuminate\\Database\\Migrations\\Migrator.php(244): Illuminate\\Database\\Migrations\\Migrator->write('Illuminate\\\\Cons...', '2025_02_27_1212...', Object(Closure))
#16 D:\\Users\\Raphael\\Desktop\\desafio_senai\\projects\\technology-solutions-api\\api\\vendor\\laravel\\framework\\src\\Illuminate\\Database\\Migrations\\Migrator.php(211): Illuminate\\Database\\Migrations\\Migrator->runUp('D:\\\\Users\\\\Raphae...', 3, false)
#17 D:\\Users\\Raphael\\Desktop\\desafio_senai\\projects\\technology-solutions-api\\api\\vendor\\laravel\\framework\\src\\Illuminate\\Database\\Migrations\\Migrator.php(138): Illuminate\\Database\\Migrations\\Migrator->runPending(Array, Array)
#18 D:\\Users\\Raphael\\Desktop\\desafio_senai\\projects\\technology-solutions-api\\api\\vendor\\laravel\\framework\\src\\Illuminate\\Database\\Console\\Migrations\\MigrateCommand.php(117): Illuminate\\Database\\Migrations\\Migrator->run(Array, Array)
#19 D:\\Users\\Raphael\\Desktop\\desafio_senai\\projects\\technology-solutions-api\\api\\vendor\\laravel\\framework\\src\\Illuminate\\Database\\Migrations\\Migrator.php(658): Illuminate\\Database\\Console\\Migrations\\MigrateCommand->Illuminate\\Database\\Console\\Migrations\\{closure}()
#20 D:\\Users\\Raphael\\Desktop\\desafio_senai\\projects\\technology-solutions-api\\api\\vendor\\laravel\\framework\\src\\Illuminate\\Database\\Console\\Migrations\\MigrateCommand.php(110): Illuminate\\Database\\Migrations\\Migrator->usingConnection(NULL, Object(Closure))
#21 D:\\Users\\Raphael\\Desktop\\desafio_senai\\projects\\technology-solutions-api\\api\\vendor\\laravel\\framework\\src\\Illuminate\\Database\\Console\\Migrations\\MigrateCommand.php(89): Illuminate\\Database\\Console\\Migrations\\MigrateCommand->runMigrations()
#22 D:\\Users\\Raphael\\Desktop\\desafio_senai\\projects\\technology-solutions-api\\api\\vendor\\laravel\\framework\\src\\Illuminate\\Container\\BoundMethod.php(36): Illuminate\\Database\\Console\\Migrations\\MigrateCommand->handle()
#23 D:\\Users\\Raphael\\Desktop\\desafio_senai\\projects\\technology-solutions-api\\api\\vendor\\laravel\\framework\\src\\Illuminate\\Container\\Util.php(43): Illuminate\\Container\\BoundMethod::Illuminate\\Container\\{closure}()
#24 D:\\Users\\Raphael\\Desktop\\desafio_senai\\projects\\technology-solutions-api\\api\\vendor\\laravel\\framework\\src\\Illuminate\\Container\\BoundMethod.php(95): Illuminate\\Container\\Util::unwrapIfClosure(Object(Closure))
#25 D:\\Users\\Raphael\\Desktop\\desafio_senai\\projects\\technology-solutions-api\\api\\vendor\\laravel\\framework\\src\\Illuminate\\Container\\BoundMethod.php(35): Illuminate\\Container\\BoundMethod::callBoundMethod(Object(Illuminate\\Foundation\\Application), Array, Object(Closure))
#26 D:\\Users\\Raphael\\Desktop\\desafio_senai\\projects\\technology-solutions-api\\api\\vendor\\laravel\\framework\\src\\Illuminate\\Container\\Container.php(754): Illuminate\\Container\\BoundMethod::call(Object(Illuminate\\Foundation\\Application), Array, Array, NULL)
#27 D:\\Users\\Raphael\\Desktop\\desafio_senai\\projects\\technology-solutions-api\\api\\vendor\\laravel\\framework\\src\\Illuminate\\Console\\Command.php(213): Illuminate\\Container\\Container->call(Array)
#28 D:\\Users\\Raphael\\Desktop\\desafio_senai\\projects\\technology-solutions-api\\api\\vendor\\symfony\\console\\Command\\Command.php(279): Illuminate\\Console\\Command->execute(Object(Symfony\\Component\\Console\\Input\\ArgvInput), Object(Illuminate\\Console\\OutputStyle))
#29 D:\\Users\\Raphael\\Desktop\\desafio_senai\\projects\\technology-solutions-api\\api\\vendor\\laravel\\framework\\src\\Illuminate\\Console\\Command.php(182): Symfony\\Component\\Console\\Command\\Command->run(Object(Symfony\\Component\\Console\\Input\\ArgvInput), Object(Illuminate\\Console\\OutputStyle))
#30 D:\\Users\\Raphael\\Desktop\\desafio_senai\\projects\\technology-solutions-api\\api\\vendor\\symfony\\console\\Application.php(1094): Illuminate\\Console\\Command->run(Object(Symfony\\Component\\Console\\Input\\ArgvInput), Object(Symfony\\Component\\Console\\Output\\ConsoleOutput))
#31 D:\\Users\\Raphael\\Desktop\\desafio_senai\\projects\\technology-solutions-api\\api\\vendor\\symfony\\console\\Application.php(342): Symfony\\Component\\Console\\Application->doRunCommand(Object(Illuminate\\Database\\Console\\Migrations\\MigrateCommand), Object(Symfony\\Component\\Console\\Input\\ArgvInput), Object(Symfony\\Component\\Console\\Output\\ConsoleOutput))
#32 D:\\Users\\Raphael\\Desktop\\desafio_senai\\projects\\technology-solutions-api\\api\\vendor\\symfony\\console\\Application.php(193): Symfony\\Component\\Console\\Application->doRun(Object(Symfony\\Component\\Console\\Input\\ArgvInput), Object(Symfony\\Component\\Console\\Output\\ConsoleOutput))
#33 D:\\Users\\Raphael\\Desktop\\desafio_senai\\projects\\technology-solutions-api\\api\\vendor\\laravel\\framework\\src\\Illuminate\\Foundation\\Console\\Kernel.php(198): Symfony\\Component\\Console\\Application->run(Object(Symfony\\Component\\Console\\Input\\ArgvInput), Object(Symfony\\Component\\Console\\Output\\ConsoleOutput))
#34 D:\\Users\\Raphael\\Desktop\\desafio_senai\\projects\\technology-solutions-api\\api\\vendor\\laravel\\framework\\src\\Illuminate\\Foundation\\Application.php(1235): Illuminate\\Foundation\\Console\\Kernel->handle(Object(Symfony\\Component\\Console\\Input\\ArgvInput), Object(Symfony\\Component\\Console\\Output\\ConsoleOutput))
#35 D:\\Users\\Raphael\\Desktop\\desafio_senai\\projects\\technology-solutions-api\\api\\artisan(16): Illuminate\\Foundation\\Application->handleCommand(Object(Symfony\\Component\\Console\\Input\\ArgvInput))
#36 {main}
"} 
[2025-02-27 12:35:56] local.ERROR: SQLSTATE[23000]: Integrity constraint violation: 1451 Cannot delete or update a parent row: a foreign key constraint fails (Connection: mysql, SQL: drop table if exists `user_types`) {"exception":"[object] (Illuminate\\Database\\QueryException(code: 23000): SQLSTATE[23000]: Integrity constraint violation: 1451 Cannot delete or update a parent row: a foreign key constraint fails (Connection: mysql, SQL: drop table if exists `user_types`) at D:\\Users\\Raphael\\Desktop\\desafio_senai\\projects\\technology-solutions-api\\api\\vendor\\laravel\\framework\\src\\Illuminate\\Database\\Connection.php:823)
[stacktrace]
#0 D:\\Users\\Raphael\\Desktop\\desafio_senai\\projects\\technology-solutions-api\\api\\vendor\\laravel\\framework\\src\\Illuminate\\Database\\Connection.php(777): Illuminate\\Database\\Connection->runQueryCallback('drop table if e...', Array, Object(Closure))
#1 D:\\Users\\Raphael\\Desktop\\desafio_senai\\projects\\technology-solutions-api\\api\\vendor\\laravel\\framework\\src\\Illuminate\\Database\\Connection.php(558): Illuminate\\Database\\Connection->run('drop table if e...', Array, Object(Closure))
#2 D:\\Users\\Raphael\\Desktop\\desafio_senai\\projects\\technology-solutions-api\\api\\vendor\\laravel\\framework\\src\\Illuminate\\Database\\Schema\\Blueprint.php(120): Illuminate\\Database\\Connection->statement('drop table if e...')
#3 D:\\Users\\Raphael\\Desktop\\desafio_senai\\projects\\technology-solutions-api\\api\\vendor\\laravel\\framework\\src\\Illuminate\\Database\\Schema\\Builder.php(619): Illuminate\\Database\\Schema\\Blueprint->build()
#4 D:\\Users\\Raphael\\Desktop\\desafio_senai\\projects\\technology-solutions-api\\api\\vendor\\laravel\\framework\\src\\Illuminate\\Database\\Schema\\Builder.php(501): Illuminate\\Database\\Schema\\Builder->build(Object(Illuminate\\Database\\Schema\\Blueprint))
#5 D:\\Users\\Raphael\\Desktop\\desafio_senai\\projects\\technology-solutions-api\\api\\vendor\\laravel\\framework\\src\\Illuminate\\Support\\Facades\\Facade.php(361): Illuminate\\Database\\Schema\\Builder->dropIfExists('user_types')
#6 D:\\Users\\Raphael\\Desktop\\desafio_senai\\projects\\technology-solutions-api\\api\\database\\migrations\\2025_02_27_004756_create_user_types_table.php(26): Illuminate\\Support\\Facades\\Facade::__callStatic('dropIfExists', Array)
#7 D:\\Users\\Raphael\\Desktop\\desafio_senai\\projects\\technology-solutions-api\\api\\vendor\\laravel\\framework\\src\\Illuminate\\Database\\Migrations\\Migrator.php(507): Illuminate\\Database\\Migrations\\Migration@anonymous->down()
#8 D:\\Users\\Raphael\\Desktop\\desafio_senai\\projects\\technology-solutions-api\\api\\vendor\\laravel\\framework\\src\\Illuminate\\Database\\Migrations\\Migrator.php(432): Illuminate\\Database\\Migrations\\Migrator->runMethod(Object(Illuminate\\Database\\MySqlConnection), Object(Illuminate\\Database\\Migrations\\Migration@anonymous), 'down')
#9 D:\\Users\\Raphael\\Desktop\\desafio_senai\\projects\\technology-solutions-api\\api\\vendor\\laravel\\framework\\src\\Illuminate\\Database\\Migrations\\Migrator.php(441): Illuminate\\Database\\Migrations\\Migrator->Illuminate\\Database\\Migrations\\{closure}()
#10 D:\\Users\\Raphael\\Desktop\\desafio_senai\\projects\\technology-solutions-api\\api\\vendor\\laravel\\framework\\src\\Illuminate\\Database\\Migrations\\Migrator.php(407): Illuminate\\Database\\Migrations\\Migrator->runMigration(Object(Illuminate\\Database\\Migrations\\Migration@anonymous), 'down')
#11 D:\\Users\\Raphael\\Desktop\\desafio_senai\\projects\\technology-solutions-api\\api\\vendor\\laravel\\framework\\src\\Illuminate\\Console\\View\\Components\\Task.php(40): Illuminate\\Database\\Migrations\\Migrator->Illuminate\\Database\\Migrations\\{closure}()
#12 D:\\Users\\Raphael\\Desktop\\desafio_senai\\projects\\technology-solutions-api\\api\\vendor\\laravel\\framework\\src\\Illuminate\\Database\\Migrations\\Migrator.php(798): Illuminate\\Console\\View\\Components\\Task->render('2025_02_27_0047...', Object(Closure))
#13 D:\\Users\\Raphael\\Desktop\\desafio_senai\\projects\\technology-solutions-api\\api\\vendor\\laravel\\framework\\src\\Illuminate\\Database\\Migrations\\Migrator.php(407): Illuminate\\Database\\Migrations\\Migrator->write('Illuminate\\\\Cons...', '2025_02_27_0047...', Object(Closure))
#14 D:\\Users\\Raphael\\Desktop\\desafio_senai\\projects\\technology-solutions-api\\api\\vendor\\laravel\\framework\\src\\Illuminate\\Database\\Migrations\\Migrator.php(330): Illuminate\\Database\\Migrations\\Migrator->runDown('D:\\\\Users\\\\Raphae...', Object(stdClass), false)
#15 D:\\Users\\Raphael\\Desktop\\desafio_senai\\projects\\technology-solutions-api\\api\\vendor\\laravel\\framework\\src\\Illuminate\\Database\\Migrations\\Migrator.php(381): Illuminate\\Database\\Migrations\\Migrator->rollbackMigrations(Array, Array, Array)
#16 D:\\Users\\Raphael\\Desktop\\desafio_senai\\projects\\technology-solutions-api\\api\\vendor\\laravel\\framework\\src\\Illuminate\\Database\\Migrations\\Migrator.php(361): Illuminate\\Database\\Migrations\\Migrator->resetMigrations(Array, Array, false)
#17 D:\\Users\\Raphael\\Desktop\\desafio_senai\\projects\\technology-solutions-api\\api\\vendor\\laravel\\framework\\src\\Illuminate\\Database\\Console\\Migrations\\ResetCommand.php(71): Illuminate\\Database\\Migrations\\Migrator->reset(Array, false)
#18 D:\\Users\\Raphael\\Desktop\\desafio_senai\\projects\\technology-solutions-api\\api\\vendor\\laravel\\framework\\src\\Illuminate\\Database\\Migrations\\Migrator.php(658): Illuminate\\Database\\Console\\Migrations\\ResetCommand->Illuminate\\Database\\Console\\Migrations\\{closure}()
#19 D:\\Users\\Raphael\\Desktop\\desafio_senai\\projects\\technology-solutions-api\\api\\vendor\\laravel\\framework\\src\\Illuminate\\Database\\Console\\Migrations\\ResetCommand.php(63): Illuminate\\Database\\Migrations\\Migrator->usingConnection(NULL, Object(Closure))
#20 D:\\Users\\Raphael\\Desktop\\desafio_senai\\projects\\technology-solutions-api\\api\\vendor\\laravel\\framework\\src\\Illuminate\\Container\\BoundMethod.php(36): Illuminate\\Database\\Console\\Migrations\\ResetCommand->handle()
#21 D:\\Users\\Raphael\\Desktop\\desafio_senai\\projects\\technology-solutions-api\\api\\vendor\\laravel\\framework\\src\\Illuminate\\Container\\Util.php(43): Illuminate\\Container\\BoundMethod::Illuminate\\Container\\{closure}()
#22 D:\\Users\\Raphael\\Desktop\\desafio_senai\\projects\\technology-solutions-api\\api\\vendor\\laravel\\framework\\src\\Illuminate\\Container\\BoundMethod.php(95): Illuminate\\Container\\Util::unwrapIfClosure(Object(Closure))
#23 D:\\Users\\Raphael\\Desktop\\desafio_senai\\projects\\technology-solutions-api\\api\\vendor\\laravel\\framework\\src\\Illuminate\\Container\\BoundMethod.php(35): Illuminate\\Container\\BoundMethod::callBoundMethod(Object(Illuminate\\Foundation\\Application), Array, Object(Closure))
#24 D:\\Users\\Raphael\\Desktop\\desafio_senai\\projects\\technology-solutions-api\\api\\vendor\\laravel\\framework\\src\\Illuminate\\Container\\Container.php(754): Illuminate\\Container\\BoundMethod::call(Object(Illuminate\\Foundation\\Application), Array, Array, NULL)
#25 D:\\Users\\Raphael\\Desktop\\desafio_senai\\projects\\technology-solutions-api\\api\\vendor\\laravel\\framework\\src\\Illuminate\\Console\\Command.php(213): Illuminate\\Container\\Container->call(Array)
#26 D:\\Users\\Raphael\\Desktop\\desafio_senai\\projects\\technology-solutions-api\\api\\vendor\\symfony\\console\\Command\\Command.php(279): Illuminate\\Console\\Command->execute(Object(Symfony\\Component\\Console\\Input\\ArgvInput), Object(Illuminate\\Console\\OutputStyle))
#27 D:\\Users\\Raphael\\Desktop\\desafio_senai\\projects\\technology-solutions-api\\api\\vendor\\laravel\\framework\\src\\Illuminate\\Console\\Command.php(182): Symfony\\Component\\Console\\Command\\Command->run(Object(Symfony\\Component\\Console\\Input\\ArgvInput), Object(Illuminate\\Console\\OutputStyle))
#28 D:\\Users\\Raphael\\Desktop\\desafio_senai\\projects\\technology-solutions-api\\api\\vendor\\symfony\\console\\Application.php(1094): Illuminate\\Console\\Command->run(Object(Symfony\\Component\\Console\\Input\\ArgvInput), Object(Symfony\\Component\\Console\\Output\\ConsoleOutput))
#29 D:\\Users\\Raphael\\Desktop\\desafio_senai\\projects\\technology-solutions-api\\api\\vendor\\symfony\\console\\Application.php(342): Symfony\\Component\\Console\\Application->doRunCommand(Object(Illuminate\\Database\\Console\\Migrations\\ResetCommand), Object(Symfony\\Component\\Console\\Input\\ArgvInput), Object(Symfony\\Component\\Console\\Output\\ConsoleOutput))
#30 D:\\Users\\Raphael\\Desktop\\desafio_senai\\projects\\technology-solutions-api\\api\\vendor\\symfony\\console\\Application.php(193): Symfony\\Component\\Console\\Application->doRun(Object(Symfony\\Component\\Console\\Input\\ArgvInput), Object(Symfony\\Component\\Console\\Output\\ConsoleOutput))
#31 D:\\Users\\Raphael\\Desktop\\desafio_senai\\projects\\technology-solutions-api\\api\\vendor\\laravel\\framework\\src\\Illuminate\\Foundation\\Console\\Kernel.php(198): Symfony\\Component\\Console\\Application->run(Object(Symfony\\Component\\Console\\Input\\ArgvInput), Object(Symfony\\Component\\Console\\Output\\ConsoleOutput))
#32 D:\\Users\\Raphael\\Desktop\\desafio_senai\\projects\\technology-solutions-api\\api\\vendor\\laravel\\framework\\src\\Illuminate\\Foundation\\Application.php(1235): Illuminate\\Foundation\\Console\\Kernel->handle(Object(Symfony\\Component\\Console\\Input\\ArgvInput), Object(Symfony\\Component\\Console\\Output\\ConsoleOutput))
#33 D:\\Users\\Raphael\\Desktop\\desafio_senai\\projects\\technology-solutions-api\\api\\artisan(16): Illuminate\\Foundation\\Application->handleCommand(Object(Symfony\\Component\\Console\\Input\\ArgvInput))
#34 {main}

[previous exception] [object] (PDOException(code: 23000): SQLSTATE[23000]: Integrity constraint violation: 1451 Cannot delete or update a parent row: a foreign key constraint fails at D:\\Users\\Raphael\\Desktop\\desafio_senai\\projects\\technology-solutions-api\\api\\vendor\\laravel\\framework\\src\\Illuminate\\Database\\Connection.php:569)
[stacktrace]
#0 D:\\Users\\Raphael\\Desktop\\desafio_senai\\projects\\technology-solutions-api\\api\\vendor\\laravel\\framework\\src\\Illuminate\\Database\\Connection.php(569): PDOStatement->execute()
#1 D:\\Users\\Raphael\\Desktop\\desafio_senai\\projects\\technology-solutions-api\\api\\vendor\\laravel\\framework\\src\\Illuminate\\Database\\Connection.php(810): Illuminate\\Database\\Connection->Illuminate\\Database\\{closure}('drop table if e...', Array)
#2 D:\\Users\\Raphael\\Desktop\\desafio_senai\\projects\\technology-solutions-api\\api\\vendor\\laravel\\framework\\src\\Illuminate\\Database\\Connection.php(777): Illuminate\\Database\\Connection->runQueryCallback('drop table if e...', Array, Object(Closure))
#3 D:\\Users\\Raphael\\Desktop\\desafio_senai\\projects\\technology-solutions-api\\api\\vendor\\laravel\\framework\\src\\Illuminate\\Database\\Connection.php(558): Illuminate\\Database\\Connection->run('drop table if e...', Array, Object(Closure))
#4 D:\\Users\\Raphael\\Desktop\\desafio_senai\\projects\\technology-solutions-api\\api\\vendor\\laravel\\framework\\src\\Illuminate\\Database\\Schema\\Blueprint.php(120): Illuminate\\Database\\Connection->statement('drop table if e...')
#5 D:\\Users\\Raphael\\Desktop\\desafio_senai\\projects\\technology-solutions-api\\api\\vendor\\laravel\\framework\\src\\Illuminate\\Database\\Schema\\Builder.php(619): Illuminate\\Database\\Schema\\Blueprint->build()
#6 D:\\Users\\Raphael\\Desktop\\desafio_senai\\projects\\technology-solutions-api\\api\\vendor\\laravel\\framework\\src\\Illuminate\\Database\\Schema\\Builder.php(501): Illuminate\\Database\\Schema\\Builder->build(Object(Illuminate\\Database\\Schema\\Blueprint))
#7 D:\\Users\\Raphael\\Desktop\\desafio_senai\\projects\\technology-solutions-api\\api\\vendor\\laravel\\framework\\src\\Illuminate\\Support\\Facades\\Facade.php(361): Illuminate\\Database\\Schema\\Builder->dropIfExists('user_types')
#8 D:\\Users\\Raphael\\Desktop\\desafio_senai\\projects\\technology-solutions-api\\api\\database\\migrations\\2025_02_27_004756_create_user_types_table.php(26): Illuminate\\Support\\Facades\\Facade::__callStatic('dropIfExists', Array)
#9 D:\\Users\\Raphael\\Desktop\\desafio_senai\\projects\\technology-solutions-api\\api\\vendor\\laravel\\framework\\src\\Illuminate\\Database\\Migrations\\Migrator.php(507): Illuminate\\Database\\Migrations\\Migration@anonymous->down()
#10 D:\\Users\\Raphael\\Desktop\\desafio_senai\\projects\\technology-solutions-api\\api\\vendor\\laravel\\framework\\src\\Illuminate\\Database\\Migrations\\Migrator.php(432): Illuminate\\Database\\Migrations\\Migrator->runMethod(Object(Illuminate\\Database\\MySqlConnection), Object(Illuminate\\Database\\Migrations\\Migration@anonymous), 'down')
#11 D:\\Users\\Raphael\\Desktop\\desafio_senai\\projects\\technology-solutions-api\\api\\vendor\\laravel\\framework\\src\\Illuminate\\Database\\Migrations\\Migrator.php(441): Illuminate\\Database\\Migrations\\Migrator->Illuminate\\Database\\Migrations\\{closure}()
#12 D:\\Users\\Raphael\\Desktop\\desafio_senai\\projects\\technology-solutions-api\\api\\vendor\\laravel\\framework\\src\\Illuminate\\Database\\Migrations\\Migrator.php(407): Illuminate\\Database\\Migrations\\Migrator->runMigration(Object(Illuminate\\Database\\Migrations\\Migration@anonymous), 'down')
#13 D:\\Users\\Raphael\\Desktop\\desafio_senai\\projects\\technology-solutions-api\\api\\vendor\\laravel\\framework\\src\\Illuminate\\Console\\View\\Components\\Task.php(40): Illuminate\\Database\\Migrations\\Migrator->Illuminate\\Database\\Migrations\\{closure}()
#14 D:\\Users\\Raphael\\Desktop\\desafio_senai\\projects\\technology-solutions-api\\api\\vendor\\laravel\\framework\\src\\Illuminate\\Database\\Migrations\\Migrator.php(798): Illuminate\\Console\\View\\Components\\Task->render('2025_02_27_0047...', Object(Closure))
#15 D:\\Users\\Raphael\\Desktop\\desafio_senai\\projects\\technology-solutions-api\\api\\vendor\\laravel\\framework\\src\\Illuminate\\Database\\Migrations\\Migrator.php(407): Illuminate\\Database\\Migrations\\Migrator->write('Illuminate\\\\Cons...', '2025_02_27_0047...', Object(Closure))
#16 D:\\Users\\Raphael\\Desktop\\desafio_senai\\projects\\technology-solutions-api\\api\\vendor\\laravel\\framework\\src\\Illuminate\\Database\\Migrations\\Migrator.php(330): Illuminate\\Database\\Migrations\\Migrator->runDown('D:\\\\Users\\\\Raphae...', Object(stdClass), false)
#17 D:\\Users\\Raphael\\Desktop\\desafio_senai\\projects\\technology-solutions-api\\api\\vendor\\laravel\\framework\\src\\Illuminate\\Database\\Migrations\\Migrator.php(381): Illuminate\\Database\\Migrations\\Migrator->rollbackMigrations(Array, Array, Array)
#18 D:\\Users\\Raphael\\Desktop\\desafio_senai\\projects\\technology-solutions-api\\api\\vendor\\laravel\\framework\\src\\Illuminate\\Database\\Migrations\\Migrator.php(361): Illuminate\\Database\\Migrations\\Migrator->resetMigrations(Array, Array, false)
#19 D:\\Users\\Raphael\\Desktop\\desafio_senai\\projects\\technology-solutions-api\\api\\vendor\\laravel\\framework\\src\\Illuminate\\Database\\Console\\Migrations\\ResetCommand.php(71): Illuminate\\Database\\Migrations\\Migrator->reset(Array, false)
#20 D:\\Users\\Raphael\\Desktop\\desafio_senai\\projects\\technology-solutions-api\\api\\vendor\\laravel\\framework\\src\\Illuminate\\Database\\Migrations\\Migrator.php(658): Illuminate\\Database\\Console\\Migrations\\ResetCommand->Illuminate\\Database\\Console\\Migrations\\{closure}()
#21 D:\\Users\\Raphael\\Desktop\\desafio_senai\\projects\\technology-solutions-api\\api\\vendor\\laravel\\framework\\src\\Illuminate\\Database\\Console\\Migrations\\ResetCommand.php(63): Illuminate\\Database\\Migrations\\Migrator->usingConnection(NULL, Object(Closure))
#22 D:\\Users\\Raphael\\Desktop\\desafio_senai\\projects\\technology-solutions-api\\api\\vendor\\laravel\\framework\\src\\Illuminate\\Container\\BoundMethod.php(36): Illuminate\\Database\\Console\\Migrations\\ResetCommand->handle()
#23 D:\\Users\\Raphael\\Desktop\\desafio_senai\\projects\\technology-solutions-api\\api\\vendor\\laravel\\framework\\src\\Illuminate\\Container\\Util.php(43): Illuminate\\Container\\BoundMethod::Illuminate\\Container\\{closure}()
#24 D:\\Users\\Raphael\\Desktop\\desafio_senai\\projects\\technology-solutions-api\\api\\vendor\\laravel\\framework\\src\\Illuminate\\Container\\BoundMethod.php(95): Illuminate\\Container\\Util::unwrapIfClosure(Object(Closure))
#25 D:\\Users\\Raphael\\Desktop\\desafio_senai\\projects\\technology-solutions-api\\api\\vendor\\laravel\\framework\\src\\Illuminate\\Container\\BoundMethod.php(35): Illuminate\\Container\\BoundMethod::callBoundMethod(Object(Illuminate\\Foundation\\Application), Array, Object(Closure))
#26 D:\\Users\\Raphael\\Desktop\\desafio_senai\\projects\\technology-solutions-api\\api\\vendor\\laravel\\framework\\src\\Illuminate\\Container\\Container.php(754): Illuminate\\Container\\BoundMethod::call(Object(Illuminate\\Foundation\\Application), Array, Array, NULL)
#27 D:\\Users\\Raphael\\Desktop\\desafio_senai\\projects\\technology-solutions-api\\api\\vendor\\laravel\\framework\\src\\Illuminate\\Console\\Command.php(213): Illuminate\\Container\\Container->call(Array)
#28 D:\\Users\\Raphael\\Desktop\\desafio_senai\\projects\\technology-solutions-api\\api\\vendor\\symfony\\console\\Command\\Command.php(279): Illuminate\\Console\\Command->execute(Object(Symfony\\Component\\Console\\Input\\ArgvInput), Object(Illuminate\\Console\\OutputStyle))
#29 D:\\Users\\Raphael\\Desktop\\desafio_senai\\projects\\technology-solutions-api\\api\\vendor\\laravel\\framework\\src\\Illuminate\\Console\\Command.php(182): Symfony\\Component\\Console\\Command\\Command->run(Object(Symfony\\Component\\Console\\Input\\ArgvInput), Object(Illuminate\\Console\\OutputStyle))
#30 D:\\Users\\Raphael\\Desktop\\desafio_senai\\projects\\technology-solutions-api\\api\\vendor\\symfony\\console\\Application.php(1094): Illuminate\\Console\\Command->run(Object(Symfony\\Component\\Console\\Input\\ArgvInput), Object(Symfony\\Component\\Console\\Output\\ConsoleOutput))
#31 D:\\Users\\Raphael\\Desktop\\desafio_senai\\projects\\technology-solutions-api\\api\\vendor\\symfony\\console\\Application.php(342): Symfony\\Component\\Console\\Application->doRunCommand(Object(Illuminate\\Database\\Console\\Migrations\\ResetCommand), Object(Symfony\\Component\\Console\\Input\\ArgvInput), Object(Symfony\\Component\\Console\\Output\\ConsoleOutput))
#32 D:\\Users\\Raphael\\Desktop\\desafio_senai\\projects\\technology-solutions-api\\api\\vendor\\symfony\\console\\Application.php(193): Symfony\\Component\\Console\\Application->doRun(Object(Symfony\\Component\\Console\\Input\\ArgvInput), Object(Symfony\\Component\\Console\\Output\\ConsoleOutput))
#33 D:\\Users\\Raphael\\Desktop\\desafio_senai\\projects\\technology-solutions-api\\api\\vendor\\laravel\\framework\\src\\Illuminate\\Foundation\\Console\\Kernel.php(198): Symfony\\Component\\Console\\Application->run(Object(Symfony\\Component\\Console\\Input\\ArgvInput), Object(Symfony\\Component\\Console\\Output\\ConsoleOutput))
#34 D:\\Users\\Raphael\\Desktop\\desafio_senai\\projects\\technology-solutions-api\\api\\vendor\\laravel\\framework\\src\\Illuminate\\Foundation\\Application.php(1235): Illuminate\\Foundation\\Console\\Kernel->handle(Object(Symfony\\Component\\Console\\Input\\ArgvInput), Object(Symfony\\Component\\Console\\Output\\ConsoleOutput))
#35 D:\\Users\\Raphael\\Desktop\\desafio_senai\\projects\\technology-solutions-api\\api\\artisan(16): Illuminate\\Foundation\\Application->handleCommand(Object(Symfony\\Component\\Console\\Input\\ArgvInput))
#36 {main}
"} 
[2025-02-27 12:45:58] local.ERROR: SQLSTATE[42S02]: Base table or view not found: 1146 Table 'technology_solutions_db.cache' doesn't exist (Connection: mysql, SQL: delete from `cache`) {"exception":"[object] (Illuminate\\Database\\QueryException(code: 42S02): SQLSTATE[42S02]: Base table or view not found: 1146 Table 'technology_solutions_db.cache' doesn't exist (Connection: mysql, SQL: delete from `cache`) at D:\\Users\\Raphael\\Desktop\\desafio_senai\\projects\\technology-solutions-api\\api\\vendor\\laravel\\framework\\src\\Illuminate\\Database\\Connection.php:823)
[stacktrace]
#0 D:\\Users\\Raphael\\Desktop\\desafio_senai\\projects\\technology-solutions-api\\api\\vendor\\laravel\\framework\\src\\Illuminate\\Database\\Connection.php(777): Illuminate\\Database\\Connection->runQueryCallback('delete from `ca...', Array, Object(Closure))
#1 D:\\Users\\Raphael\\Desktop\\desafio_senai\\projects\\technology-solutions-api\\api\\vendor\\laravel\\framework\\src\\Illuminate\\Database\\Connection.php(582): Illuminate\\Database\\Connection->run('delete from `ca...', Array, Object(Closure))
#2 D:\\Users\\Raphael\\Desktop\\desafio_senai\\projects\\technology-solutions-api\\api\\vendor\\laravel\\framework\\src\\Illuminate\\Database\\Connection.php(546): Illuminate\\Database\\Connection->affectingStatement('delete from `ca...', Array)
#3 D:\\Users\\Raphael\\Desktop\\desafio_senai\\projects\\technology-solutions-api\\api\\vendor\\laravel\\framework\\src\\Illuminate\\Database\\Query\\Builder.php(4024): Illuminate\\Database\\Connection->delete('delete from `ca...', Array)
#4 D:\\Users\\Raphael\\Desktop\\desafio_senai\\projects\\technology-solutions-api\\api\\vendor\\laravel\\framework\\src\\Illuminate\\Cache\\DatabaseStore.php(422): Illuminate\\Database\\Query\\Builder->delete()
#5 D:\\Users\\Raphael\\Desktop\\desafio_senai\\projects\\technology-solutions-api\\api\\vendor\\laravel\\framework\\src\\Illuminate\\Cache\\Repository.php(792): Illuminate\\Cache\\DatabaseStore->flush()
#6 D:\\Users\\Raphael\\Desktop\\desafio_senai\\projects\\technology-solutions-api\\api\\vendor\\laravel\\framework\\src\\Illuminate\\Cache\\Console\\ClearCommand.php(69): Illuminate\\Cache\\Repository->__call('flush', Array)
#7 D:\\Users\\Raphael\\Desktop\\desafio_senai\\projects\\technology-solutions-api\\api\\vendor\\laravel\\framework\\src\\Illuminate\\Container\\BoundMethod.php(36): Illuminate\\Cache\\Console\\ClearCommand->handle()
#8 D:\\Users\\Raphael\\Desktop\\desafio_senai\\projects\\technology-solutions-api\\api\\vendor\\laravel\\framework\\src\\Illuminate\\Container\\Util.php(43): Illuminate\\Container\\BoundMethod::Illuminate\\Container\\{closure}()
#9 D:\\Users\\Raphael\\Desktop\\desafio_senai\\projects\\technology-solutions-api\\api\\vendor\\laravel\\framework\\src\\Illuminate\\Container\\BoundMethod.php(95): Illuminate\\Container\\Util::unwrapIfClosure(Object(Closure))
#10 D:\\Users\\Raphael\\Desktop\\desafio_senai\\projects\\technology-solutions-api\\api\\vendor\\laravel\\framework\\src\\Illuminate\\Container\\BoundMethod.php(35): Illuminate\\Container\\BoundMethod::callBoundMethod(Object(Illuminate\\Foundation\\Application), Array, Object(Closure))
#11 D:\\Users\\Raphael\\Desktop\\desafio_senai\\projects\\technology-solutions-api\\api\\vendor\\laravel\\framework\\src\\Illuminate\\Container\\Container.php(754): Illuminate\\Container\\BoundMethod::call(Object(Illuminate\\Foundation\\Application), Array, Array, NULL)
#12 D:\\Users\\Raphael\\Desktop\\desafio_senai\\projects\\technology-solutions-api\\api\\vendor\\laravel\\framework\\src\\Illuminate\\Console\\Command.php(213): Illuminate\\Container\\Container->call(Array)
#13 D:\\Users\\Raphael\\Desktop\\desafio_senai\\projects\\technology-solutions-api\\api\\vendor\\symfony\\console\\Command\\Command.php(279): Illuminate\\Console\\Command->execute(Object(Symfony\\Component\\Console\\Input\\ArgvInput), Object(Illuminate\\Console\\OutputStyle))
#14 D:\\Users\\Raphael\\Desktop\\desafio_senai\\projects\\technology-solutions-api\\api\\vendor\\laravel\\framework\\src\\Illuminate\\Console\\Command.php(182): Symfony\\Component\\Console\\Command\\Command->run(Object(Symfony\\Component\\Console\\Input\\ArgvInput), Object(Illuminate\\Console\\OutputStyle))
#15 D:\\Users\\Raphael\\Desktop\\desafio_senai\\projects\\technology-solutions-api\\api\\vendor\\symfony\\console\\Application.php(1094): Illuminate\\Console\\Command->run(Object(Symfony\\Component\\Console\\Input\\ArgvInput), Object(Symfony\\Component\\Console\\Output\\ConsoleOutput))
#16 D:\\Users\\Raphael\\Desktop\\desafio_senai\\projects\\technology-solutions-api\\api\\vendor\\symfony\\console\\Application.php(342): Symfony\\Component\\Console\\Application->doRunCommand(Object(Illuminate\\Cache\\Console\\ClearCommand), Object(Symfony\\Component\\Console\\Input\\ArgvInput), Object(Symfony\\Component\\Console\\Output\\ConsoleOutput))
#17 D:\\Users\\Raphael\\Desktop\\desafio_senai\\projects\\technology-solutions-api\\api\\vendor\\symfony\\console\\Application.php(193): Symfony\\Component\\Console\\Application->doRun(Object(Symfony\\Component\\Console\\Input\\ArgvInput), Object(Symfony\\Component\\Console\\Output\\ConsoleOutput))
#18 D:\\Users\\Raphael\\Desktop\\desafio_senai\\projects\\technology-solutions-api\\api\\vendor\\laravel\\framework\\src\\Illuminate\\Foundation\\Console\\Kernel.php(198): Symfony\\Component\\Console\\Application->run(Object(Symfony\\Component\\Console\\Input\\ArgvInput), Object(Symfony\\Component\\Console\\Output\\ConsoleOutput))
#19 D:\\Users\\Raphael\\Desktop\\desafio_senai\\projects\\technology-solutions-api\\api\\vendor\\laravel\\framework\\src\\Illuminate\\Foundation\\Application.php(1235): Illuminate\\Foundation\\Console\\Kernel->handle(Object(Symfony\\Component\\Console\\Input\\ArgvInput), Object(Symfony\\Component\\Console\\Output\\ConsoleOutput))
#20 D:\\Users\\Raphael\\Desktop\\desafio_senai\\projects\\technology-solutions-api\\api\\artisan(16): Illuminate\\Foundation\\Application->handleCommand(Object(Symfony\\Component\\Console\\Input\\ArgvInput))
#21 {main}

[previous exception] [object] (PDOException(code: 42S02): SQLSTATE[42S02]: Base table or view not found: 1146 Table 'technology_solutions_db.cache' doesn't exist at D:\\Users\\Raphael\\Desktop\\desafio_senai\\projects\\technology-solutions-api\\api\\vendor\\laravel\\framework\\src\\Illuminate\\Database\\Connection.php:590)
[stacktrace]
#0 D:\\Users\\Raphael\\Desktop\\desafio_senai\\projects\\technology-solutions-api\\api\\vendor\\laravel\\framework\\src\\Illuminate\\Database\\Connection.php(590): PDO->prepare('delete from `ca...')
#1 D:\\Users\\Raphael\\Desktop\\desafio_senai\\projects\\technology-solutions-api\\api\\vendor\\laravel\\framework\\src\\Illuminate\\Database\\Connection.php(810): Illuminate\\Database\\Connection->Illuminate\\Database\\{closure}('delete from `ca...', Array)
#2 D:\\Users\\Raphael\\Desktop\\desafio_senai\\projects\\technology-solutions-api\\api\\vendor\\laravel\\framework\\src\\Illuminate\\Database\\Connection.php(777): Illuminate\\Database\\Connection->runQueryCallback('delete from `ca...', Array, Object(Closure))
#3 D:\\Users\\Raphael\\Desktop\\desafio_senai\\projects\\technology-solutions-api\\api\\vendor\\laravel\\framework\\src\\Illuminate\\Database\\Connection.php(582): Illuminate\\Database\\Connection->run('delete from `ca...', Array, Object(Closure))
#4 D:\\Users\\Raphael\\Desktop\\desafio_senai\\projects\\technology-solutions-api\\api\\vendor\\laravel\\framework\\src\\Illuminate\\Database\\Connection.php(546): Illuminate\\Database\\Connection->affectingStatement('delete from `ca...', Array)
#5 D:\\Users\\Raphael\\Desktop\\desafio_senai\\projects\\technology-solutions-api\\api\\vendor\\laravel\\framework\\src\\Illuminate\\Database\\Query\\Builder.php(4024): Illuminate\\Database\\Connection->delete('delete from `ca...', Array)
#6 D:\\Users\\Raphael\\Desktop\\desafio_senai\\projects\\technology-solutions-api\\api\\vendor\\laravel\\framework\\src\\Illuminate\\Cache\\DatabaseStore.php(422): Illuminate\\Database\\Query\\Builder->delete()
#7 D:\\Users\\Raphael\\Desktop\\desafio_senai\\projects\\technology-solutions-api\\api\\vendor\\laravel\\framework\\src\\Illuminate\\Cache\\Repository.php(792): Illuminate\\Cache\\DatabaseStore->flush()
#8 D:\\Users\\Raphael\\Desktop\\desafio_senai\\projects\\technology-solutions-api\\api\\vendor\\laravel\\framework\\src\\Illuminate\\Cache\\Console\\ClearCommand.php(69): Illuminate\\Cache\\Repository->__call('flush', Array)
#9 D:\\Users\\Raphael\\Desktop\\desafio_senai\\projects\\technology-solutions-api\\api\\vendor\\laravel\\framework\\src\\Illuminate\\Container\\BoundMethod.php(36): Illuminate\\Cache\\Console\\ClearCommand->handle()
#10 D:\\Users\\Raphael\\Desktop\\desafio_senai\\projects\\technology-solutions-api\\api\\vendor\\laravel\\framework\\src\\Illuminate\\Container\\Util.php(43): Illuminate\\Container\\BoundMethod::Illuminate\\Container\\{closure}()
#11 D:\\Users\\Raphael\\Desktop\\desafio_senai\\projects\\technology-solutions-api\\api\\vendor\\laravel\\framework\\src\\Illuminate\\Container\\BoundMethod.php(95): Illuminate\\Container\\Util::unwrapIfClosure(Object(Closure))
#12 D:\\Users\\Raphael\\Desktop\\desafio_senai\\projects\\technology-solutions-api\\api\\vendor\\laravel\\framework\\src\\Illuminate\\Container\\BoundMethod.php(35): Illuminate\\Container\\BoundMethod::callBoundMethod(Object(Illuminate\\Foundation\\Application), Array, Object(Closure))
#13 D:\\Users\\Raphael\\Desktop\\desafio_senai\\projects\\technology-solutions-api\\api\\vendor\\laravel\\framework\\src\\Illuminate\\Container\\Container.php(754): Illuminate\\Container\\BoundMethod::call(Object(Illuminate\\Foundation\\Application), Array, Array, NULL)
#14 D:\\Users\\Raphael\\Desktop\\desafio_senai\\projects\\technology-solutions-api\\api\\vendor\\laravel\\framework\\src\\Illuminate\\Console\\Command.php(213): Illuminate\\Container\\Container->call(Array)
#15 D:\\Users\\Raphael\\Desktop\\desafio_senai\\projects\\technology-solutions-api\\api\\vendor\\symfony\\console\\Command\\Command.php(279): Illuminate\\Console\\Command->execute(Object(Symfony\\Component\\Console\\Input\\ArgvInput), Object(Illuminate\\Console\\OutputStyle))
#16 D:\\Users\\Raphael\\Desktop\\desafio_senai\\projects\\technology-solutions-api\\api\\vendor\\laravel\\framework\\src\\Illuminate\\Console\\Command.php(182): Symfony\\Component\\Console\\Command\\Command->run(Object(Symfony\\Component\\Console\\Input\\ArgvInput), Object(Illuminate\\Console\\OutputStyle))
#17 D:\\Users\\Raphael\\Desktop\\desafio_senai\\projects\\technology-solutions-api\\api\\vendor\\symfony\\console\\Application.php(1094): Illuminate\\Console\\Command->run(Object(Symfony\\Component\\Console\\Input\\ArgvInput), Object(Symfony\\Component\\Console\\Output\\ConsoleOutput))
#18 D:\\Users\\Raphael\\Desktop\\desafio_senai\\projects\\technology-solutions-api\\api\\vendor\\symfony\\console\\Application.php(342): Symfony\\Component\\Console\\Application->doRunCommand(Object(Illuminate\\Cache\\Console\\ClearCommand), Object(Symfony\\Component\\Console\\Input\\ArgvInput), Object(Symfony\\Component\\Console\\Output\\ConsoleOutput))
#19 D:\\Users\\Raphael\\Desktop\\desafio_senai\\projects\\technology-solutions-api\\api\\vendor\\symfony\\console\\Application.php(193): Symfony\\Component\\Console\\Application->doRun(Object(Symfony\\Component\\Console\\Input\\ArgvInput), Object(Symfony\\Component\\Console\\Output\\ConsoleOutput))
#20 D:\\Users\\Raphael\\Desktop\\desafio_senai\\projects\\technology-solutions-api\\api\\vendor\\laravel\\framework\\src\\Illuminate\\Foundation\\Console\\Kernel.php(198): Symfony\\Component\\Console\\Application->run(Object(Symfony\\Component\\Console\\Input\\ArgvInput), Object(Symfony\\Component\\Console\\Output\\ConsoleOutput))
#21 D:\\Users\\Raphael\\Desktop\\desafio_senai\\projects\\technology-solutions-api\\api\\vendor\\laravel\\framework\\src\\Illuminate\\Foundation\\Application.php(1235): Illuminate\\Foundation\\Console\\Kernel->handle(Object(Symfony\\Component\\Console\\Input\\ArgvInput), Object(Symfony\\Component\\Console\\Output\\ConsoleOutput))
#22 D:\\Users\\Raphael\\Desktop\\desafio_senai\\projects\\technology-solutions-api\\api\\artisan(16): Illuminate\\Foundation\\Application->handleCommand(Object(Symfony\\Component\\Console\\Input\\ArgvInput))
#23 {main}
"} 
[2025-02-27 12:46:13] local.ERROR: SQLSTATE[42000]: Syntax error or access violation: 1064 You have an error in your SQL syntax; check the manual that corresponds to your MariaDB server version for the right syntax to use near 'after `password`, `cpf` varchar(255) not null, `remember_token` varchar(100) ...' at line 1 (Connection: mysql, SQL: create table `users` (`id` bigint unsigned not null auto_increment, `name` varchar(255) not null, `email` varchar(255) not null, `email_verified_at` timestamp null, `password` varchar(255) not null, `user_type_id` bigint unsigned null after `password`, `cpf` varchar(255) not null, `remember_token` varchar(100) null, `created_at` timestamp null, `updated_at` timestamp null, primary key (`id`)) default character set utf8mb4 collate 'utf8mb4_unicode_ci') {"exception":"[object] (Illuminate\\Database\\QueryException(code: 42000): SQLSTATE[42000]: Syntax error or access violation: 1064 You have an error in your SQL syntax; check the manual that corresponds to your MariaDB server version for the right syntax to use near 'after `password`, `cpf` varchar(255) not null, `remember_token` varchar(100) ...' at line 1 (Connection: mysql, SQL: create table `users` (`id` bigint unsigned not null auto_increment, `name` varchar(255) not null, `email` varchar(255) not null, `email_verified_at` timestamp null, `password` varchar(255) not null, `user_type_id` bigint unsigned null after `password`, `cpf` varchar(255) not null, `remember_token` varchar(100) null, `created_at` timestamp null, `updated_at` timestamp null, primary key (`id`)) default character set utf8mb4 collate 'utf8mb4_unicode_ci') at D:\\Users\\Raphael\\Desktop\\desafio_senai\\projects\\technology-solutions-api\\api\\vendor\\laravel\\framework\\src\\Illuminate\\Database\\Connection.php:823)
[stacktrace]
#0 D:\\Users\\Raphael\\Desktop\\desafio_senai\\projects\\technology-solutions-api\\api\\vendor\\laravel\\framework\\src\\Illuminate\\Database\\Connection.php(777): Illuminate\\Database\\Connection->runQueryCallback('create table `u...', Array, Object(Closure))
#1 D:\\Users\\Raphael\\Desktop\\desafio_senai\\projects\\technology-solutions-api\\api\\vendor\\laravel\\framework\\src\\Illuminate\\Database\\Connection.php(558): Illuminate\\Database\\Connection->run('create table `u...', Array, Object(Closure))
#2 D:\\Users\\Raphael\\Desktop\\desafio_senai\\projects\\technology-solutions-api\\api\\vendor\\laravel\\framework\\src\\Illuminate\\Database\\Schema\\Blueprint.php(120): Illuminate\\Database\\Connection->statement('create table `u...')
#3 D:\\Users\\Raphael\\Desktop\\desafio_senai\\projects\\technology-solutions-api\\api\\vendor\\laravel\\framework\\src\\Illuminate\\Database\\Schema\\Builder.php(619): Illuminate\\Database\\Schema\\Blueprint->build()
#4 D:\\Users\\Raphael\\Desktop\\desafio_senai\\projects\\technology-solutions-api\\api\\vendor\\laravel\\framework\\src\\Illuminate\\Database\\Schema\\Builder.php(473): Illuminate\\Database\\Schema\\Builder->build(Object(Illuminate\\Database\\Schema\\Blueprint))
#5 D:\\Users\\Raphael\\Desktop\\desafio_senai\\projects\\technology-solutions-api\\api\\vendor\\laravel\\framework\\src\\Illuminate\\Support\\Facades\\Facade.php(361): Illuminate\\Database\\Schema\\Builder->create('users', Object(Closure))
#6 D:\\Users\\Raphael\\Desktop\\desafio_senai\\projects\\technology-solutions-api\\api\\database\\migrations\\0001_01_01_000000_create_users_table.php(14): Illuminate\\Support\\Facades\\Facade::__callStatic('create', Array)
#7 D:\\Users\\Raphael\\Desktop\\desafio_senai\\projects\\technology-solutions-api\\api\\vendor\\laravel\\framework\\src\\Illuminate\\Database\\Migrations\\Migrator.php(507): Illuminate\\Database\\Migrations\\Migration@anonymous->up()
#8 D:\\Users\\Raphael\\Desktop\\desafio_senai\\projects\\technology-solutions-api\\api\\vendor\\laravel\\framework\\src\\Illuminate\\Database\\Migrations\\Migrator.php(432): Illuminate\\Database\\Migrations\\Migrator->runMethod(Object(Illuminate\\Database\\MySqlConnection), Object(Illuminate\\Database\\Migrations\\Migration@anonymous), 'up')
#9 D:\\Users\\Raphael\\Desktop\\desafio_senai\\projects\\technology-solutions-api\\api\\vendor\\laravel\\framework\\src\\Illuminate\\Database\\Migrations\\Migrator.php(441): Illuminate\\Database\\Migrations\\Migrator->Illuminate\\Database\\Migrations\\{closure}()
#10 D:\\Users\\Raphael\\Desktop\\desafio_senai\\projects\\technology-solutions-api\\api\\vendor\\laravel\\framework\\src\\Illuminate\\Database\\Migrations\\Migrator.php(244): Illuminate\\Database\\Migrations\\Migrator->runMigration(Object(Illuminate\\Database\\Migrations\\Migration@anonymous), 'up')
#11 D:\\Users\\Raphael\\Desktop\\desafio_senai\\projects\\technology-solutions-api\\api\\vendor\\laravel\\framework\\src\\Illuminate\\Console\\View\\Components\\Task.php(40): Illuminate\\Database\\Migrations\\Migrator->Illuminate\\Database\\Migrations\\{closure}()
#12 D:\\Users\\Raphael\\Desktop\\desafio_senai\\projects\\technology-solutions-api\\api\\vendor\\laravel\\framework\\src\\Illuminate\\Database\\Migrations\\Migrator.php(798): Illuminate\\Console\\View\\Components\\Task->render('0001_01_01_0000...', Object(Closure))
#13 D:\\Users\\Raphael\\Desktop\\desafio_senai\\projects\\technology-solutions-api\\api\\vendor\\laravel\\framework\\src\\Illuminate\\Database\\Migrations\\Migrator.php(244): Illuminate\\Database\\Migrations\\Migrator->write('Illuminate\\\\Cons...', '0001_01_01_0000...', Object(Closure))
#14 D:\\Users\\Raphael\\Desktop\\desafio_senai\\projects\\technology-solutions-api\\api\\vendor\\laravel\\framework\\src\\Illuminate\\Database\\Migrations\\Migrator.php(211): Illuminate\\Database\\Migrations\\Migrator->runUp('D:\\\\Users\\\\Raphae...', 1, false)
#15 D:\\Users\\Raphael\\Desktop\\desafio_senai\\projects\\technology-solutions-api\\api\\vendor\\laravel\\framework\\src\\Illuminate\\Database\\Migrations\\Migrator.php(138): Illuminate\\Database\\Migrations\\Migrator->runPending(Array, Array)
#16 D:\\Users\\Raphael\\Desktop\\desafio_senai\\projects\\technology-solutions-api\\api\\vendor\\laravel\\framework\\src\\Illuminate\\Database\\Console\\Migrations\\MigrateCommand.php(117): Illuminate\\Database\\Migrations\\Migrator->run(Array, Array)
#17 D:\\Users\\Raphael\\Desktop\\desafio_senai\\projects\\technology-solutions-api\\api\\vendor\\laravel\\framework\\src\\Illuminate\\Database\\Migrations\\Migrator.php(658): Illuminate\\Database\\Console\\Migrations\\MigrateCommand->Illuminate\\Database\\Console\\Migrations\\{closure}()
#18 D:\\Users\\Raphael\\Desktop\\desafio_senai\\projects\\technology-solutions-api\\api\\vendor\\laravel\\framework\\src\\Illuminate\\Database\\Console\\Migrations\\MigrateCommand.php(110): Illuminate\\Database\\Migrations\\Migrator->usingConnection(NULL, Object(Closure))
#19 D:\\Users\\Raphael\\Desktop\\desafio_senai\\projects\\technology-solutions-api\\api\\vendor\\laravel\\framework\\src\\Illuminate\\Database\\Console\\Migrations\\MigrateCommand.php(89): Illuminate\\Database\\Console\\Migrations\\MigrateCommand->runMigrations()
#20 D:\\Users\\Raphael\\Desktop\\desafio_senai\\projects\\technology-solutions-api\\api\\vendor\\laravel\\framework\\src\\Illuminate\\Container\\BoundMethod.php(36): Illuminate\\Database\\Console\\Migrations\\MigrateCommand->handle()
#21 D:\\Users\\Raphael\\Desktop\\desafio_senai\\projects\\technology-solutions-api\\api\\vendor\\laravel\\framework\\src\\Illuminate\\Container\\Util.php(43): Illuminate\\Container\\BoundMethod::Illuminate\\Container\\{closure}()
#22 D:\\Users\\Raphael\\Desktop\\desafio_senai\\projects\\technology-solutions-api\\api\\vendor\\laravel\\framework\\src\\Illuminate\\Container\\BoundMethod.php(95): Illuminate\\Container\\Util::unwrapIfClosure(Object(Closure))
#23 D:\\Users\\Raphael\\Desktop\\desafio_senai\\projects\\technology-solutions-api\\api\\vendor\\laravel\\framework\\src\\Illuminate\\Container\\BoundMethod.php(35): Illuminate\\Container\\BoundMethod::callBoundMethod(Object(Illuminate\\Foundation\\Application), Array, Object(Closure))
#24 D:\\Users\\Raphael\\Desktop\\desafio_senai\\projects\\technology-solutions-api\\api\\vendor\\laravel\\framework\\src\\Illuminate\\Container\\Container.php(754): Illuminate\\Container\\BoundMethod::call(Object(Illuminate\\Foundation\\Application), Array, Array, NULL)
#25 D:\\Users\\Raphael\\Desktop\\desafio_senai\\projects\\technology-solutions-api\\api\\vendor\\laravel\\framework\\src\\Illuminate\\Console\\Command.php(213): Illuminate\\Container\\Container->call(Array)
#26 D:\\Users\\Raphael\\Desktop\\desafio_senai\\projects\\technology-solutions-api\\api\\vendor\\symfony\\console\\Command\\Command.php(279): Illuminate\\Console\\Command->execute(Object(Symfony\\Component\\Console\\Input\\ArgvInput), Object(Illuminate\\Console\\OutputStyle))
#27 D:\\Users\\Raphael\\Desktop\\desafio_senai\\projects\\technology-solutions-api\\api\\vendor\\laravel\\framework\\src\\Illuminate\\Console\\Command.php(182): Symfony\\Component\\Console\\Command\\Command->run(Object(Symfony\\Component\\Console\\Input\\ArgvInput), Object(Illuminate\\Console\\OutputStyle))
#28 D:\\Users\\Raphael\\Desktop\\desafio_senai\\projects\\technology-solutions-api\\api\\vendor\\symfony\\console\\Application.php(1094): Illuminate\\Console\\Command->run(Object(Symfony\\Component\\Console\\Input\\ArgvInput), Object(Symfony\\Component\\Console\\Output\\ConsoleOutput))
#29 D:\\Users\\Raphael\\Desktop\\desafio_senai\\projects\\technology-solutions-api\\api\\vendor\\symfony\\console\\Application.php(342): Symfony\\Component\\Console\\Application->doRunCommand(Object(Illuminate\\Database\\Console\\Migrations\\MigrateCommand), Object(Symfony\\Component\\Console\\Input\\ArgvInput), Object(Symfony\\Component\\Console\\Output\\ConsoleOutput))
#30 D:\\Users\\Raphael\\Desktop\\desafio_senai\\projects\\technology-solutions-api\\api\\vendor\\symfony\\console\\Application.php(193): Symfony\\Component\\Console\\Application->doRun(Object(Symfony\\Component\\Console\\Input\\ArgvInput), Object(Symfony\\Component\\Console\\Output\\ConsoleOutput))
#31 D:\\Users\\Raphael\\Desktop\\desafio_senai\\projects\\technology-solutions-api\\api\\vendor\\laravel\\framework\\src\\Illuminate\\Foundation\\Console\\Kernel.php(198): Symfony\\Component\\Console\\Application->run(Object(Symfony\\Component\\Console\\Input\\ArgvInput), Object(Symfony\\Component\\Console\\Output\\ConsoleOutput))
#32 D:\\Users\\Raphael\\Desktop\\desafio_senai\\projects\\technology-solutions-api\\api\\vendor\\laravel\\framework\\src\\Illuminate\\Foundation\\Application.php(1235): Illuminate\\Foundation\\Console\\Kernel->handle(Object(Symfony\\Component\\Console\\Input\\ArgvInput), Object(Symfony\\Component\\Console\\Output\\ConsoleOutput))
#33 D:\\Users\\Raphael\\Desktop\\desafio_senai\\projects\\technology-solutions-api\\api\\artisan(16): Illuminate\\Foundation\\Application->handleCommand(Object(Symfony\\Component\\Console\\Input\\ArgvInput))
#34 {main}

[previous exception] [object] (PDOException(code: 42000): SQLSTATE[42000]: Syntax error or access violation: 1064 You have an error in your SQL syntax; check the manual that corresponds to your MariaDB server version for the right syntax to use near 'after `password`, `cpf` varchar(255) not null, `remember_token` varchar(100) ...' at line 1 at D:\\Users\\Raphael\\Desktop\\desafio_senai\\projects\\technology-solutions-api\\api\\vendor\\laravel\\framework\\src\\Illuminate\\Database\\Connection.php:563)
[stacktrace]
#0 D:\\Users\\Raphael\\Desktop\\desafio_senai\\projects\\technology-solutions-api\\api\\vendor\\laravel\\framework\\src\\Illuminate\\Database\\Connection.php(563): PDO->prepare('create table `u...')
#1 D:\\Users\\Raphael\\Desktop\\desafio_senai\\projects\\technology-solutions-api\\api\\vendor\\laravel\\framework\\src\\Illuminate\\Database\\Connection.php(810): Illuminate\\Database\\Connection->Illuminate\\Database\\{closure}('create table `u...', Array)
#2 D:\\Users\\Raphael\\Desktop\\desafio_senai\\projects\\technology-solutions-api\\api\\vendor\\laravel\\framework\\src\\Illuminate\\Database\\Connection.php(777): Illuminate\\Database\\Connection->runQueryCallback('create table `u...', Array, Object(Closure))
#3 D:\\Users\\Raphael\\Desktop\\desafio_senai\\projects\\technology-solutions-api\\api\\vendor\\laravel\\framework\\src\\Illuminate\\Database\\Connection.php(558): Illuminate\\Database\\Connection->run('create table `u...', Array, Object(Closure))
#4 D:\\Users\\Raphael\\Desktop\\desafio_senai\\projects\\technology-solutions-api\\api\\vendor\\laravel\\framework\\src\\Illuminate\\Database\\Schema\\Blueprint.php(120): Illuminate\\Database\\Connection->statement('create table `u...')
#5 D:\\Users\\Raphael\\Desktop\\desafio_senai\\projects\\technology-solutions-api\\api\\vendor\\laravel\\framework\\src\\Illuminate\\Database\\Schema\\Builder.php(619): Illuminate\\Database\\Schema\\Blueprint->build()
#6 D:\\Users\\Raphael\\Desktop\\desafio_senai\\projects\\technology-solutions-api\\api\\vendor\\laravel\\framework\\src\\Illuminate\\Database\\Schema\\Builder.php(473): Illuminate\\Database\\Schema\\Builder->build(Object(Illuminate\\Database\\Schema\\Blueprint))
#7 D:\\Users\\Raphael\\Desktop\\desafio_senai\\projects\\technology-solutions-api\\api\\vendor\\laravel\\framework\\src\\Illuminate\\Support\\Facades\\Facade.php(361): Illuminate\\Database\\Schema\\Builder->create('users', Object(Closure))
#8 D:\\Users\\Raphael\\Desktop\\desafio_senai\\projects\\technology-solutions-api\\api\\database\\migrations\\0001_01_01_000000_create_users_table.php(14): Illuminate\\Support\\Facades\\Facade::__callStatic('create', Array)
#9 D:\\Users\\Raphael\\Desktop\\desafio_senai\\projects\\technology-solutions-api\\api\\vendor\\laravel\\framework\\src\\Illuminate\\Database\\Migrations\\Migrator.php(507): Illuminate\\Database\\Migrations\\Migration@anonymous->up()
#10 D:\\Users\\Raphael\\Desktop\\desafio_senai\\projects\\technology-solutions-api\\api\\vendor\\laravel\\framework\\src\\Illuminate\\Database\\Migrations\\Migrator.php(432): Illuminate\\Database\\Migrations\\Migrator->runMethod(Object(Illuminate\\Database\\MySqlConnection), Object(Illuminate\\Database\\Migrations\\Migration@anonymous), 'up')
#11 D:\\Users\\Raphael\\Desktop\\desafio_senai\\projects\\technology-solutions-api\\api\\vendor\\laravel\\framework\\src\\Illuminate\\Database\\Migrations\\Migrator.php(441): Illuminate\\Database\\Migrations\\Migrator->Illuminate\\Database\\Migrations\\{closure}()
#12 D:\\Users\\Raphael\\Desktop\\desafio_senai\\projects\\technology-solutions-api\\api\\vendor\\laravel\\framework\\src\\Illuminate\\Database\\Migrations\\Migrator.php(244): Illuminate\\Database\\Migrations\\Migrator->runMigration(Object(Illuminate\\Database\\Migrations\\Migration@anonymous), 'up')
#13 D:\\Users\\Raphael\\Desktop\\desafio_senai\\projects\\technology-solutions-api\\api\\vendor\\laravel\\framework\\src\\Illuminate\\Console\\View\\Components\\Task.php(40): Illuminate\\Database\\Migrations\\Migrator->Illuminate\\Database\\Migrations\\{closure}()
#14 D:\\Users\\Raphael\\Desktop\\desafio_senai\\projects\\technology-solutions-api\\api\\vendor\\laravel\\framework\\src\\Illuminate\\Database\\Migrations\\Migrator.php(798): Illuminate\\Console\\View\\Components\\Task->render('0001_01_01_0000...', Object(Closure))
#15 D:\\Users\\Raphael\\Desktop\\desafio_senai\\projects\\technology-solutions-api\\api\\vendor\\laravel\\framework\\src\\Illuminate\\Database\\Migrations\\Migrator.php(244): Illuminate\\Database\\Migrations\\Migrator->write('Illuminate\\\\Cons...', '0001_01_01_0000...', Object(Closure))
#16 D:\\Users\\Raphael\\Desktop\\desafio_senai\\projects\\technology-solutions-api\\api\\vendor\\laravel\\framework\\src\\Illuminate\\Database\\Migrations\\Migrator.php(211): Illuminate\\Database\\Migrations\\Migrator->runUp('D:\\\\Users\\\\Raphae...', 1, false)
#17 D:\\Users\\Raphael\\Desktop\\desafio_senai\\projects\\technology-solutions-api\\api\\vendor\\laravel\\framework\\src\\Illuminate\\Database\\Migrations\\Migrator.php(138): Illuminate\\Database\\Migrations\\Migrator->runPending(Array, Array)
#18 D:\\Users\\Raphael\\Desktop\\desafio_senai\\projects\\technology-solutions-api\\api\\vendor\\laravel\\framework\\src\\Illuminate\\Database\\Console\\Migrations\\MigrateCommand.php(117): Illuminate\\Database\\Migrations\\Migrator->run(Array, Array)
#19 D:\\Users\\Raphael\\Desktop\\desafio_senai\\projects\\technology-solutions-api\\api\\vendor\\laravel\\framework\\src\\Illuminate\\Database\\Migrations\\Migrator.php(658): Illuminate\\Database\\Console\\Migrations\\MigrateCommand->Illuminate\\Database\\Console\\Migrations\\{closure}()
#20 D:\\Users\\Raphael\\Desktop\\desafio_senai\\projects\\technology-solutions-api\\api\\vendor\\laravel\\framework\\src\\Illuminate\\Database\\Console\\Migrations\\MigrateCommand.php(110): Illuminate\\Database\\Migrations\\Migrator->usingConnection(NULL, Object(Closure))
#21 D:\\Users\\Raphael\\Desktop\\desafio_senai\\projects\\technology-solutions-api\\api\\vendor\\laravel\\framework\\src\\Illuminate\\Database\\Console\\Migrations\\MigrateCommand.php(89): Illuminate\\Database\\Console\\Migrations\\MigrateCommand->runMigrations()
#22 D:\\Users\\Raphael\\Desktop\\desafio_senai\\projects\\technology-solutions-api\\api\\vendor\\laravel\\framework\\src\\Illuminate\\Container\\BoundMethod.php(36): Illuminate\\Database\\Console\\Migrations\\MigrateCommand->handle()
#23 D:\\Users\\Raphael\\Desktop\\desafio_senai\\projects\\technology-solutions-api\\api\\vendor\\laravel\\framework\\src\\Illuminate\\Container\\Util.php(43): Illuminate\\Container\\BoundMethod::Illuminate\\Container\\{closure}()
#24 D:\\Users\\Raphael\\Desktop\\desafio_senai\\projects\\technology-solutions-api\\api\\vendor\\laravel\\framework\\src\\Illuminate\\Container\\BoundMethod.php(95): Illuminate\\Container\\Util::unwrapIfClosure(Object(Closure))
#25 D:\\Users\\Raphael\\Desktop\\desafio_senai\\projects\\technology-solutions-api\\api\\vendor\\laravel\\framework\\src\\Illuminate\\Container\\BoundMethod.php(35): Illuminate\\Container\\BoundMethod::callBoundMethod(Object(Illuminate\\Foundation\\Application), Array, Object(Closure))
#26 D:\\Users\\Raphael\\Desktop\\desafio_senai\\projects\\technology-solutions-api\\api\\vendor\\laravel\\framework\\src\\Illuminate\\Container\\Container.php(754): Illuminate\\Container\\BoundMethod::call(Object(Illuminate\\Foundation\\Application), Array, Array, NULL)
#27 D:\\Users\\Raphael\\Desktop\\desafio_senai\\projects\\technology-solutions-api\\api\\vendor\\laravel\\framework\\src\\Illuminate\\Console\\Command.php(213): Illuminate\\Container\\Container->call(Array)
#28 D:\\Users\\Raphael\\Desktop\\desafio_senai\\projects\\technology-solutions-api\\api\\vendor\\symfony\\console\\Command\\Command.php(279): Illuminate\\Console\\Command->execute(Object(Symfony\\Component\\Console\\Input\\ArgvInput), Object(Illuminate\\Console\\OutputStyle))
#29 D:\\Users\\Raphael\\Desktop\\desafio_senai\\projects\\technology-solutions-api\\api\\vendor\\laravel\\framework\\src\\Illuminate\\Console\\Command.php(182): Symfony\\Component\\Console\\Command\\Command->run(Object(Symfony\\Component\\Console\\Input\\ArgvInput), Object(Illuminate\\Console\\OutputStyle))
#30 D:\\Users\\Raphael\\Desktop\\desafio_senai\\projects\\technology-solutions-api\\api\\vendor\\symfony\\console\\Application.php(1094): Illuminate\\Console\\Command->run(Object(Symfony\\Component\\Console\\Input\\ArgvInput), Object(Symfony\\Component\\Console\\Output\\ConsoleOutput))
#31 D:\\Users\\Raphael\\Desktop\\desafio_senai\\projects\\technology-solutions-api\\api\\vendor\\symfony\\console\\Application.php(342): Symfony\\Component\\Console\\Application->doRunCommand(Object(Illuminate\\Database\\Console\\Migrations\\MigrateCommand), Object(Symfony\\Component\\Console\\Input\\ArgvInput), Object(Symfony\\Component\\Console\\Output\\ConsoleOutput))
#32 D:\\Users\\Raphael\\Desktop\\desafio_senai\\projects\\technology-solutions-api\\api\\vendor\\symfony\\console\\Application.php(193): Symfony\\Component\\Console\\Application->doRun(Object(Symfony\\Component\\Console\\Input\\ArgvInput), Object(Symfony\\Component\\Console\\Output\\ConsoleOutput))
#33 D:\\Users\\Raphael\\Desktop\\desafio_senai\\projects\\technology-solutions-api\\api\\vendor\\laravel\\framework\\src\\Illuminate\\Foundation\\Console\\Kernel.php(198): Symfony\\Component\\Console\\Application->run(Object(Symfony\\Component\\Console\\Input\\ArgvInput), Object(Symfony\\Component\\Console\\Output\\ConsoleOutput))
#34 D:\\Users\\Raphael\\Desktop\\desafio_senai\\projects\\technology-solutions-api\\api\\vendor\\laravel\\framework\\src\\Illuminate\\Foundation\\Application.php(1235): Illuminate\\Foundation\\Console\\Kernel->handle(Object(Symfony\\Component\\Console\\Input\\ArgvInput), Object(Symfony\\Component\\Console\\Output\\ConsoleOutput))
#35 D:\\Users\\Raphael\\Desktop\\desafio_senai\\projects\\technology-solutions-api\\api\\artisan(16): Illuminate\\Foundation\\Application->handleCommand(Object(Symfony\\Component\\Console\\Input\\ArgvInput))
#36 {main}
"} 
[2025-02-27 12:52:11] local.ERROR: SQLSTATE[HY000]: General error: 1005 Can't create table `technology_solutions_db`.`historico_alteracoes_perfil` (errno: 150 "Foreign key constraint is incorrectly formed") (Connection: mysql, SQL: alter table `historico_alteracoes_perfil` add constraint `historico_alteracoes_perfil_user_type_old_id_foreign` foreign key (`user_type_old_id`) references `status_convites` (`id`) on delete set null) {"exception":"[object] (Illuminate\\Database\\QueryException(code: HY000): SQLSTATE[HY000]: General error: 1005 Can't create table `technology_solutions_db`.`historico_alteracoes_perfil` (errno: 150 \"Foreign key constraint is incorrectly formed\") (Connection: mysql, SQL: alter table `historico_alteracoes_perfil` add constraint `historico_alteracoes_perfil_user_type_old_id_foreign` foreign key (`user_type_old_id`) references `status_convites` (`id`) on delete set null) at D:\\Users\\Raphael\\Desktop\\desafio_senai\\projects\\technology-solutions-api\\api\\vendor\\laravel\\framework\\src\\Illuminate\\Database\\Connection.php:823)
[stacktrace]
#0 D:\\Users\\Raphael\\Desktop\\desafio_senai\\projects\\technology-solutions-api\\api\\vendor\\laravel\\framework\\src\\Illuminate\\Database\\Connection.php(777): Illuminate\\Database\\Connection->runQueryCallback('alter table `hi...', Array, Object(Closure))
#1 D:\\Users\\Raphael\\Desktop\\desafio_senai\\projects\\technology-solutions-api\\api\\vendor\\laravel\\framework\\src\\Illuminate\\Database\\Connection.php(558): Illuminate\\Database\\Connection->run('alter table `hi...', Array, Object(Closure))
#2 D:\\Users\\Raphael\\Desktop\\desafio_senai\\projects\\technology-solutions-api\\api\\vendor\\laravel\\framework\\src\\Illuminate\\Database\\Schema\\Blueprint.php(120): Illuminate\\Database\\Connection->statement('alter table `hi...')
#3 D:\\Users\\Raphael\\Desktop\\desafio_senai\\projects\\technology-solutions-api\\api\\vendor\\laravel\\framework\\src\\Illuminate\\Database\\Schema\\Builder.php(619): Illuminate\\Database\\Schema\\Blueprint->build()
#4 D:\\Users\\Raphael\\Desktop\\desafio_senai\\projects\\technology-solutions-api\\api\\vendor\\laravel\\framework\\src\\Illuminate\\Database\\Schema\\Builder.php(473): Illuminate\\Database\\Schema\\Builder->build(Object(Illuminate\\Database\\Schema\\Blueprint))
#5 D:\\Users\\Raphael\\Desktop\\desafio_senai\\projects\\technology-solutions-api\\api\\vendor\\laravel\\framework\\src\\Illuminate\\Support\\Facades\\Facade.php(361): Illuminate\\Database\\Schema\\Builder->create('historico_alter...', Object(Closure))
#6 D:\\Users\\Raphael\\Desktop\\desafio_senai\\projects\\technology-solutions-api\\api\\database\\migrations\\2025_02_27_121211_create_historico_alteracoes_perfil.php(14): Illuminate\\Support\\Facades\\Facade::__callStatic('create', Array)
#7 D:\\Users\\Raphael\\Desktop\\desafio_senai\\projects\\technology-solutions-api\\api\\vendor\\laravel\\framework\\src\\Illuminate\\Database\\Migrations\\Migrator.php(507): Illuminate\\Database\\Migrations\\Migration@anonymous->up()
#8 D:\\Users\\Raphael\\Desktop\\desafio_senai\\projects\\technology-solutions-api\\api\\vendor\\laravel\\framework\\src\\Illuminate\\Database\\Migrations\\Migrator.php(432): Illuminate\\Database\\Migrations\\Migrator->runMethod(Object(Illuminate\\Database\\MySqlConnection), Object(Illuminate\\Database\\Migrations\\Migration@anonymous), 'up')
#9 D:\\Users\\Raphael\\Desktop\\desafio_senai\\projects\\technology-solutions-api\\api\\vendor\\laravel\\framework\\src\\Illuminate\\Database\\Migrations\\Migrator.php(441): Illuminate\\Database\\Migrations\\Migrator->Illuminate\\Database\\Migrations\\{closure}()
#10 D:\\Users\\Raphael\\Desktop\\desafio_senai\\projects\\technology-solutions-api\\api\\vendor\\laravel\\framework\\src\\Illuminate\\Database\\Migrations\\Migrator.php(244): Illuminate\\Database\\Migrations\\Migrator->runMigration(Object(Illuminate\\Database\\Migrations\\Migration@anonymous), 'up')
#11 D:\\Users\\Raphael\\Desktop\\desafio_senai\\projects\\technology-solutions-api\\api\\vendor\\laravel\\framework\\src\\Illuminate\\Console\\View\\Components\\Task.php(40): Illuminate\\Database\\Migrations\\Migrator->Illuminate\\Database\\Migrations\\{closure}()
#12 D:\\Users\\Raphael\\Desktop\\desafio_senai\\projects\\technology-solutions-api\\api\\vendor\\laravel\\framework\\src\\Illuminate\\Database\\Migrations\\Migrator.php(798): Illuminate\\Console\\View\\Components\\Task->render('2025_02_27_1212...', Object(Closure))
#13 D:\\Users\\Raphael\\Desktop\\desafio_senai\\projects\\technology-solutions-api\\api\\vendor\\laravel\\framework\\src\\Illuminate\\Database\\Migrations\\Migrator.php(244): Illuminate\\Database\\Migrations\\Migrator->write('Illuminate\\\\Cons...', '2025_02_27_1212...', Object(Closure))
#14 D:\\Users\\Raphael\\Desktop\\desafio_senai\\projects\\technology-solutions-api\\api\\vendor\\laravel\\framework\\src\\Illuminate\\Database\\Migrations\\Migrator.php(211): Illuminate\\Database\\Migrations\\Migrator->runUp('D:\\\\Users\\\\Raphae...', 1, false)
#15 D:\\Users\\Raphael\\Desktop\\desafio_senai\\projects\\technology-solutions-api\\api\\vendor\\laravel\\framework\\src\\Illuminate\\Database\\Migrations\\Migrator.php(138): Illuminate\\Database\\Migrations\\Migrator->runPending(Array, Array)
#16 D:\\Users\\Raphael\\Desktop\\desafio_senai\\projects\\technology-solutions-api\\api\\vendor\\laravel\\framework\\src\\Illuminate\\Database\\Console\\Migrations\\MigrateCommand.php(117): Illuminate\\Database\\Migrations\\Migrator->run(Array, Array)
#17 D:\\Users\\Raphael\\Desktop\\desafio_senai\\projects\\technology-solutions-api\\api\\vendor\\laravel\\framework\\src\\Illuminate\\Database\\Migrations\\Migrator.php(658): Illuminate\\Database\\Console\\Migrations\\MigrateCommand->Illuminate\\Database\\Console\\Migrations\\{closure}()
#18 D:\\Users\\Raphael\\Desktop\\desafio_senai\\projects\\technology-solutions-api\\api\\vendor\\laravel\\framework\\src\\Illuminate\\Database\\Console\\Migrations\\MigrateCommand.php(110): Illuminate\\Database\\Migrations\\Migrator->usingConnection(NULL, Object(Closure))
#19 D:\\Users\\Raphael\\Desktop\\desafio_senai\\projects\\technology-solutions-api\\api\\vendor\\laravel\\framework\\src\\Illuminate\\Database\\Console\\Migrations\\MigrateCommand.php(89): Illuminate\\Database\\Console\\Migrations\\MigrateCommand->runMigrations()
#20 D:\\Users\\Raphael\\Desktop\\desafio_senai\\projects\\technology-solutions-api\\api\\vendor\\laravel\\framework\\src\\Illuminate\\Container\\BoundMethod.php(36): Illuminate\\Database\\Console\\Migrations\\MigrateCommand->handle()
#21 D:\\Users\\Raphael\\Desktop\\desafio_senai\\projects\\technology-solutions-api\\api\\vendor\\laravel\\framework\\src\\Illuminate\\Container\\Util.php(43): Illuminate\\Container\\BoundMethod::Illuminate\\Container\\{closure}()
#22 D:\\Users\\Raphael\\Desktop\\desafio_senai\\projects\\technology-solutions-api\\api\\vendor\\laravel\\framework\\src\\Illuminate\\Container\\BoundMethod.php(95): Illuminate\\Container\\Util::unwrapIfClosure(Object(Closure))
#23 D:\\Users\\Raphael\\Desktop\\desafio_senai\\projects\\technology-solutions-api\\api\\vendor\\laravel\\framework\\src\\Illuminate\\Container\\BoundMethod.php(35): Illuminate\\Container\\BoundMethod::callBoundMethod(Object(Illuminate\\Foundation\\Application), Array, Object(Closure))
#24 D:\\Users\\Raphael\\Desktop\\desafio_senai\\projects\\technology-solutions-api\\api\\vendor\\laravel\\framework\\src\\Illuminate\\Container\\Container.php(754): Illuminate\\Container\\BoundMethod::call(Object(Illuminate\\Foundation\\Application), Array, Array, NULL)
#25 D:\\Users\\Raphael\\Desktop\\desafio_senai\\projects\\technology-solutions-api\\api\\vendor\\laravel\\framework\\src\\Illuminate\\Console\\Command.php(213): Illuminate\\Container\\Container->call(Array)
#26 D:\\Users\\Raphael\\Desktop\\desafio_senai\\projects\\technology-solutions-api\\api\\vendor\\symfony\\console\\Command\\Command.php(279): Illuminate\\Console\\Command->execute(Object(Symfony\\Component\\Console\\Input\\ArgvInput), Object(Illuminate\\Console\\OutputStyle))
#27 D:\\Users\\Raphael\\Desktop\\desafio_senai\\projects\\technology-solutions-api\\api\\vendor\\laravel\\framework\\src\\Illuminate\\Console\\Command.php(182): Symfony\\Component\\Console\\Command\\Command->run(Object(Symfony\\Component\\Console\\Input\\ArgvInput), Object(Illuminate\\Console\\OutputStyle))
#28 D:\\Users\\Raphael\\Desktop\\desafio_senai\\projects\\technology-solutions-api\\api\\vendor\\symfony\\console\\Application.php(1094): Illuminate\\Console\\Command->run(Object(Symfony\\Component\\Console\\Input\\ArgvInput), Object(Symfony\\Component\\Console\\Output\\ConsoleOutput))
#29 D:\\Users\\Raphael\\Desktop\\desafio_senai\\projects\\technology-solutions-api\\api\\vendor\\symfony\\console\\Application.php(342): Symfony\\Component\\Console\\Application->doRunCommand(Object(Illuminate\\Database\\Console\\Migrations\\MigrateCommand), Object(Symfony\\Component\\Console\\Input\\ArgvInput), Object(Symfony\\Component\\Console\\Output\\ConsoleOutput))
#30 D:\\Users\\Raphael\\Desktop\\desafio_senai\\projects\\technology-solutions-api\\api\\vendor\\symfony\\console\\Application.php(193): Symfony\\Component\\Console\\Application->doRun(Object(Symfony\\Component\\Console\\Input\\ArgvInput), Object(Symfony\\Component\\Console\\Output\\ConsoleOutput))
#31 D:\\Users\\Raphael\\Desktop\\desafio_senai\\projects\\technology-solutions-api\\api\\vendor\\laravel\\framework\\src\\Illuminate\\Foundation\\Console\\Kernel.php(198): Symfony\\Component\\Console\\Application->run(Object(Symfony\\Component\\Console\\Input\\ArgvInput), Object(Symfony\\Component\\Console\\Output\\ConsoleOutput))
#32 D:\\Users\\Raphael\\Desktop\\desafio_senai\\projects\\technology-solutions-api\\api\\vendor\\laravel\\framework\\src\\Illuminate\\Foundation\\Application.php(1235): Illuminate\\Foundation\\Console\\Kernel->handle(Object(Symfony\\Component\\Console\\Input\\ArgvInput), Object(Symfony\\Component\\Console\\Output\\ConsoleOutput))
#33 D:\\Users\\Raphael\\Desktop\\desafio_senai\\projects\\technology-solutions-api\\api\\artisan(16): Illuminate\\Foundation\\Application->handleCommand(Object(Symfony\\Component\\Console\\Input\\ArgvInput))
#34 {main}

[previous exception] [object] (PDOException(code: HY000): SQLSTATE[HY000]: General error: 1005 Can't create table `technology_solutions_db`.`historico_alteracoes_perfil` (errno: 150 \"Foreign key constraint is incorrectly formed\") at D:\\Users\\Raphael\\Desktop\\desafio_senai\\projects\\technology-solutions-api\\api\\vendor\\laravel\\framework\\src\\Illuminate\\Database\\Connection.php:569)
[stacktrace]
#0 D:\\Users\\Raphael\\Desktop\\desafio_senai\\projects\\technology-solutions-api\\api\\vendor\\laravel\\framework\\src\\Illuminate\\Database\\Connection.php(569): PDOStatement->execute()
#1 D:\\Users\\Raphael\\Desktop\\desafio_senai\\projects\\technology-solutions-api\\api\\vendor\\laravel\\framework\\src\\Illuminate\\Database\\Connection.php(810): Illuminate\\Database\\Connection->Illuminate\\Database\\{closure}('alter table `hi...', Array)
#2 D:\\Users\\Raphael\\Desktop\\desafio_senai\\projects\\technology-solutions-api\\api\\vendor\\laravel\\framework\\src\\Illuminate\\Database\\Connection.php(777): Illuminate\\Database\\Connection->runQueryCallback('alter table `hi...', Array, Object(Closure))
#3 D:\\Users\\Raphael\\Desktop\\desafio_senai\\projects\\technology-solutions-api\\api\\vendor\\laravel\\framework\\src\\Illuminate\\Database\\Connection.php(558): Illuminate\\Database\\Connection->run('alter table `hi...', Array, Object(Closure))
#4 D:\\Users\\Raphael\\Desktop\\desafio_senai\\projects\\technology-solutions-api\\api\\vendor\\laravel\\framework\\src\\Illuminate\\Database\\Schema\\Blueprint.php(120): Illuminate\\Database\\Connection->statement('alter table `hi...')
#5 D:\\Users\\Raphael\\Desktop\\desafio_senai\\projects\\technology-solutions-api\\api\\vendor\\laravel\\framework\\src\\Illuminate\\Database\\Schema\\Builder.php(619): Illuminate\\Database\\Schema\\Blueprint->build()
#6 D:\\Users\\Raphael\\Desktop\\desafio_senai\\projects\\technology-solutions-api\\api\\vendor\\laravel\\framework\\src\\Illuminate\\Database\\Schema\\Builder.php(473): Illuminate\\Database\\Schema\\Builder->build(Object(Illuminate\\Database\\Schema\\Blueprint))
#7 D:\\Users\\Raphael\\Desktop\\desafio_senai\\projects\\technology-solutions-api\\api\\vendor\\laravel\\framework\\src\\Illuminate\\Support\\Facades\\Facade.php(361): Illuminate\\Database\\Schema\\Builder->create('historico_alter...', Object(Closure))
#8 D:\\Users\\Raphael\\Desktop\\desafio_senai\\projects\\technology-solutions-api\\api\\database\\migrations\\2025_02_27_121211_create_historico_alteracoes_perfil.php(14): Illuminate\\Support\\Facades\\Facade::__callStatic('create', Array)
#9 D:\\Users\\Raphael\\Desktop\\desafio_senai\\projects\\technology-solutions-api\\api\\vendor\\laravel\\framework\\src\\Illuminate\\Database\\Migrations\\Migrator.php(507): Illuminate\\Database\\Migrations\\Migration@anonymous->up()
#10 D:\\Users\\Raphael\\Desktop\\desafio_senai\\projects\\technology-solutions-api\\api\\vendor\\laravel\\framework\\src\\Illuminate\\Database\\Migrations\\Migrator.php(432): Illuminate\\Database\\Migrations\\Migrator->runMethod(Object(Illuminate\\Database\\MySqlConnection), Object(Illuminate\\Database\\Migrations\\Migration@anonymous), 'up')
#11 D:\\Users\\Raphael\\Desktop\\desafio_senai\\projects\\technology-solutions-api\\api\\vendor\\laravel\\framework\\src\\Illuminate\\Database\\Migrations\\Migrator.php(441): Illuminate\\Database\\Migrations\\Migrator->Illuminate\\Database\\Migrations\\{closure}()
#12 D:\\Users\\Raphael\\Desktop\\desafio_senai\\projects\\technology-solutions-api\\api\\vendor\\laravel\\framework\\src\\Illuminate\\Database\\Migrations\\Migrator.php(244): Illuminate\\Database\\Migrations\\Migrator->runMigration(Object(Illuminate\\Database\\Migrations\\Migration@anonymous), 'up')
#13 D:\\Users\\Raphael\\Desktop\\desafio_senai\\projects\\technology-solutions-api\\api\\vendor\\laravel\\framework\\src\\Illuminate\\Console\\View\\Components\\Task.php(40): Illuminate\\Database\\Migrations\\Migrator->Illuminate\\Database\\Migrations\\{closure}()
#14 D:\\Users\\Raphael\\Desktop\\desafio_senai\\projects\\technology-solutions-api\\api\\vendor\\laravel\\framework\\src\\Illuminate\\Database\\Migrations\\Migrator.php(798): Illuminate\\Console\\View\\Components\\Task->render('2025_02_27_1212...', Object(Closure))
#15 D:\\Users\\Raphael\\Desktop\\desafio_senai\\projects\\technology-solutions-api\\api\\vendor\\laravel\\framework\\src\\Illuminate\\Database\\Migrations\\Migrator.php(244): Illuminate\\Database\\Migrations\\Migrator->write('Illuminate\\\\Cons...', '2025_02_27_1212...', Object(Closure))
#16 D:\\Users\\Raphael\\Desktop\\desafio_senai\\projects\\technology-solutions-api\\api\\vendor\\laravel\\framework\\src\\Illuminate\\Database\\Migrations\\Migrator.php(211): Illuminate\\Database\\Migrations\\Migrator->runUp('D:\\\\Users\\\\Raphae...', 1, false)
#17 D:\\Users\\Raphael\\Desktop\\desafio_senai\\projects\\technology-solutions-api\\api\\vendor\\laravel\\framework\\src\\Illuminate\\Database\\Migrations\\Migrator.php(138): Illuminate\\Database\\Migrations\\Migrator->runPending(Array, Array)
#18 D:\\Users\\Raphael\\Desktop\\desafio_senai\\projects\\technology-solutions-api\\api\\vendor\\laravel\\framework\\src\\Illuminate\\Database\\Console\\Migrations\\MigrateCommand.php(117): Illuminate\\Database\\Migrations\\Migrator->run(Array, Array)
#19 D:\\Users\\Raphael\\Desktop\\desafio_senai\\projects\\technology-solutions-api\\api\\vendor\\laravel\\framework\\src\\Illuminate\\Database\\Migrations\\Migrator.php(658): Illuminate\\Database\\Console\\Migrations\\MigrateCommand->Illuminate\\Database\\Console\\Migrations\\{closure}()
#20 D:\\Users\\Raphael\\Desktop\\desafio_senai\\projects\\technology-solutions-api\\api\\vendor\\laravel\\framework\\src\\Illuminate\\Database\\Console\\Migrations\\MigrateCommand.php(110): Illuminate\\Database\\Migrations\\Migrator->usingConnection(NULL, Object(Closure))
#21 D:\\Users\\Raphael\\Desktop\\desafio_senai\\projects\\technology-solutions-api\\api\\vendor\\laravel\\framework\\src\\Illuminate\\Database\\Console\\Migrations\\MigrateCommand.php(89): Illuminate\\Database\\Console\\Migrations\\MigrateCommand->runMigrations()
#22 D:\\Users\\Raphael\\Desktop\\desafio_senai\\projects\\technology-solutions-api\\api\\vendor\\laravel\\framework\\src\\Illuminate\\Container\\BoundMethod.php(36): Illuminate\\Database\\Console\\Migrations\\MigrateCommand->handle()
#23 D:\\Users\\Raphael\\Desktop\\desafio_senai\\projects\\technology-solutions-api\\api\\vendor\\laravel\\framework\\src\\Illuminate\\Container\\Util.php(43): Illuminate\\Container\\BoundMethod::Illuminate\\Container\\{closure}()
#24 D:\\Users\\Raphael\\Desktop\\desafio_senai\\projects\\technology-solutions-api\\api\\vendor\\laravel\\framework\\src\\Illuminate\\Container\\BoundMethod.php(95): Illuminate\\Container\\Util::unwrapIfClosure(Object(Closure))
#25 D:\\Users\\Raphael\\Desktop\\desafio_senai\\projects\\technology-solutions-api\\api\\vendor\\laravel\\framework\\src\\Illuminate\\Container\\BoundMethod.php(35): Illuminate\\Container\\BoundMethod::callBoundMethod(Object(Illuminate\\Foundation\\Application), Array, Object(Closure))
#26 D:\\Users\\Raphael\\Desktop\\desafio_senai\\projects\\technology-solutions-api\\api\\vendor\\laravel\\framework\\src\\Illuminate\\Container\\Container.php(754): Illuminate\\Container\\BoundMethod::call(Object(Illuminate\\Foundation\\Application), Array, Array, NULL)
#27 D:\\Users\\Raphael\\Desktop\\desafio_senai\\projects\\technology-solutions-api\\api\\vendor\\laravel\\framework\\src\\Illuminate\\Console\\Command.php(213): Illuminate\\Container\\Container->call(Array)
#28 D:\\Users\\Raphael\\Desktop\\desafio_senai\\projects\\technology-solutions-api\\api\\vendor\\symfony\\console\\Command\\Command.php(279): Illuminate\\Console\\Command->execute(Object(Symfony\\Component\\Console\\Input\\ArgvInput), Object(Illuminate\\Console\\OutputStyle))
#29 D:\\Users\\Raphael\\Desktop\\desafio_senai\\projects\\technology-solutions-api\\api\\vendor\\laravel\\framework\\src\\Illuminate\\Console\\Command.php(182): Symfony\\Component\\Console\\Command\\Command->run(Object(Symfony\\Component\\Console\\Input\\ArgvInput), Object(Illuminate\\Console\\OutputStyle))
#30 D:\\Users\\Raphael\\Desktop\\desafio_senai\\projects\\technology-solutions-api\\api\\vendor\\symfony\\console\\Application.php(1094): Illuminate\\Console\\Command->run(Object(Symfony\\Component\\Console\\Input\\ArgvInput), Object(Symfony\\Component\\Console\\Output\\ConsoleOutput))
#31 D:\\Users\\Raphael\\Desktop\\desafio_senai\\projects\\technology-solutions-api\\api\\vendor\\symfony\\console\\Application.php(342): Symfony\\Component\\Console\\Application->doRunCommand(Object(Illuminate\\Database\\Console\\Migrations\\MigrateCommand), Object(Symfony\\Component\\Console\\Input\\ArgvInput), Object(Symfony\\Component\\Console\\Output\\ConsoleOutput))
#32 D:\\Users\\Raphael\\Desktop\\desafio_senai\\projects\\technology-solutions-api\\api\\vendor\\symfony\\console\\Application.php(193): Symfony\\Component\\Console\\Application->doRun(Object(Symfony\\Component\\Console\\Input\\ArgvInput), Object(Symfony\\Component\\Console\\Output\\ConsoleOutput))
#33 D:\\Users\\Raphael\\Desktop\\desafio_senai\\projects\\technology-solutions-api\\api\\vendor\\laravel\\framework\\src\\Illuminate\\Foundation\\Console\\Kernel.php(198): Symfony\\Component\\Console\\Application->run(Object(Symfony\\Component\\Console\\Input\\ArgvInput), Object(Symfony\\Component\\Console\\Output\\ConsoleOutput))
#34 D:\\Users\\Raphael\\Desktop\\desafio_senai\\projects\\technology-solutions-api\\api\\vendor\\laravel\\framework\\src\\Illuminate\\Foundation\\Application.php(1235): Illuminate\\Foundation\\Console\\Kernel->handle(Object(Symfony\\Component\\Console\\Input\\ArgvInput), Object(Symfony\\Component\\Console\\Output\\ConsoleOutput))
#35 D:\\Users\\Raphael\\Desktop\\desafio_senai\\projects\\technology-solutions-api\\api\\artisan(16): Illuminate\\Foundation\\Application->handleCommand(Object(Symfony\\Component\\Console\\Input\\ArgvInput))
#36 {main}
"} 
[2025-02-27 12:52:21] local.ERROR: SQLSTATE[23000]: Integrity constraint violation: 1451 Cannot delete or update a parent row: a foreign key constraint fails (Connection: mysql, SQL: drop table if exists `users`) {"exception":"[object] (Illuminate\\Database\\QueryException(code: 23000): SQLSTATE[23000]: Integrity constraint violation: 1451 Cannot delete or update a parent row: a foreign key constraint fails (Connection: mysql, SQL: drop table if exists `users`) at D:\\Users\\Raphael\\Desktop\\desafio_senai\\projects\\technology-solutions-api\\api\\vendor\\laravel\\framework\\src\\Illuminate\\Database\\Connection.php:823)
[stacktrace]
#0 D:\\Users\\Raphael\\Desktop\\desafio_senai\\projects\\technology-solutions-api\\api\\vendor\\laravel\\framework\\src\\Illuminate\\Database\\Connection.php(777): Illuminate\\Database\\Connection->runQueryCallback('drop table if e...', Array, Object(Closure))
#1 D:\\Users\\Raphael\\Desktop\\desafio_senai\\projects\\technology-solutions-api\\api\\vendor\\laravel\\framework\\src\\Illuminate\\Database\\Connection.php(558): Illuminate\\Database\\Connection->run('drop table if e...', Array, Object(Closure))
#2 D:\\Users\\Raphael\\Desktop\\desafio_senai\\projects\\technology-solutions-api\\api\\vendor\\laravel\\framework\\src\\Illuminate\\Database\\Schema\\Blueprint.php(120): Illuminate\\Database\\Connection->statement('drop table if e...')
#3 D:\\Users\\Raphael\\Desktop\\desafio_senai\\projects\\technology-solutions-api\\api\\vendor\\laravel\\framework\\src\\Illuminate\\Database\\Schema\\Builder.php(619): Illuminate\\Database\\Schema\\Blueprint->build()
#4 D:\\Users\\Raphael\\Desktop\\desafio_senai\\projects\\technology-solutions-api\\api\\vendor\\laravel\\framework\\src\\Illuminate\\Database\\Schema\\Builder.php(501): Illuminate\\Database\\Schema\\Builder->build(Object(Illuminate\\Database\\Schema\\Blueprint))
#5 D:\\Users\\Raphael\\Desktop\\desafio_senai\\projects\\technology-solutions-api\\api\\vendor\\laravel\\framework\\src\\Illuminate\\Support\\Facades\\Facade.php(361): Illuminate\\Database\\Schema\\Builder->dropIfExists('users')
#6 D:\\Users\\Raphael\\Desktop\\desafio_senai\\projects\\technology-solutions-api\\api\\database\\migrations\\0001_01_01_000000_create_users_table.php(48): Illuminate\\Support\\Facades\\Facade::__callStatic('dropIfExists', Array)
#7 D:\\Users\\Raphael\\Desktop\\desafio_senai\\projects\\technology-solutions-api\\api\\vendor\\laravel\\framework\\src\\Illuminate\\Database\\Migrations\\Migrator.php(507): Illuminate\\Database\\Migrations\\Migration@anonymous->down()
#8 D:\\Users\\Raphael\\Desktop\\desafio_senai\\projects\\technology-solutions-api\\api\\vendor\\laravel\\framework\\src\\Illuminate\\Database\\Migrations\\Migrator.php(432): Illuminate\\Database\\Migrations\\Migrator->runMethod(Object(Illuminate\\Database\\MySqlConnection), Object(Illuminate\\Database\\Migrations\\Migration@anonymous), 'down')
#9 D:\\Users\\Raphael\\Desktop\\desafio_senai\\projects\\technology-solutions-api\\api\\vendor\\laravel\\framework\\src\\Illuminate\\Database\\Migrations\\Migrator.php(441): Illuminate\\Database\\Migrations\\Migrator->Illuminate\\Database\\Migrations\\{closure}()
#10 D:\\Users\\Raphael\\Desktop\\desafio_senai\\projects\\technology-solutions-api\\api\\vendor\\laravel\\framework\\src\\Illuminate\\Database\\Migrations\\Migrator.php(407): Illuminate\\Database\\Migrations\\Migrator->runMigration(Object(Illuminate\\Database\\Migrations\\Migration@anonymous), 'down')
#11 D:\\Users\\Raphael\\Desktop\\desafio_senai\\projects\\technology-solutions-api\\api\\vendor\\laravel\\framework\\src\\Illuminate\\Console\\View\\Components\\Task.php(40): Illuminate\\Database\\Migrations\\Migrator->Illuminate\\Database\\Migrations\\{closure}()
#12 D:\\Users\\Raphael\\Desktop\\desafio_senai\\projects\\technology-solutions-api\\api\\vendor\\laravel\\framework\\src\\Illuminate\\Database\\Migrations\\Migrator.php(798): Illuminate\\Console\\View\\Components\\Task->render('0001_01_01_0000...', Object(Closure))
#13 D:\\Users\\Raphael\\Desktop\\desafio_senai\\projects\\technology-solutions-api\\api\\vendor\\laravel\\framework\\src\\Illuminate\\Database\\Migrations\\Migrator.php(407): Illuminate\\Database\\Migrations\\Migrator->write('Illuminate\\\\Cons...', '0001_01_01_0000...', Object(Closure))
#14 D:\\Users\\Raphael\\Desktop\\desafio_senai\\projects\\technology-solutions-api\\api\\vendor\\laravel\\framework\\src\\Illuminate\\Database\\Migrations\\Migrator.php(330): Illuminate\\Database\\Migrations\\Migrator->runDown('D:\\\\Users\\\\Raphae...', Object(stdClass), false)
#15 D:\\Users\\Raphael\\Desktop\\desafio_senai\\projects\\technology-solutions-api\\api\\vendor\\laravel\\framework\\src\\Illuminate\\Database\\Migrations\\Migrator.php(381): Illuminate\\Database\\Migrations\\Migrator->rollbackMigrations(Array, Array, Array)
#16 D:\\Users\\Raphael\\Desktop\\desafio_senai\\projects\\technology-solutions-api\\api\\vendor\\laravel\\framework\\src\\Illuminate\\Database\\Migrations\\Migrator.php(361): Illuminate\\Database\\Migrations\\Migrator->resetMigrations(Array, Array, false)
#17 D:\\Users\\Raphael\\Desktop\\desafio_senai\\projects\\technology-solutions-api\\api\\vendor\\laravel\\framework\\src\\Illuminate\\Database\\Console\\Migrations\\ResetCommand.php(71): Illuminate\\Database\\Migrations\\Migrator->reset(Array, false)
#18 D:\\Users\\Raphael\\Desktop\\desafio_senai\\projects\\technology-solutions-api\\api\\vendor\\laravel\\framework\\src\\Illuminate\\Database\\Migrations\\Migrator.php(658): Illuminate\\Database\\Console\\Migrations\\ResetCommand->Illuminate\\Database\\Console\\Migrations\\{closure}()
#19 D:\\Users\\Raphael\\Desktop\\desafio_senai\\projects\\technology-solutions-api\\api\\vendor\\laravel\\framework\\src\\Illuminate\\Database\\Console\\Migrations\\ResetCommand.php(63): Illuminate\\Database\\Migrations\\Migrator->usingConnection(NULL, Object(Closure))
#20 D:\\Users\\Raphael\\Desktop\\desafio_senai\\projects\\technology-solutions-api\\api\\vendor\\laravel\\framework\\src\\Illuminate\\Container\\BoundMethod.php(36): Illuminate\\Database\\Console\\Migrations\\ResetCommand->handle()
#21 D:\\Users\\Raphael\\Desktop\\desafio_senai\\projects\\technology-solutions-api\\api\\vendor\\laravel\\framework\\src\\Illuminate\\Container\\Util.php(43): Illuminate\\Container\\BoundMethod::Illuminate\\Container\\{closure}()
#22 D:\\Users\\Raphael\\Desktop\\desafio_senai\\projects\\technology-solutions-api\\api\\vendor\\laravel\\framework\\src\\Illuminate\\Container\\BoundMethod.php(95): Illuminate\\Container\\Util::unwrapIfClosure(Object(Closure))
#23 D:\\Users\\Raphael\\Desktop\\desafio_senai\\projects\\technology-solutions-api\\api\\vendor\\laravel\\framework\\src\\Illuminate\\Container\\BoundMethod.php(35): Illuminate\\Container\\BoundMethod::callBoundMethod(Object(Illuminate\\Foundation\\Application), Array, Object(Closure))
#24 D:\\Users\\Raphael\\Desktop\\desafio_senai\\projects\\technology-solutions-api\\api\\vendor\\laravel\\framework\\src\\Illuminate\\Container\\Container.php(754): Illuminate\\Container\\BoundMethod::call(Object(Illuminate\\Foundation\\Application), Array, Array, NULL)
#25 D:\\Users\\Raphael\\Desktop\\desafio_senai\\projects\\technology-solutions-api\\api\\vendor\\laravel\\framework\\src\\Illuminate\\Console\\Command.php(213): Illuminate\\Container\\Container->call(Array)
#26 D:\\Users\\Raphael\\Desktop\\desafio_senai\\projects\\technology-solutions-api\\api\\vendor\\symfony\\console\\Command\\Command.php(279): Illuminate\\Console\\Command->execute(Object(Symfony\\Component\\Console\\Input\\ArgvInput), Object(Illuminate\\Console\\OutputStyle))
#27 D:\\Users\\Raphael\\Desktop\\desafio_senai\\projects\\technology-solutions-api\\api\\vendor\\laravel\\framework\\src\\Illuminate\\Console\\Command.php(182): Symfony\\Component\\Console\\Command\\Command->run(Object(Symfony\\Component\\Console\\Input\\ArgvInput), Object(Illuminate\\Console\\OutputStyle))
#28 D:\\Users\\Raphael\\Desktop\\desafio_senai\\projects\\technology-solutions-api\\api\\vendor\\symfony\\console\\Application.php(1094): Illuminate\\Console\\Command->run(Object(Symfony\\Component\\Console\\Input\\ArgvInput), Object(Symfony\\Component\\Console\\Output\\ConsoleOutput))
#29 D:\\Users\\Raphael\\Desktop\\desafio_senai\\projects\\technology-solutions-api\\api\\vendor\\symfony\\console\\Application.php(342): Symfony\\Component\\Console\\Application->doRunCommand(Object(Illuminate\\Database\\Console\\Migrations\\ResetCommand), Object(Symfony\\Component\\Console\\Input\\ArgvInput), Object(Symfony\\Component\\Console\\Output\\ConsoleOutput))
#30 D:\\Users\\Raphael\\Desktop\\desafio_senai\\projects\\technology-solutions-api\\api\\vendor\\symfony\\console\\Application.php(193): Symfony\\Component\\Console\\Application->doRun(Object(Symfony\\Component\\Console\\Input\\ArgvInput), Object(Symfony\\Component\\Console\\Output\\ConsoleOutput))
#31 D:\\Users\\Raphael\\Desktop\\desafio_senai\\projects\\technology-solutions-api\\api\\vendor\\laravel\\framework\\src\\Illuminate\\Foundation\\Console\\Kernel.php(198): Symfony\\Component\\Console\\Application->run(Object(Symfony\\Component\\Console\\Input\\ArgvInput), Object(Symfony\\Component\\Console\\Output\\ConsoleOutput))
#32 D:\\Users\\Raphael\\Desktop\\desafio_senai\\projects\\technology-solutions-api\\api\\vendor\\laravel\\framework\\src\\Illuminate\\Foundation\\Application.php(1235): Illuminate\\Foundation\\Console\\Kernel->handle(Object(Symfony\\Component\\Console\\Input\\ArgvInput), Object(Symfony\\Component\\Console\\Output\\ConsoleOutput))
#33 D:\\Users\\Raphael\\Desktop\\desafio_senai\\projects\\technology-solutions-api\\api\\artisan(16): Illuminate\\Foundation\\Application->handleCommand(Object(Symfony\\Component\\Console\\Input\\ArgvInput))
#34 {main}

[previous exception] [object] (PDOException(code: 23000): SQLSTATE[23000]: Integrity constraint violation: 1451 Cannot delete or update a parent row: a foreign key constraint fails at D:\\Users\\Raphael\\Desktop\\desafio_senai\\projects\\technology-solutions-api\\api\\vendor\\laravel\\framework\\src\\Illuminate\\Database\\Connection.php:569)
[stacktrace]
#0 D:\\Users\\Raphael\\Desktop\\desafio_senai\\projects\\technology-solutions-api\\api\\vendor\\laravel\\framework\\src\\Illuminate\\Database\\Connection.php(569): PDOStatement->execute()
#1 D:\\Users\\Raphael\\Desktop\\desafio_senai\\projects\\technology-solutions-api\\api\\vendor\\laravel\\framework\\src\\Illuminate\\Database\\Connection.php(810): Illuminate\\Database\\Connection->Illuminate\\Database\\{closure}('drop table if e...', Array)
#2 D:\\Users\\Raphael\\Desktop\\desafio_senai\\projects\\technology-solutions-api\\api\\vendor\\laravel\\framework\\src\\Illuminate\\Database\\Connection.php(777): Illuminate\\Database\\Connection->runQueryCallback('drop table if e...', Array, Object(Closure))
#3 D:\\Users\\Raphael\\Desktop\\desafio_senai\\projects\\technology-solutions-api\\api\\vendor\\laravel\\framework\\src\\Illuminate\\Database\\Connection.php(558): Illuminate\\Database\\Connection->run('drop table if e...', Array, Object(Closure))
#4 D:\\Users\\Raphael\\Desktop\\desafio_senai\\projects\\technology-solutions-api\\api\\vendor\\laravel\\framework\\src\\Illuminate\\Database\\Schema\\Blueprint.php(120): Illuminate\\Database\\Connection->statement('drop table if e...')
#5 D:\\Users\\Raphael\\Desktop\\desafio_senai\\projects\\technology-solutions-api\\api\\vendor\\laravel\\framework\\src\\Illuminate\\Database\\Schema\\Builder.php(619): Illuminate\\Database\\Schema\\Blueprint->build()
#6 D:\\Users\\Raphael\\Desktop\\desafio_senai\\projects\\technology-solutions-api\\api\\vendor\\laravel\\framework\\src\\Illuminate\\Database\\Schema\\Builder.php(501): Illuminate\\Database\\Schema\\Builder->build(Object(Illuminate\\Database\\Schema\\Blueprint))
#7 D:\\Users\\Raphael\\Desktop\\desafio_senai\\projects\\technology-solutions-api\\api\\vendor\\laravel\\framework\\src\\Illuminate\\Support\\Facades\\Facade.php(361): Illuminate\\Database\\Schema\\Builder->dropIfExists('users')
#8 D:\\Users\\Raphael\\Desktop\\desafio_senai\\projects\\technology-solutions-api\\api\\database\\migrations\\0001_01_01_000000_create_users_table.php(48): Illuminate\\Support\\Facades\\Facade::__callStatic('dropIfExists', Array)
#9 D:\\Users\\Raphael\\Desktop\\desafio_senai\\projects\\technology-solutions-api\\api\\vendor\\laravel\\framework\\src\\Illuminate\\Database\\Migrations\\Migrator.php(507): Illuminate\\Database\\Migrations\\Migration@anonymous->down()
#10 D:\\Users\\Raphael\\Desktop\\desafio_senai\\projects\\technology-solutions-api\\api\\vendor\\laravel\\framework\\src\\Illuminate\\Database\\Migrations\\Migrator.php(432): Illuminate\\Database\\Migrations\\Migrator->runMethod(Object(Illuminate\\Database\\MySqlConnection), Object(Illuminate\\Database\\Migrations\\Migration@anonymous), 'down')
#11 D:\\Users\\Raphael\\Desktop\\desafio_senai\\projects\\technology-solutions-api\\api\\vendor\\laravel\\framework\\src\\Illuminate\\Database\\Migrations\\Migrator.php(441): Illuminate\\Database\\Migrations\\Migrator->Illuminate\\Database\\Migrations\\{closure}()
#12 D:\\Users\\Raphael\\Desktop\\desafio_senai\\projects\\technology-solutions-api\\api\\vendor\\laravel\\framework\\src\\Illuminate\\Database\\Migrations\\Migrator.php(407): Illuminate\\Database\\Migrations\\Migrator->runMigration(Object(Illuminate\\Database\\Migrations\\Migration@anonymous), 'down')
#13 D:\\Users\\Raphael\\Desktop\\desafio_senai\\projects\\technology-solutions-api\\api\\vendor\\laravel\\framework\\src\\Illuminate\\Console\\View\\Components\\Task.php(40): Illuminate\\Database\\Migrations\\Migrator->Illuminate\\Database\\Migrations\\{closure}()
#14 D:\\Users\\Raphael\\Desktop\\desafio_senai\\projects\\technology-solutions-api\\api\\vendor\\laravel\\framework\\src\\Illuminate\\Database\\Migrations\\Migrator.php(798): Illuminate\\Console\\View\\Components\\Task->render('0001_01_01_0000...', Object(Closure))
#15 D:\\Users\\Raphael\\Desktop\\desafio_senai\\projects\\technology-solutions-api\\api\\vendor\\laravel\\framework\\src\\Illuminate\\Database\\Migrations\\Migrator.php(407): Illuminate\\Database\\Migrations\\Migrator->write('Illuminate\\\\Cons...', '0001_01_01_0000...', Object(Closure))
#16 D:\\Users\\Raphael\\Desktop\\desafio_senai\\projects\\technology-solutions-api\\api\\vendor\\laravel\\framework\\src\\Illuminate\\Database\\Migrations\\Migrator.php(330): Illuminate\\Database\\Migrations\\Migrator->runDown('D:\\\\Users\\\\Raphae...', Object(stdClass), false)
#17 D:\\Users\\Raphael\\Desktop\\desafio_senai\\projects\\technology-solutions-api\\api\\vendor\\laravel\\framework\\src\\Illuminate\\Database\\Migrations\\Migrator.php(381): Illuminate\\Database\\Migrations\\Migrator->rollbackMigrations(Array, Array, Array)
#18 D:\\Users\\Raphael\\Desktop\\desafio_senai\\projects\\technology-solutions-api\\api\\vendor\\laravel\\framework\\src\\Illuminate\\Database\\Migrations\\Migrator.php(361): Illuminate\\Database\\Migrations\\Migrator->resetMigrations(Array, Array, false)
#19 D:\\Users\\Raphael\\Desktop\\desafio_senai\\projects\\technology-solutions-api\\api\\vendor\\laravel\\framework\\src\\Illuminate\\Database\\Console\\Migrations\\ResetCommand.php(71): Illuminate\\Database\\Migrations\\Migrator->reset(Array, false)
#20 D:\\Users\\Raphael\\Desktop\\desafio_senai\\projects\\technology-solutions-api\\api\\vendor\\laravel\\framework\\src\\Illuminate\\Database\\Migrations\\Migrator.php(658): Illuminate\\Database\\Console\\Migrations\\ResetCommand->Illuminate\\Database\\Console\\Migrations\\{closure}()
#21 D:\\Users\\Raphael\\Desktop\\desafio_senai\\projects\\technology-solutions-api\\api\\vendor\\laravel\\framework\\src\\Illuminate\\Database\\Console\\Migrations\\ResetCommand.php(63): Illuminate\\Database\\Migrations\\Migrator->usingConnection(NULL, Object(Closure))
#22 D:\\Users\\Raphael\\Desktop\\desafio_senai\\projects\\technology-solutions-api\\api\\vendor\\laravel\\framework\\src\\Illuminate\\Container\\BoundMethod.php(36): Illuminate\\Database\\Console\\Migrations\\ResetCommand->handle()
#23 D:\\Users\\Raphael\\Desktop\\desafio_senai\\projects\\technology-solutions-api\\api\\vendor\\laravel\\framework\\src\\Illuminate\\Container\\Util.php(43): Illuminate\\Container\\BoundMethod::Illuminate\\Container\\{closure}()
#24 D:\\Users\\Raphael\\Desktop\\desafio_senai\\projects\\technology-solutions-api\\api\\vendor\\laravel\\framework\\src\\Illuminate\\Container\\BoundMethod.php(95): Illuminate\\Container\\Util::unwrapIfClosure(Object(Closure))
#25 D:\\Users\\Raphael\\Desktop\\desafio_senai\\projects\\technology-solutions-api\\api\\vendor\\laravel\\framework\\src\\Illuminate\\Container\\BoundMethod.php(35): Illuminate\\Container\\BoundMethod::callBoundMethod(Object(Illuminate\\Foundation\\Application), Array, Object(Closure))
#26 D:\\Users\\Raphael\\Desktop\\desafio_senai\\projects\\technology-solutions-api\\api\\vendor\\laravel\\framework\\src\\Illuminate\\Container\\Container.php(754): Illuminate\\Container\\BoundMethod::call(Object(Illuminate\\Foundation\\Application), Array, Array, NULL)
#27 D:\\Users\\Raphael\\Desktop\\desafio_senai\\projects\\technology-solutions-api\\api\\vendor\\laravel\\framework\\src\\Illuminate\\Console\\Command.php(213): Illuminate\\Container\\Container->call(Array)
#28 D:\\Users\\Raphael\\Desktop\\desafio_senai\\projects\\technology-solutions-api\\api\\vendor\\symfony\\console\\Command\\Command.php(279): Illuminate\\Console\\Command->execute(Object(Symfony\\Component\\Console\\Input\\ArgvInput), Object(Illuminate\\Console\\OutputStyle))
#29 D:\\Users\\Raphael\\Desktop\\desafio_senai\\projects\\technology-solutions-api\\api\\vendor\\laravel\\framework\\src\\Illuminate\\Console\\Command.php(182): Symfony\\Component\\Console\\Command\\Command->run(Object(Symfony\\Component\\Console\\Input\\ArgvInput), Object(Illuminate\\Console\\OutputStyle))
#30 D:\\Users\\Raphael\\Desktop\\desafio_senai\\projects\\technology-solutions-api\\api\\vendor\\symfony\\console\\Application.php(1094): Illuminate\\Console\\Command->run(Object(Symfony\\Component\\Console\\Input\\ArgvInput), Object(Symfony\\Component\\Console\\Output\\ConsoleOutput))
#31 D:\\Users\\Raphael\\Desktop\\desafio_senai\\projects\\technology-solutions-api\\api\\vendor\\symfony\\console\\Application.php(342): Symfony\\Component\\Console\\Application->doRunCommand(Object(Illuminate\\Database\\Console\\Migrations\\ResetCommand), Object(Symfony\\Component\\Console\\Input\\ArgvInput), Object(Symfony\\Component\\Console\\Output\\ConsoleOutput))
#32 D:\\Users\\Raphael\\Desktop\\desafio_senai\\projects\\technology-solutions-api\\api\\vendor\\symfony\\console\\Application.php(193): Symfony\\Component\\Console\\Application->doRun(Object(Symfony\\Component\\Console\\Input\\ArgvInput), Object(Symfony\\Component\\Console\\Output\\ConsoleOutput))
#33 D:\\Users\\Raphael\\Desktop\\desafio_senai\\projects\\technology-solutions-api\\api\\vendor\\laravel\\framework\\src\\Illuminate\\Foundation\\Console\\Kernel.php(198): Symfony\\Component\\Console\\Application->run(Object(Symfony\\Component\\Console\\Input\\ArgvInput), Object(Symfony\\Component\\Console\\Output\\ConsoleOutput))
#34 D:\\Users\\Raphael\\Desktop\\desafio_senai\\projects\\technology-solutions-api\\api\\vendor\\laravel\\framework\\src\\Illuminate\\Foundation\\Application.php(1235): Illuminate\\Foundation\\Console\\Kernel->handle(Object(Symfony\\Component\\Console\\Input\\ArgvInput), Object(Symfony\\Component\\Console\\Output\\ConsoleOutput))
#35 D:\\Users\\Raphael\\Desktop\\desafio_senai\\projects\\technology-solutions-api\\api\\artisan(16): Illuminate\\Foundation\\Application->handleCommand(Object(Symfony\\Component\\Console\\Input\\ArgvInput))
#36 {main}
"} 
[2025-02-27 12:56:14] local.ERROR: SQLSTATE[23000]: Integrity constraint violation: 1451 Cannot delete or update a parent row: a foreign key constraint fails (Connection: mysql, SQL: drop table if exists `users`) {"exception":"[object] (Illuminate\\Database\\QueryException(code: 23000): SQLSTATE[23000]: Integrity constraint violation: 1451 Cannot delete or update a parent row: a foreign key constraint fails (Connection: mysql, SQL: drop table if exists `users`) at D:\\Users\\Raphael\\Desktop\\desafio_senai\\projects\\technology-solutions-api\\api\\vendor\\laravel\\framework\\src\\Illuminate\\Database\\Connection.php:823)
[stacktrace]
#0 D:\\Users\\Raphael\\Desktop\\desafio_senai\\projects\\technology-solutions-api\\api\\vendor\\laravel\\framework\\src\\Illuminate\\Database\\Connection.php(777): Illuminate\\Database\\Connection->runQueryCallback('drop table if e...', Array, Object(Closure))
#1 D:\\Users\\Raphael\\Desktop\\desafio_senai\\projects\\technology-solutions-api\\api\\vendor\\laravel\\framework\\src\\Illuminate\\Database\\Connection.php(558): Illuminate\\Database\\Connection->run('drop table if e...', Array, Object(Closure))
#2 D:\\Users\\Raphael\\Desktop\\desafio_senai\\projects\\technology-solutions-api\\api\\vendor\\laravel\\framework\\src\\Illuminate\\Database\\Schema\\Blueprint.php(120): Illuminate\\Database\\Connection->statement('drop table if e...')
#3 D:\\Users\\Raphael\\Desktop\\desafio_senai\\projects\\technology-solutions-api\\api\\vendor\\laravel\\framework\\src\\Illuminate\\Database\\Schema\\Builder.php(619): Illuminate\\Database\\Schema\\Blueprint->build()
#4 D:\\Users\\Raphael\\Desktop\\desafio_senai\\projects\\technology-solutions-api\\api\\vendor\\laravel\\framework\\src\\Illuminate\\Database\\Schema\\Builder.php(501): Illuminate\\Database\\Schema\\Builder->build(Object(Illuminate\\Database\\Schema\\Blueprint))
#5 D:\\Users\\Raphael\\Desktop\\desafio_senai\\projects\\technology-solutions-api\\api\\vendor\\laravel\\framework\\src\\Illuminate\\Support\\Facades\\Facade.php(361): Illuminate\\Database\\Schema\\Builder->dropIfExists('users')
#6 D:\\Users\\Raphael\\Desktop\\desafio_senai\\projects\\technology-solutions-api\\api\\database\\migrations\\0001_01_01_000000_create_users_table.php(48): Illuminate\\Support\\Facades\\Facade::__callStatic('dropIfExists', Array)
#7 D:\\Users\\Raphael\\Desktop\\desafio_senai\\projects\\technology-solutions-api\\api\\vendor\\laravel\\framework\\src\\Illuminate\\Database\\Migrations\\Migrator.php(507): Illuminate\\Database\\Migrations\\Migration@anonymous->down()
#8 D:\\Users\\Raphael\\Desktop\\desafio_senai\\projects\\technology-solutions-api\\api\\vendor\\laravel\\framework\\src\\Illuminate\\Database\\Migrations\\Migrator.php(432): Illuminate\\Database\\Migrations\\Migrator->runMethod(Object(Illuminate\\Database\\MySqlConnection), Object(Illuminate\\Database\\Migrations\\Migration@anonymous), 'down')
#9 D:\\Users\\Raphael\\Desktop\\desafio_senai\\projects\\technology-solutions-api\\api\\vendor\\laravel\\framework\\src\\Illuminate\\Database\\Migrations\\Migrator.php(441): Illuminate\\Database\\Migrations\\Migrator->Illuminate\\Database\\Migrations\\{closure}()
#10 D:\\Users\\Raphael\\Desktop\\desafio_senai\\projects\\technology-solutions-api\\api\\vendor\\laravel\\framework\\src\\Illuminate\\Database\\Migrations\\Migrator.php(407): Illuminate\\Database\\Migrations\\Migrator->runMigration(Object(Illuminate\\Database\\Migrations\\Migration@anonymous), 'down')
#11 D:\\Users\\Raphael\\Desktop\\desafio_senai\\projects\\technology-solutions-api\\api\\vendor\\laravel\\framework\\src\\Illuminate\\Console\\View\\Components\\Task.php(40): Illuminate\\Database\\Migrations\\Migrator->Illuminate\\Database\\Migrations\\{closure}()
#12 D:\\Users\\Raphael\\Desktop\\desafio_senai\\projects\\technology-solutions-api\\api\\vendor\\laravel\\framework\\src\\Illuminate\\Database\\Migrations\\Migrator.php(798): Illuminate\\Console\\View\\Components\\Task->render('0001_01_01_0000...', Object(Closure))
#13 D:\\Users\\Raphael\\Desktop\\desafio_senai\\projects\\technology-solutions-api\\api\\vendor\\laravel\\framework\\src\\Illuminate\\Database\\Migrations\\Migrator.php(407): Illuminate\\Database\\Migrations\\Migrator->write('Illuminate\\\\Cons...', '0001_01_01_0000...', Object(Closure))
#14 D:\\Users\\Raphael\\Desktop\\desafio_senai\\projects\\technology-solutions-api\\api\\vendor\\laravel\\framework\\src\\Illuminate\\Database\\Migrations\\Migrator.php(330): Illuminate\\Database\\Migrations\\Migrator->runDown('D:\\\\Users\\\\Raphae...', Object(stdClass), false)
#15 D:\\Users\\Raphael\\Desktop\\desafio_senai\\projects\\technology-solutions-api\\api\\vendor\\laravel\\framework\\src\\Illuminate\\Database\\Migrations\\Migrator.php(381): Illuminate\\Database\\Migrations\\Migrator->rollbackMigrations(Array, Array, Array)
#16 D:\\Users\\Raphael\\Desktop\\desafio_senai\\projects\\technology-solutions-api\\api\\vendor\\laravel\\framework\\src\\Illuminate\\Database\\Migrations\\Migrator.php(361): Illuminate\\Database\\Migrations\\Migrator->resetMigrations(Array, Array, false)
#17 D:\\Users\\Raphael\\Desktop\\desafio_senai\\projects\\technology-solutions-api\\api\\vendor\\laravel\\framework\\src\\Illuminate\\Database\\Console\\Migrations\\ResetCommand.php(71): Illuminate\\Database\\Migrations\\Migrator->reset(Array, false)
#18 D:\\Users\\Raphael\\Desktop\\desafio_senai\\projects\\technology-solutions-api\\api\\vendor\\laravel\\framework\\src\\Illuminate\\Database\\Migrations\\Migrator.php(658): Illuminate\\Database\\Console\\Migrations\\ResetCommand->Illuminate\\Database\\Console\\Migrations\\{closure}()
#19 D:\\Users\\Raphael\\Desktop\\desafio_senai\\projects\\technology-solutions-api\\api\\vendor\\laravel\\framework\\src\\Illuminate\\Database\\Console\\Migrations\\ResetCommand.php(63): Illuminate\\Database\\Migrations\\Migrator->usingConnection(NULL, Object(Closure))
#20 D:\\Users\\Raphael\\Desktop\\desafio_senai\\projects\\technology-solutions-api\\api\\vendor\\laravel\\framework\\src\\Illuminate\\Container\\BoundMethod.php(36): Illuminate\\Database\\Console\\Migrations\\ResetCommand->handle()
#21 D:\\Users\\Raphael\\Desktop\\desafio_senai\\projects\\technology-solutions-api\\api\\vendor\\laravel\\framework\\src\\Illuminate\\Container\\Util.php(43): Illuminate\\Container\\BoundMethod::Illuminate\\Container\\{closure}()
#22 D:\\Users\\Raphael\\Desktop\\desafio_senai\\projects\\technology-solutions-api\\api\\vendor\\laravel\\framework\\src\\Illuminate\\Container\\BoundMethod.php(95): Illuminate\\Container\\Util::unwrapIfClosure(Object(Closure))
#23 D:\\Users\\Raphael\\Desktop\\desafio_senai\\projects\\technology-solutions-api\\api\\vendor\\laravel\\framework\\src\\Illuminate\\Container\\BoundMethod.php(35): Illuminate\\Container\\BoundMethod::callBoundMethod(Object(Illuminate\\Foundation\\Application), Array, Object(Closure))
#24 D:\\Users\\Raphael\\Desktop\\desafio_senai\\projects\\technology-solutions-api\\api\\vendor\\laravel\\framework\\src\\Illuminate\\Container\\Container.php(754): Illuminate\\Container\\BoundMethod::call(Object(Illuminate\\Foundation\\Application), Array, Array, NULL)
#25 D:\\Users\\Raphael\\Desktop\\desafio_senai\\projects\\technology-solutions-api\\api\\vendor\\laravel\\framework\\src\\Illuminate\\Console\\Command.php(213): Illuminate\\Container\\Container->call(Array)
#26 D:\\Users\\Raphael\\Desktop\\desafio_senai\\projects\\technology-solutions-api\\api\\vendor\\symfony\\console\\Command\\Command.php(279): Illuminate\\Console\\Command->execute(Object(Symfony\\Component\\Console\\Input\\ArgvInput), Object(Illuminate\\Console\\OutputStyle))
#27 D:\\Users\\Raphael\\Desktop\\desafio_senai\\projects\\technology-solutions-api\\api\\vendor\\laravel\\framework\\src\\Illuminate\\Console\\Command.php(182): Symfony\\Component\\Console\\Command\\Command->run(Object(Symfony\\Component\\Console\\Input\\ArgvInput), Object(Illuminate\\Console\\OutputStyle))
#28 D:\\Users\\Raphael\\Desktop\\desafio_senai\\projects\\technology-solutions-api\\api\\vendor\\symfony\\console\\Application.php(1094): Illuminate\\Console\\Command->run(Object(Symfony\\Component\\Console\\Input\\ArgvInput), Object(Symfony\\Component\\Console\\Output\\ConsoleOutput))
#29 D:\\Users\\Raphael\\Desktop\\desafio_senai\\projects\\technology-solutions-api\\api\\vendor\\symfony\\console\\Application.php(342): Symfony\\Component\\Console\\Application->doRunCommand(Object(Illuminate\\Database\\Console\\Migrations\\ResetCommand), Object(Symfony\\Component\\Console\\Input\\ArgvInput), Object(Symfony\\Component\\Console\\Output\\ConsoleOutput))
#30 D:\\Users\\Raphael\\Desktop\\desafio_senai\\projects\\technology-solutions-api\\api\\vendor\\symfony\\console\\Application.php(193): Symfony\\Component\\Console\\Application->doRun(Object(Symfony\\Component\\Console\\Input\\ArgvInput), Object(Symfony\\Component\\Console\\Output\\ConsoleOutput))
#31 D:\\Users\\Raphael\\Desktop\\desafio_senai\\projects\\technology-solutions-api\\api\\vendor\\laravel\\framework\\src\\Illuminate\\Foundation\\Console\\Kernel.php(198): Symfony\\Component\\Console\\Application->run(Object(Symfony\\Component\\Console\\Input\\ArgvInput), Object(Symfony\\Component\\Console\\Output\\ConsoleOutput))
#32 D:\\Users\\Raphael\\Desktop\\desafio_senai\\projects\\technology-solutions-api\\api\\vendor\\laravel\\framework\\src\\Illuminate\\Foundation\\Application.php(1235): Illuminate\\Foundation\\Console\\Kernel->handle(Object(Symfony\\Component\\Console\\Input\\ArgvInput), Object(Symfony\\Component\\Console\\Output\\ConsoleOutput))
#33 D:\\Users\\Raphael\\Desktop\\desafio_senai\\projects\\technology-solutions-api\\api\\artisan(16): Illuminate\\Foundation\\Application->handleCommand(Object(Symfony\\Component\\Console\\Input\\ArgvInput))
#34 {main}

[previous exception] [object] (PDOException(code: 23000): SQLSTATE[23000]: Integrity constraint violation: 1451 Cannot delete or update a parent row: a foreign key constraint fails at D:\\Users\\Raphael\\Desktop\\desafio_senai\\projects\\technology-solutions-api\\api\\vendor\\laravel\\framework\\src\\Illuminate\\Database\\Connection.php:569)
[stacktrace]
#0 D:\\Users\\Raphael\\Desktop\\desafio_senai\\projects\\technology-solutions-api\\api\\vendor\\laravel\\framework\\src\\Illuminate\\Database\\Connection.php(569): PDOStatement->execute()
#1 D:\\Users\\Raphael\\Desktop\\desafio_senai\\projects\\technology-solutions-api\\api\\vendor\\laravel\\framework\\src\\Illuminate\\Database\\Connection.php(810): Illuminate\\Database\\Connection->Illuminate\\Database\\{closure}('drop table if e...', Array)
#2 D:\\Users\\Raphael\\Desktop\\desafio_senai\\projects\\technology-solutions-api\\api\\vendor\\laravel\\framework\\src\\Illuminate\\Database\\Connection.php(777): Illuminate\\Database\\Connection->runQueryCallback('drop table if e...', Array, Object(Closure))
#3 D:\\Users\\Raphael\\Desktop\\desafio_senai\\projects\\technology-solutions-api\\api\\vendor\\laravel\\framework\\src\\Illuminate\\Database\\Connection.php(558): Illuminate\\Database\\Connection->run('drop table if e...', Array, Object(Closure))
#4 D:\\Users\\Raphael\\Desktop\\desafio_senai\\projects\\technology-solutions-api\\api\\vendor\\laravel\\framework\\src\\Illuminate\\Database\\Schema\\Blueprint.php(120): Illuminate\\Database\\Connection->statement('drop table if e...')
#5 D:\\Users\\Raphael\\Desktop\\desafio_senai\\projects\\technology-solutions-api\\api\\vendor\\laravel\\framework\\src\\Illuminate\\Database\\Schema\\Builder.php(619): Illuminate\\Database\\Schema\\Blueprint->build()
#6 D:\\Users\\Raphael\\Desktop\\desafio_senai\\projects\\technology-solutions-api\\api\\vendor\\laravel\\framework\\src\\Illuminate\\Database\\Schema\\Builder.php(501): Illuminate\\Database\\Schema\\Builder->build(Object(Illuminate\\Database\\Schema\\Blueprint))
#7 D:\\Users\\Raphael\\Desktop\\desafio_senai\\projects\\technology-solutions-api\\api\\vendor\\laravel\\framework\\src\\Illuminate\\Support\\Facades\\Facade.php(361): Illuminate\\Database\\Schema\\Builder->dropIfExists('users')
#8 D:\\Users\\Raphael\\Desktop\\desafio_senai\\projects\\technology-solutions-api\\api\\database\\migrations\\0001_01_01_000000_create_users_table.php(48): Illuminate\\Support\\Facades\\Facade::__callStatic('dropIfExists', Array)
#9 D:\\Users\\Raphael\\Desktop\\desafio_senai\\projects\\technology-solutions-api\\api\\vendor\\laravel\\framework\\src\\Illuminate\\Database\\Migrations\\Migrator.php(507): Illuminate\\Database\\Migrations\\Migration@anonymous->down()
#10 D:\\Users\\Raphael\\Desktop\\desafio_senai\\projects\\technology-solutions-api\\api\\vendor\\laravel\\framework\\src\\Illuminate\\Database\\Migrations\\Migrator.php(432): Illuminate\\Database\\Migrations\\Migrator->runMethod(Object(Illuminate\\Database\\MySqlConnection), Object(Illuminate\\Database\\Migrations\\Migration@anonymous), 'down')
#11 D:\\Users\\Raphael\\Desktop\\desafio_senai\\projects\\technology-solutions-api\\api\\vendor\\laravel\\framework\\src\\Illuminate\\Database\\Migrations\\Migrator.php(441): Illuminate\\Database\\Migrations\\Migrator->Illuminate\\Database\\Migrations\\{closure}()
#12 D:\\Users\\Raphael\\Desktop\\desafio_senai\\projects\\technology-solutions-api\\api\\vendor\\laravel\\framework\\src\\Illuminate\\Database\\Migrations\\Migrator.php(407): Illuminate\\Database\\Migrations\\Migrator->runMigration(Object(Illuminate\\Database\\Migrations\\Migration@anonymous), 'down')
#13 D:\\Users\\Raphael\\Desktop\\desafio_senai\\projects\\technology-solutions-api\\api\\vendor\\laravel\\framework\\src\\Illuminate\\Console\\View\\Components\\Task.php(40): Illuminate\\Database\\Migrations\\Migrator->Illuminate\\Database\\Migrations\\{closure}()
#14 D:\\Users\\Raphael\\Desktop\\desafio_senai\\projects\\technology-solutions-api\\api\\vendor\\laravel\\framework\\src\\Illuminate\\Database\\Migrations\\Migrator.php(798): Illuminate\\Console\\View\\Components\\Task->render('0001_01_01_0000...', Object(Closure))
#15 D:\\Users\\Raphael\\Desktop\\desafio_senai\\projects\\technology-solutions-api\\api\\vendor\\laravel\\framework\\src\\Illuminate\\Database\\Migrations\\Migrator.php(407): Illuminate\\Database\\Migrations\\Migrator->write('Illuminate\\\\Cons...', '0001_01_01_0000...', Object(Closure))
#16 D:\\Users\\Raphael\\Desktop\\desafio_senai\\projects\\technology-solutions-api\\api\\vendor\\laravel\\framework\\src\\Illuminate\\Database\\Migrations\\Migrator.php(330): Illuminate\\Database\\Migrations\\Migrator->runDown('D:\\\\Users\\\\Raphae...', Object(stdClass), false)
#17 D:\\Users\\Raphael\\Desktop\\desafio_senai\\projects\\technology-solutions-api\\api\\vendor\\laravel\\framework\\src\\Illuminate\\Database\\Migrations\\Migrator.php(381): Illuminate\\Database\\Migrations\\Migrator->rollbackMigrations(Array, Array, Array)
#18 D:\\Users\\Raphael\\Desktop\\desafio_senai\\projects\\technology-solutions-api\\api\\vendor\\laravel\\framework\\src\\Illuminate\\Database\\Migrations\\Migrator.php(361): Illuminate\\Database\\Migrations\\Migrator->resetMigrations(Array, Array, false)
#19 D:\\Users\\Raphael\\Desktop\\desafio_senai\\projects\\technology-solutions-api\\api\\vendor\\laravel\\framework\\src\\Illuminate\\Database\\Console\\Migrations\\ResetCommand.php(71): Illuminate\\Database\\Migrations\\Migrator->reset(Array, false)
#20 D:\\Users\\Raphael\\Desktop\\desafio_senai\\projects\\technology-solutions-api\\api\\vendor\\laravel\\framework\\src\\Illuminate\\Database\\Migrations\\Migrator.php(658): Illuminate\\Database\\Console\\Migrations\\ResetCommand->Illuminate\\Database\\Console\\Migrations\\{closure}()
#21 D:\\Users\\Raphael\\Desktop\\desafio_senai\\projects\\technology-solutions-api\\api\\vendor\\laravel\\framework\\src\\Illuminate\\Database\\Console\\Migrations\\ResetCommand.php(63): Illuminate\\Database\\Migrations\\Migrator->usingConnection(NULL, Object(Closure))
#22 D:\\Users\\Raphael\\Desktop\\desafio_senai\\projects\\technology-solutions-api\\api\\vendor\\laravel\\framework\\src\\Illuminate\\Container\\BoundMethod.php(36): Illuminate\\Database\\Console\\Migrations\\ResetCommand->handle()
#23 D:\\Users\\Raphael\\Desktop\\desafio_senai\\projects\\technology-solutions-api\\api\\vendor\\laravel\\framework\\src\\Illuminate\\Container\\Util.php(43): Illuminate\\Container\\BoundMethod::Illuminate\\Container\\{closure}()
#24 D:\\Users\\Raphael\\Desktop\\desafio_senai\\projects\\technology-solutions-api\\api\\vendor\\laravel\\framework\\src\\Illuminate\\Container\\BoundMethod.php(95): Illuminate\\Container\\Util::unwrapIfClosure(Object(Closure))
#25 D:\\Users\\Raphael\\Desktop\\desafio_senai\\projects\\technology-solutions-api\\api\\vendor\\laravel\\framework\\src\\Illuminate\\Container\\BoundMethod.php(35): Illuminate\\Container\\BoundMethod::callBoundMethod(Object(Illuminate\\Foundation\\Application), Array, Object(Closure))
#26 D:\\Users\\Raphael\\Desktop\\desafio_senai\\projects\\technology-solutions-api\\api\\vendor\\laravel\\framework\\src\\Illuminate\\Container\\Container.php(754): Illuminate\\Container\\BoundMethod::call(Object(Illuminate\\Foundation\\Application), Array, Array, NULL)
#27 D:\\Users\\Raphael\\Desktop\\desafio_senai\\projects\\technology-solutions-api\\api\\vendor\\laravel\\framework\\src\\Illuminate\\Console\\Command.php(213): Illuminate\\Container\\Container->call(Array)
#28 D:\\Users\\Raphael\\Desktop\\desafio_senai\\projects\\technology-solutions-api\\api\\vendor\\symfony\\console\\Command\\Command.php(279): Illuminate\\Console\\Command->execute(Object(Symfony\\Component\\Console\\Input\\ArgvInput), Object(Illuminate\\Console\\OutputStyle))
#29 D:\\Users\\Raphael\\Desktop\\desafio_senai\\projects\\technology-solutions-api\\api\\vendor\\laravel\\framework\\src\\Illuminate\\Console\\Command.php(182): Symfony\\Component\\Console\\Command\\Command->run(Object(Symfony\\Component\\Console\\Input\\ArgvInput), Object(Illuminate\\Console\\OutputStyle))
#30 D:\\Users\\Raphael\\Desktop\\desafio_senai\\projects\\technology-solutions-api\\api\\vendor\\symfony\\console\\Application.php(1094): Illuminate\\Console\\Command->run(Object(Symfony\\Component\\Console\\Input\\ArgvInput), Object(Symfony\\Component\\Console\\Output\\ConsoleOutput))
#31 D:\\Users\\Raphael\\Desktop\\desafio_senai\\projects\\technology-solutions-api\\api\\vendor\\symfony\\console\\Application.php(342): Symfony\\Component\\Console\\Application->doRunCommand(Object(Illuminate\\Database\\Console\\Migrations\\ResetCommand), Object(Symfony\\Component\\Console\\Input\\ArgvInput), Object(Symfony\\Component\\Console\\Output\\ConsoleOutput))
#32 D:\\Users\\Raphael\\Desktop\\desafio_senai\\projects\\technology-solutions-api\\api\\vendor\\symfony\\console\\Application.php(193): Symfony\\Component\\Console\\Application->doRun(Object(Symfony\\Component\\Console\\Input\\ArgvInput), Object(Symfony\\Component\\Console\\Output\\ConsoleOutput))
#33 D:\\Users\\Raphael\\Desktop\\desafio_senai\\projects\\technology-solutions-api\\api\\vendor\\laravel\\framework\\src\\Illuminate\\Foundation\\Console\\Kernel.php(198): Symfony\\Component\\Console\\Application->run(Object(Symfony\\Component\\Console\\Input\\ArgvInput), Object(Symfony\\Component\\Console\\Output\\ConsoleOutput))
#34 D:\\Users\\Raphael\\Desktop\\desafio_senai\\projects\\technology-solutions-api\\api\\vendor\\laravel\\framework\\src\\Illuminate\\Foundation\\Application.php(1235): Illuminate\\Foundation\\Console\\Kernel->handle(Object(Symfony\\Component\\Console\\Input\\ArgvInput), Object(Symfony\\Component\\Console\\Output\\ConsoleOutput))
#35 D:\\Users\\Raphael\\Desktop\\desafio_senai\\projects\\technology-solutions-api\\api\\artisan(16): Illuminate\\Foundation\\Application->handleCommand(Object(Symfony\\Component\\Console\\Input\\ArgvInput))
#36 {main}
"} 
[2025-02-27 12:56:29] local.ERROR: SQLSTATE[42S01]: Base table or view already exists: 1050 Table 'historico_alteracoes_perfil' already exists (Connection: mysql, SQL: create table `historico_alteracoes_perfil` (`id` bigint unsigned not null auto_increment, `usuario_id` bigint unsigned not null, `user_type_old_id` bigint unsigned not null, `user_type_new_id` bigint unsigned not null, `alterado_por` bigint unsigned not null, `created_at` timestamp null, `updated_at` timestamp null, primary key (`id`)) default character set utf8mb4 collate 'utf8mb4_unicode_ci') {"exception":"[object] (Illuminate\\Database\\QueryException(code: 42S01): SQLSTATE[42S01]: Base table or view already exists: 1050 Table 'historico_alteracoes_perfil' already exists (Connection: mysql, SQL: create table `historico_alteracoes_perfil` (`id` bigint unsigned not null auto_increment, `usuario_id` bigint unsigned not null, `user_type_old_id` bigint unsigned not null, `user_type_new_id` bigint unsigned not null, `alterado_por` bigint unsigned not null, `created_at` timestamp null, `updated_at` timestamp null, primary key (`id`)) default character set utf8mb4 collate 'utf8mb4_unicode_ci') at D:\\Users\\Raphael\\Desktop\\desafio_senai\\projects\\technology-solutions-api\\api\\vendor\\laravel\\framework\\src\\Illuminate\\Database\\Connection.php:823)
[stacktrace]
#0 D:\\Users\\Raphael\\Desktop\\desafio_senai\\projects\\technology-solutions-api\\api\\vendor\\laravel\\framework\\src\\Illuminate\\Database\\Connection.php(777): Illuminate\\Database\\Connection->runQueryCallback('create table `h...', Array, Object(Closure))
#1 D:\\Users\\Raphael\\Desktop\\desafio_senai\\projects\\technology-solutions-api\\api\\vendor\\laravel\\framework\\src\\Illuminate\\Database\\Connection.php(558): Illuminate\\Database\\Connection->run('create table `h...', Array, Object(Closure))
#2 D:\\Users\\Raphael\\Desktop\\desafio_senai\\projects\\technology-solutions-api\\api\\vendor\\laravel\\framework\\src\\Illuminate\\Database\\Schema\\Blueprint.php(120): Illuminate\\Database\\Connection->statement('create table `h...')
#3 D:\\Users\\Raphael\\Desktop\\desafio_senai\\projects\\technology-solutions-api\\api\\vendor\\laravel\\framework\\src\\Illuminate\\Database\\Schema\\Builder.php(619): Illuminate\\Database\\Schema\\Blueprint->build()
#4 D:\\Users\\Raphael\\Desktop\\desafio_senai\\projects\\technology-solutions-api\\api\\vendor\\laravel\\framework\\src\\Illuminate\\Database\\Schema\\Builder.php(473): Illuminate\\Database\\Schema\\Builder->build(Object(Illuminate\\Database\\Schema\\Blueprint))
#5 D:\\Users\\Raphael\\Desktop\\desafio_senai\\projects\\technology-solutions-api\\api\\vendor\\laravel\\framework\\src\\Illuminate\\Support\\Facades\\Facade.php(361): Illuminate\\Database\\Schema\\Builder->create('historico_alter...', Object(Closure))
#6 D:\\Users\\Raphael\\Desktop\\desafio_senai\\projects\\technology-solutions-api\\api\\database\\migrations\\2025_02_27_121211_create_historico_alteracoes_perfil.php(14): Illuminate\\Support\\Facades\\Facade::__callStatic('create', Array)
#7 D:\\Users\\Raphael\\Desktop\\desafio_senai\\projects\\technology-solutions-api\\api\\vendor\\laravel\\framework\\src\\Illuminate\\Database\\Migrations\\Migrator.php(507): Illuminate\\Database\\Migrations\\Migration@anonymous->up()
#8 D:\\Users\\Raphael\\Desktop\\desafio_senai\\projects\\technology-solutions-api\\api\\vendor\\laravel\\framework\\src\\Illuminate\\Database\\Migrations\\Migrator.php(432): Illuminate\\Database\\Migrations\\Migrator->runMethod(Object(Illuminate\\Database\\MySqlConnection), Object(Illuminate\\Database\\Migrations\\Migration@anonymous), 'up')
#9 D:\\Users\\Raphael\\Desktop\\desafio_senai\\projects\\technology-solutions-api\\api\\vendor\\laravel\\framework\\src\\Illuminate\\Database\\Migrations\\Migrator.php(441): Illuminate\\Database\\Migrations\\Migrator->Illuminate\\Database\\Migrations\\{closure}()
#10 D:\\Users\\Raphael\\Desktop\\desafio_senai\\projects\\technology-solutions-api\\api\\vendor\\laravel\\framework\\src\\Illuminate\\Database\\Migrations\\Migrator.php(244): Illuminate\\Database\\Migrations\\Migrator->runMigration(Object(Illuminate\\Database\\Migrations\\Migration@anonymous), 'up')
#11 D:\\Users\\Raphael\\Desktop\\desafio_senai\\projects\\technology-solutions-api\\api\\vendor\\laravel\\framework\\src\\Illuminate\\Console\\View\\Components\\Task.php(40): Illuminate\\Database\\Migrations\\Migrator->Illuminate\\Database\\Migrations\\{closure}()
#12 D:\\Users\\Raphael\\Desktop\\desafio_senai\\projects\\technology-solutions-api\\api\\vendor\\laravel\\framework\\src\\Illuminate\\Database\\Migrations\\Migrator.php(798): Illuminate\\Console\\View\\Components\\Task->render('2025_02_27_1212...', Object(Closure))
#13 D:\\Users\\Raphael\\Desktop\\desafio_senai\\projects\\technology-solutions-api\\api\\vendor\\laravel\\framework\\src\\Illuminate\\Database\\Migrations\\Migrator.php(244): Illuminate\\Database\\Migrations\\Migrator->write('Illuminate\\\\Cons...', '2025_02_27_1212...', Object(Closure))
#14 D:\\Users\\Raphael\\Desktop\\desafio_senai\\projects\\technology-solutions-api\\api\\vendor\\laravel\\framework\\src\\Illuminate\\Database\\Migrations\\Migrator.php(211): Illuminate\\Database\\Migrations\\Migrator->runUp('D:\\\\Users\\\\Raphae...', 2, false)
#15 D:\\Users\\Raphael\\Desktop\\desafio_senai\\projects\\technology-solutions-api\\api\\vendor\\laravel\\framework\\src\\Illuminate\\Database\\Migrations\\Migrator.php(138): Illuminate\\Database\\Migrations\\Migrator->runPending(Array, Array)
#16 D:\\Users\\Raphael\\Desktop\\desafio_senai\\projects\\technology-solutions-api\\api\\vendor\\laravel\\framework\\src\\Illuminate\\Database\\Console\\Migrations\\MigrateCommand.php(117): Illuminate\\Database\\Migrations\\Migrator->run(Array, Array)
#17 D:\\Users\\Raphael\\Desktop\\desafio_senai\\projects\\technology-solutions-api\\api\\vendor\\laravel\\framework\\src\\Illuminate\\Database\\Migrations\\Migrator.php(658): Illuminate\\Database\\Console\\Migrations\\MigrateCommand->Illuminate\\Database\\Console\\Migrations\\{closure}()
#18 D:\\Users\\Raphael\\Desktop\\desafio_senai\\projects\\technology-solutions-api\\api\\vendor\\laravel\\framework\\src\\Illuminate\\Database\\Console\\Migrations\\MigrateCommand.php(110): Illuminate\\Database\\Migrations\\Migrator->usingConnection(NULL, Object(Closure))
#19 D:\\Users\\Raphael\\Desktop\\desafio_senai\\projects\\technology-solutions-api\\api\\vendor\\laravel\\framework\\src\\Illuminate\\Database\\Console\\Migrations\\MigrateCommand.php(89): Illuminate\\Database\\Console\\Migrations\\MigrateCommand->runMigrations()
#20 D:\\Users\\Raphael\\Desktop\\desafio_senai\\projects\\technology-solutions-api\\api\\vendor\\laravel\\framework\\src\\Illuminate\\Container\\BoundMethod.php(36): Illuminate\\Database\\Console\\Migrations\\MigrateCommand->handle()
#21 D:\\Users\\Raphael\\Desktop\\desafio_senai\\projects\\technology-solutions-api\\api\\vendor\\laravel\\framework\\src\\Illuminate\\Container\\Util.php(43): Illuminate\\Container\\BoundMethod::Illuminate\\Container\\{closure}()
#22 D:\\Users\\Raphael\\Desktop\\desafio_senai\\projects\\technology-solutions-api\\api\\vendor\\laravel\\framework\\src\\Illuminate\\Container\\BoundMethod.php(95): Illuminate\\Container\\Util::unwrapIfClosure(Object(Closure))
#23 D:\\Users\\Raphael\\Desktop\\desafio_senai\\projects\\technology-solutions-api\\api\\vendor\\laravel\\framework\\src\\Illuminate\\Container\\BoundMethod.php(35): Illuminate\\Container\\BoundMethod::callBoundMethod(Object(Illuminate\\Foundation\\Application), Array, Object(Closure))
#24 D:\\Users\\Raphael\\Desktop\\desafio_senai\\projects\\technology-solutions-api\\api\\vendor\\laravel\\framework\\src\\Illuminate\\Container\\Container.php(754): Illuminate\\Container\\BoundMethod::call(Object(Illuminate\\Foundation\\Application), Array, Array, NULL)
#25 D:\\Users\\Raphael\\Desktop\\desafio_senai\\projects\\technology-solutions-api\\api\\vendor\\laravel\\framework\\src\\Illuminate\\Console\\Command.php(213): Illuminate\\Container\\Container->call(Array)
#26 D:\\Users\\Raphael\\Desktop\\desafio_senai\\projects\\technology-solutions-api\\api\\vendor\\symfony\\console\\Command\\Command.php(279): Illuminate\\Console\\Command->execute(Object(Symfony\\Component\\Console\\Input\\ArgvInput), Object(Illuminate\\Console\\OutputStyle))
#27 D:\\Users\\Raphael\\Desktop\\desafio_senai\\projects\\technology-solutions-api\\api\\vendor\\laravel\\framework\\src\\Illuminate\\Console\\Command.php(182): Symfony\\Component\\Console\\Command\\Command->run(Object(Symfony\\Component\\Console\\Input\\ArgvInput), Object(Illuminate\\Console\\OutputStyle))
#28 D:\\Users\\Raphael\\Desktop\\desafio_senai\\projects\\technology-solutions-api\\api\\vendor\\symfony\\console\\Application.php(1094): Illuminate\\Console\\Command->run(Object(Symfony\\Component\\Console\\Input\\ArgvInput), Object(Symfony\\Component\\Console\\Output\\ConsoleOutput))
#29 D:\\Users\\Raphael\\Desktop\\desafio_senai\\projects\\technology-solutions-api\\api\\vendor\\symfony\\console\\Application.php(342): Symfony\\Component\\Console\\Application->doRunCommand(Object(Illuminate\\Database\\Console\\Migrations\\MigrateCommand), Object(Symfony\\Component\\Console\\Input\\ArgvInput), Object(Symfony\\Component\\Console\\Output\\ConsoleOutput))
#30 D:\\Users\\Raphael\\Desktop\\desafio_senai\\projects\\technology-solutions-api\\api\\vendor\\symfony\\console\\Application.php(193): Symfony\\Component\\Console\\Application->doRun(Object(Symfony\\Component\\Console\\Input\\ArgvInput), Object(Symfony\\Component\\Console\\Output\\ConsoleOutput))
#31 D:\\Users\\Raphael\\Desktop\\desafio_senai\\projects\\technology-solutions-api\\api\\vendor\\laravel\\framework\\src\\Illuminate\\Foundation\\Console\\Kernel.php(198): Symfony\\Component\\Console\\Application->run(Object(Symfony\\Component\\Console\\Input\\ArgvInput), Object(Symfony\\Component\\Console\\Output\\ConsoleOutput))
#32 D:\\Users\\Raphael\\Desktop\\desafio_senai\\projects\\technology-solutions-api\\api\\vendor\\laravel\\framework\\src\\Illuminate\\Foundation\\Application.php(1235): Illuminate\\Foundation\\Console\\Kernel->handle(Object(Symfony\\Component\\Console\\Input\\ArgvInput), Object(Symfony\\Component\\Console\\Output\\ConsoleOutput))
#33 D:\\Users\\Raphael\\Desktop\\desafio_senai\\projects\\technology-solutions-api\\api\\artisan(16): Illuminate\\Foundation\\Application->handleCommand(Object(Symfony\\Component\\Console\\Input\\ArgvInput))
#34 {main}

[previous exception] [object] (PDOException(code: 42S01): SQLSTATE[42S01]: Base table or view already exists: 1050 Table 'historico_alteracoes_perfil' already exists at D:\\Users\\Raphael\\Desktop\\desafio_senai\\projects\\technology-solutions-api\\api\\vendor\\laravel\\framework\\src\\Illuminate\\Database\\Connection.php:569)
[stacktrace]
#0 D:\\Users\\Raphael\\Desktop\\desafio_senai\\projects\\technology-solutions-api\\api\\vendor\\laravel\\framework\\src\\Illuminate\\Database\\Connection.php(569): PDOStatement->execute()
#1 D:\\Users\\Raphael\\Desktop\\desafio_senai\\projects\\technology-solutions-api\\api\\vendor\\laravel\\framework\\src\\Illuminate\\Database\\Connection.php(810): Illuminate\\Database\\Connection->Illuminate\\Database\\{closure}('create table `h...', Array)
#2 D:\\Users\\Raphael\\Desktop\\desafio_senai\\projects\\technology-solutions-api\\api\\vendor\\laravel\\framework\\src\\Illuminate\\Database\\Connection.php(777): Illuminate\\Database\\Connection->runQueryCallback('create table `h...', Array, Object(Closure))
#3 D:\\Users\\Raphael\\Desktop\\desafio_senai\\projects\\technology-solutions-api\\api\\vendor\\laravel\\framework\\src\\Illuminate\\Database\\Connection.php(558): Illuminate\\Database\\Connection->run('create table `h...', Array, Object(Closure))
#4 D:\\Users\\Raphael\\Desktop\\desafio_senai\\projects\\technology-solutions-api\\api\\vendor\\laravel\\framework\\src\\Illuminate\\Database\\Schema\\Blueprint.php(120): Illuminate\\Database\\Connection->statement('create table `h...')
#5 D:\\Users\\Raphael\\Desktop\\desafio_senai\\projects\\technology-solutions-api\\api\\vendor\\laravel\\framework\\src\\Illuminate\\Database\\Schema\\Builder.php(619): Illuminate\\Database\\Schema\\Blueprint->build()
#6 D:\\Users\\Raphael\\Desktop\\desafio_senai\\projects\\technology-solutions-api\\api\\vendor\\laravel\\framework\\src\\Illuminate\\Database\\Schema\\Builder.php(473): Illuminate\\Database\\Schema\\Builder->build(Object(Illuminate\\Database\\Schema\\Blueprint))
#7 D:\\Users\\Raphael\\Desktop\\desafio_senai\\projects\\technology-solutions-api\\api\\vendor\\laravel\\framework\\src\\Illuminate\\Support\\Facades\\Facade.php(361): Illuminate\\Database\\Schema\\Builder->create('historico_alter...', Object(Closure))
#8 D:\\Users\\Raphael\\Desktop\\desafio_senai\\projects\\technology-solutions-api\\api\\database\\migrations\\2025_02_27_121211_create_historico_alteracoes_perfil.php(14): Illuminate\\Support\\Facades\\Facade::__callStatic('create', Array)
#9 D:\\Users\\Raphael\\Desktop\\desafio_senai\\projects\\technology-solutions-api\\api\\vendor\\laravel\\framework\\src\\Illuminate\\Database\\Migrations\\Migrator.php(507): Illuminate\\Database\\Migrations\\Migration@anonymous->up()
#10 D:\\Users\\Raphael\\Desktop\\desafio_senai\\projects\\technology-solutions-api\\api\\vendor\\laravel\\framework\\src\\Illuminate\\Database\\Migrations\\Migrator.php(432): Illuminate\\Database\\Migrations\\Migrator->runMethod(Object(Illuminate\\Database\\MySqlConnection), Object(Illuminate\\Database\\Migrations\\Migration@anonymous), 'up')
#11 D:\\Users\\Raphael\\Desktop\\desafio_senai\\projects\\technology-solutions-api\\api\\vendor\\laravel\\framework\\src\\Illuminate\\Database\\Migrations\\Migrator.php(441): Illuminate\\Database\\Migrations\\Migrator->Illuminate\\Database\\Migrations\\{closure}()
#12 D:\\Users\\Raphael\\Desktop\\desafio_senai\\projects\\technology-solutions-api\\api\\vendor\\laravel\\framework\\src\\Illuminate\\Database\\Migrations\\Migrator.php(244): Illuminate\\Database\\Migrations\\Migrator->runMigration(Object(Illuminate\\Database\\Migrations\\Migration@anonymous), 'up')
#13 D:\\Users\\Raphael\\Desktop\\desafio_senai\\projects\\technology-solutions-api\\api\\vendor\\laravel\\framework\\src\\Illuminate\\Console\\View\\Components\\Task.php(40): Illuminate\\Database\\Migrations\\Migrator->Illuminate\\Database\\Migrations\\{closure}()
#14 D:\\Users\\Raphael\\Desktop\\desafio_senai\\projects\\technology-solutions-api\\api\\vendor\\laravel\\framework\\src\\Illuminate\\Database\\Migrations\\Migrator.php(798): Illuminate\\Console\\View\\Components\\Task->render('2025_02_27_1212...', Object(Closure))
#15 D:\\Users\\Raphael\\Desktop\\desafio_senai\\projects\\technology-solutions-api\\api\\vendor\\laravel\\framework\\src\\Illuminate\\Database\\Migrations\\Migrator.php(244): Illuminate\\Database\\Migrations\\Migrator->write('Illuminate\\\\Cons...', '2025_02_27_1212...', Object(Closure))
#16 D:\\Users\\Raphael\\Desktop\\desafio_senai\\projects\\technology-solutions-api\\api\\vendor\\laravel\\framework\\src\\Illuminate\\Database\\Migrations\\Migrator.php(211): Illuminate\\Database\\Migrations\\Migrator->runUp('D:\\\\Users\\\\Raphae...', 2, false)
#17 D:\\Users\\Raphael\\Desktop\\desafio_senai\\projects\\technology-solutions-api\\api\\vendor\\laravel\\framework\\src\\Illuminate\\Database\\Migrations\\Migrator.php(138): Illuminate\\Database\\Migrations\\Migrator->runPending(Array, Array)
#18 D:\\Users\\Raphael\\Desktop\\desafio_senai\\projects\\technology-solutions-api\\api\\vendor\\laravel\\framework\\src\\Illuminate\\Database\\Console\\Migrations\\MigrateCommand.php(117): Illuminate\\Database\\Migrations\\Migrator->run(Array, Array)
#19 D:\\Users\\Raphael\\Desktop\\desafio_senai\\projects\\technology-solutions-api\\api\\vendor\\laravel\\framework\\src\\Illuminate\\Database\\Migrations\\Migrator.php(658): Illuminate\\Database\\Console\\Migrations\\MigrateCommand->Illuminate\\Database\\Console\\Migrations\\{closure}()
#20 D:\\Users\\Raphael\\Desktop\\desafio_senai\\projects\\technology-solutions-api\\api\\vendor\\laravel\\framework\\src\\Illuminate\\Database\\Console\\Migrations\\MigrateCommand.php(110): Illuminate\\Database\\Migrations\\Migrator->usingConnection(NULL, Object(Closure))
#21 D:\\Users\\Raphael\\Desktop\\desafio_senai\\projects\\technology-solutions-api\\api\\vendor\\laravel\\framework\\src\\Illuminate\\Database\\Console\\Migrations\\MigrateCommand.php(89): Illuminate\\Database\\Console\\Migrations\\MigrateCommand->runMigrations()
#22 D:\\Users\\Raphael\\Desktop\\desafio_senai\\projects\\technology-solutions-api\\api\\vendor\\laravel\\framework\\src\\Illuminate\\Container\\BoundMethod.php(36): Illuminate\\Database\\Console\\Migrations\\MigrateCommand->handle()
#23 D:\\Users\\Raphael\\Desktop\\desafio_senai\\projects\\technology-solutions-api\\api\\vendor\\laravel\\framework\\src\\Illuminate\\Container\\Util.php(43): Illuminate\\Container\\BoundMethod::Illuminate\\Container\\{closure}()
#24 D:\\Users\\Raphael\\Desktop\\desafio_senai\\projects\\technology-solutions-api\\api\\vendor\\laravel\\framework\\src\\Illuminate\\Container\\BoundMethod.php(95): Illuminate\\Container\\Util::unwrapIfClosure(Object(Closure))
#25 D:\\Users\\Raphael\\Desktop\\desafio_senai\\projects\\technology-solutions-api\\api\\vendor\\laravel\\framework\\src\\Illuminate\\Container\\BoundMethod.php(35): Illuminate\\Container\\BoundMethod::callBoundMethod(Object(Illuminate\\Foundation\\Application), Array, Object(Closure))
#26 D:\\Users\\Raphael\\Desktop\\desafio_senai\\projects\\technology-solutions-api\\api\\vendor\\laravel\\framework\\src\\Illuminate\\Container\\Container.php(754): Illuminate\\Container\\BoundMethod::call(Object(Illuminate\\Foundation\\Application), Array, Array, NULL)
#27 D:\\Users\\Raphael\\Desktop\\desafio_senai\\projects\\technology-solutions-api\\api\\vendor\\laravel\\framework\\src\\Illuminate\\Console\\Command.php(213): Illuminate\\Container\\Container->call(Array)
#28 D:\\Users\\Raphael\\Desktop\\desafio_senai\\projects\\technology-solutions-api\\api\\vendor\\symfony\\console\\Command\\Command.php(279): Illuminate\\Console\\Command->execute(Object(Symfony\\Component\\Console\\Input\\ArgvInput), Object(Illuminate\\Console\\OutputStyle))
#29 D:\\Users\\Raphael\\Desktop\\desafio_senai\\projects\\technology-solutions-api\\api\\vendor\\laravel\\framework\\src\\Illuminate\\Console\\Command.php(182): Symfony\\Component\\Console\\Command\\Command->run(Object(Symfony\\Component\\Console\\Input\\ArgvInput), Object(Illuminate\\Console\\OutputStyle))
#30 D:\\Users\\Raphael\\Desktop\\desafio_senai\\projects\\technology-solutions-api\\api\\vendor\\symfony\\console\\Application.php(1094): Illuminate\\Console\\Command->run(Object(Symfony\\Component\\Console\\Input\\ArgvInput), Object(Symfony\\Component\\Console\\Output\\ConsoleOutput))
#31 D:\\Users\\Raphael\\Desktop\\desafio_senai\\projects\\technology-solutions-api\\api\\vendor\\symfony\\console\\Application.php(342): Symfony\\Component\\Console\\Application->doRunCommand(Object(Illuminate\\Database\\Console\\Migrations\\MigrateCommand), Object(Symfony\\Component\\Console\\Input\\ArgvInput), Object(Symfony\\Component\\Console\\Output\\ConsoleOutput))
#32 D:\\Users\\Raphael\\Desktop\\desafio_senai\\projects\\technology-solutions-api\\api\\vendor\\symfony\\console\\Application.php(193): Symfony\\Component\\Console\\Application->doRun(Object(Symfony\\Component\\Console\\Input\\ArgvInput), Object(Symfony\\Component\\Console\\Output\\ConsoleOutput))
#33 D:\\Users\\Raphael\\Desktop\\desafio_senai\\projects\\technology-solutions-api\\api\\vendor\\laravel\\framework\\src\\Illuminate\\Foundation\\Console\\Kernel.php(198): Symfony\\Component\\Console\\Application->run(Object(Symfony\\Component\\Console\\Input\\ArgvInput), Object(Symfony\\Component\\Console\\Output\\ConsoleOutput))
#34 D:\\Users\\Raphael\\Desktop\\desafio_senai\\projects\\technology-solutions-api\\api\\vendor\\laravel\\framework\\src\\Illuminate\\Foundation\\Application.php(1235): Illuminate\\Foundation\\Console\\Kernel->handle(Object(Symfony\\Component\\Console\\Input\\ArgvInput), Object(Symfony\\Component\\Console\\Output\\ConsoleOutput))
#35 D:\\Users\\Raphael\\Desktop\\desafio_senai\\projects\\technology-solutions-api\\api\\artisan(16): Illuminate\\Foundation\\Application->handleCommand(Object(Symfony\\Component\\Console\\Input\\ArgvInput))
#36 {main}
"} 
[2025-02-27 12:57:13] local.ERROR: SQLSTATE[HY000]: General error: 1005 Can't create table `technology_solutions_db`.`historico_alteracoes_perfil` (errno: 150 "Foreign key constraint is incorrectly formed") (Connection: mysql, SQL: alter table `historico_alteracoes_perfil` add constraint `historico_alteracoes_perfil_user_type_old_id_foreign` foreign key (`user_type_old_id`) references `status_convites` (`id`) on delete set null) {"exception":"[object] (Illuminate\\Database\\QueryException(code: HY000): SQLSTATE[HY000]: General error: 1005 Can't create table `technology_solutions_db`.`historico_alteracoes_perfil` (errno: 150 \"Foreign key constraint is incorrectly formed\") (Connection: mysql, SQL: alter table `historico_alteracoes_perfil` add constraint `historico_alteracoes_perfil_user_type_old_id_foreign` foreign key (`user_type_old_id`) references `status_convites` (`id`) on delete set null) at D:\\Users\\Raphael\\Desktop\\desafio_senai\\projects\\technology-solutions-api\\api\\vendor\\laravel\\framework\\src\\Illuminate\\Database\\Connection.php:823)
[stacktrace]
#0 D:\\Users\\Raphael\\Desktop\\desafio_senai\\projects\\technology-solutions-api\\api\\vendor\\laravel\\framework\\src\\Illuminate\\Database\\Connection.php(777): Illuminate\\Database\\Connection->runQueryCallback('alter table `hi...', Array, Object(Closure))
#1 D:\\Users\\Raphael\\Desktop\\desafio_senai\\projects\\technology-solutions-api\\api\\vendor\\laravel\\framework\\src\\Illuminate\\Database\\Connection.php(558): Illuminate\\Database\\Connection->run('alter table `hi...', Array, Object(Closure))
#2 D:\\Users\\Raphael\\Desktop\\desafio_senai\\projects\\technology-solutions-api\\api\\vendor\\laravel\\framework\\src\\Illuminate\\Database\\Schema\\Blueprint.php(120): Illuminate\\Database\\Connection->statement('alter table `hi...')
#3 D:\\Users\\Raphael\\Desktop\\desafio_senai\\projects\\technology-solutions-api\\api\\vendor\\laravel\\framework\\src\\Illuminate\\Database\\Schema\\Builder.php(619): Illuminate\\Database\\Schema\\Blueprint->build()
#4 D:\\Users\\Raphael\\Desktop\\desafio_senai\\projects\\technology-solutions-api\\api\\vendor\\laravel\\framework\\src\\Illuminate\\Database\\Schema\\Builder.php(473): Illuminate\\Database\\Schema\\Builder->build(Object(Illuminate\\Database\\Schema\\Blueprint))
#5 D:\\Users\\Raphael\\Desktop\\desafio_senai\\projects\\technology-solutions-api\\api\\vendor\\laravel\\framework\\src\\Illuminate\\Support\\Facades\\Facade.php(361): Illuminate\\Database\\Schema\\Builder->create('historico_alter...', Object(Closure))
#6 D:\\Users\\Raphael\\Desktop\\desafio_senai\\projects\\technology-solutions-api\\api\\database\\migrations\\2025_02_27_121211_create_historico_alteracoes_perfil.php(14): Illuminate\\Support\\Facades\\Facade::__callStatic('create', Array)
#7 D:\\Users\\Raphael\\Desktop\\desafio_senai\\projects\\technology-solutions-api\\api\\vendor\\laravel\\framework\\src\\Illuminate\\Database\\Migrations\\Migrator.php(507): Illuminate\\Database\\Migrations\\Migration@anonymous->up()
#8 D:\\Users\\Raphael\\Desktop\\desafio_senai\\projects\\technology-solutions-api\\api\\vendor\\laravel\\framework\\src\\Illuminate\\Database\\Migrations\\Migrator.php(432): Illuminate\\Database\\Migrations\\Migrator->runMethod(Object(Illuminate\\Database\\MySqlConnection), Object(Illuminate\\Database\\Migrations\\Migration@anonymous), 'up')
#9 D:\\Users\\Raphael\\Desktop\\desafio_senai\\projects\\technology-solutions-api\\api\\vendor\\laravel\\framework\\src\\Illuminate\\Database\\Migrations\\Migrator.php(441): Illuminate\\Database\\Migrations\\Migrator->Illuminate\\Database\\Migrations\\{closure}()
#10 D:\\Users\\Raphael\\Desktop\\desafio_senai\\projects\\technology-solutions-api\\api\\vendor\\laravel\\framework\\src\\Illuminate\\Database\\Migrations\\Migrator.php(244): Illuminate\\Database\\Migrations\\Migrator->runMigration(Object(Illuminate\\Database\\Migrations\\Migration@anonymous), 'up')
#11 D:\\Users\\Raphael\\Desktop\\desafio_senai\\projects\\technology-solutions-api\\api\\vendor\\laravel\\framework\\src\\Illuminate\\Console\\View\\Components\\Task.php(40): Illuminate\\Database\\Migrations\\Migrator->Illuminate\\Database\\Migrations\\{closure}()
#12 D:\\Users\\Raphael\\Desktop\\desafio_senai\\projects\\technology-solutions-api\\api\\vendor\\laravel\\framework\\src\\Illuminate\\Database\\Migrations\\Migrator.php(798): Illuminate\\Console\\View\\Components\\Task->render('2025_02_27_1212...', Object(Closure))
#13 D:\\Users\\Raphael\\Desktop\\desafio_senai\\projects\\technology-solutions-api\\api\\vendor\\laravel\\framework\\src\\Illuminate\\Database\\Migrations\\Migrator.php(244): Illuminate\\Database\\Migrations\\Migrator->write('Illuminate\\\\Cons...', '2025_02_27_1212...', Object(Closure))
#14 D:\\Users\\Raphael\\Desktop\\desafio_senai\\projects\\technology-solutions-api\\api\\vendor\\laravel\\framework\\src\\Illuminate\\Database\\Migrations\\Migrator.php(211): Illuminate\\Database\\Migrations\\Migrator->runUp('D:\\\\Users\\\\Raphae...', 3, false)
#15 D:\\Users\\Raphael\\Desktop\\desafio_senai\\projects\\technology-solutions-api\\api\\vendor\\laravel\\framework\\src\\Illuminate\\Database\\Migrations\\Migrator.php(138): Illuminate\\Database\\Migrations\\Migrator->runPending(Array, Array)
#16 D:\\Users\\Raphael\\Desktop\\desafio_senai\\projects\\technology-solutions-api\\api\\vendor\\laravel\\framework\\src\\Illuminate\\Database\\Console\\Migrations\\MigrateCommand.php(117): Illuminate\\Database\\Migrations\\Migrator->run(Array, Array)
#17 D:\\Users\\Raphael\\Desktop\\desafio_senai\\projects\\technology-solutions-api\\api\\vendor\\laravel\\framework\\src\\Illuminate\\Database\\Migrations\\Migrator.php(658): Illuminate\\Database\\Console\\Migrations\\MigrateCommand->Illuminate\\Database\\Console\\Migrations\\{closure}()
#18 D:\\Users\\Raphael\\Desktop\\desafio_senai\\projects\\technology-solutions-api\\api\\vendor\\laravel\\framework\\src\\Illuminate\\Database\\Console\\Migrations\\MigrateCommand.php(110): Illuminate\\Database\\Migrations\\Migrator->usingConnection(NULL, Object(Closure))
#19 D:\\Users\\Raphael\\Desktop\\desafio_senai\\projects\\technology-solutions-api\\api\\vendor\\laravel\\framework\\src\\Illuminate\\Database\\Console\\Migrations\\MigrateCommand.php(89): Illuminate\\Database\\Console\\Migrations\\MigrateCommand->runMigrations()
#20 D:\\Users\\Raphael\\Desktop\\desafio_senai\\projects\\technology-solutions-api\\api\\vendor\\laravel\\framework\\src\\Illuminate\\Container\\BoundMethod.php(36): Illuminate\\Database\\Console\\Migrations\\MigrateCommand->handle()
#21 D:\\Users\\Raphael\\Desktop\\desafio_senai\\projects\\technology-solutions-api\\api\\vendor\\laravel\\framework\\src\\Illuminate\\Container\\Util.php(43): Illuminate\\Container\\BoundMethod::Illuminate\\Container\\{closure}()
#22 D:\\Users\\Raphael\\Desktop\\desafio_senai\\projects\\technology-solutions-api\\api\\vendor\\laravel\\framework\\src\\Illuminate\\Container\\BoundMethod.php(95): Illuminate\\Container\\Util::unwrapIfClosure(Object(Closure))
#23 D:\\Users\\Raphael\\Desktop\\desafio_senai\\projects\\technology-solutions-api\\api\\vendor\\laravel\\framework\\src\\Illuminate\\Container\\BoundMethod.php(35): Illuminate\\Container\\BoundMethod::callBoundMethod(Object(Illuminate\\Foundation\\Application), Array, Object(Closure))
#24 D:\\Users\\Raphael\\Desktop\\desafio_senai\\projects\\technology-solutions-api\\api\\vendor\\laravel\\framework\\src\\Illuminate\\Container\\Container.php(754): Illuminate\\Container\\BoundMethod::call(Object(Illuminate\\Foundation\\Application), Array, Array, NULL)
#25 D:\\Users\\Raphael\\Desktop\\desafio_senai\\projects\\technology-solutions-api\\api\\vendor\\laravel\\framework\\src\\Illuminate\\Console\\Command.php(213): Illuminate\\Container\\Container->call(Array)
#26 D:\\Users\\Raphael\\Desktop\\desafio_senai\\projects\\technology-solutions-api\\api\\vendor\\symfony\\console\\Command\\Command.php(279): Illuminate\\Console\\Command->execute(Object(Symfony\\Component\\Console\\Input\\ArgvInput), Object(Illuminate\\Console\\OutputStyle))
#27 D:\\Users\\Raphael\\Desktop\\desafio_senai\\projects\\technology-solutions-api\\api\\vendor\\laravel\\framework\\src\\Illuminate\\Console\\Command.php(182): Symfony\\Component\\Console\\Command\\Command->run(Object(Symfony\\Component\\Console\\Input\\ArgvInput), Object(Illuminate\\Console\\OutputStyle))
#28 D:\\Users\\Raphael\\Desktop\\desafio_senai\\projects\\technology-solutions-api\\api\\vendor\\symfony\\console\\Application.php(1094): Illuminate\\Console\\Command->run(Object(Symfony\\Component\\Console\\Input\\ArgvInput), Object(Symfony\\Component\\Console\\Output\\ConsoleOutput))
#29 D:\\Users\\Raphael\\Desktop\\desafio_senai\\projects\\technology-solutions-api\\api\\vendor\\symfony\\console\\Application.php(342): Symfony\\Component\\Console\\Application->doRunCommand(Object(Illuminate\\Database\\Console\\Migrations\\MigrateCommand), Object(Symfony\\Component\\Console\\Input\\ArgvInput), Object(Symfony\\Component\\Console\\Output\\ConsoleOutput))
#30 D:\\Users\\Raphael\\Desktop\\desafio_senai\\projects\\technology-solutions-api\\api\\vendor\\symfony\\console\\Application.php(193): Symfony\\Component\\Console\\Application->doRun(Object(Symfony\\Component\\Console\\Input\\ArgvInput), Object(Symfony\\Component\\Console\\Output\\ConsoleOutput))
#31 D:\\Users\\Raphael\\Desktop\\desafio_senai\\projects\\technology-solutions-api\\api\\vendor\\laravel\\framework\\src\\Illuminate\\Foundation\\Console\\Kernel.php(198): Symfony\\Component\\Console\\Application->run(Object(Symfony\\Component\\Console\\Input\\ArgvInput), Object(Symfony\\Component\\Console\\Output\\ConsoleOutput))
#32 D:\\Users\\Raphael\\Desktop\\desafio_senai\\projects\\technology-solutions-api\\api\\vendor\\laravel\\framework\\src\\Illuminate\\Foundation\\Application.php(1235): Illuminate\\Foundation\\Console\\Kernel->handle(Object(Symfony\\Component\\Console\\Input\\ArgvInput), Object(Symfony\\Component\\Console\\Output\\ConsoleOutput))
#33 D:\\Users\\Raphael\\Desktop\\desafio_senai\\projects\\technology-solutions-api\\api\\artisan(16): Illuminate\\Foundation\\Application->handleCommand(Object(Symfony\\Component\\Console\\Input\\ArgvInput))
#34 {main}

[previous exception] [object] (PDOException(code: HY000): SQLSTATE[HY000]: General error: 1005 Can't create table `technology_solutions_db`.`historico_alteracoes_perfil` (errno: 150 \"Foreign key constraint is incorrectly formed\") at D:\\Users\\Raphael\\Desktop\\desafio_senai\\projects\\technology-solutions-api\\api\\vendor\\laravel\\framework\\src\\Illuminate\\Database\\Connection.php:569)
[stacktrace]
#0 D:\\Users\\Raphael\\Desktop\\desafio_senai\\projects\\technology-solutions-api\\api\\vendor\\laravel\\framework\\src\\Illuminate\\Database\\Connection.php(569): PDOStatement->execute()
#1 D:\\Users\\Raphael\\Desktop\\desafio_senai\\projects\\technology-solutions-api\\api\\vendor\\laravel\\framework\\src\\Illuminate\\Database\\Connection.php(810): Illuminate\\Database\\Connection->Illuminate\\Database\\{closure}('alter table `hi...', Array)
#2 D:\\Users\\Raphael\\Desktop\\desafio_senai\\projects\\technology-solutions-api\\api\\vendor\\laravel\\framework\\src\\Illuminate\\Database\\Connection.php(777): Illuminate\\Database\\Connection->runQueryCallback('alter table `hi...', Array, Object(Closure))
#3 D:\\Users\\Raphael\\Desktop\\desafio_senai\\projects\\technology-solutions-api\\api\\vendor\\laravel\\framework\\src\\Illuminate\\Database\\Connection.php(558): Illuminate\\Database\\Connection->run('alter table `hi...', Array, Object(Closure))
#4 D:\\Users\\Raphael\\Desktop\\desafio_senai\\projects\\technology-solutions-api\\api\\vendor\\laravel\\framework\\src\\Illuminate\\Database\\Schema\\Blueprint.php(120): Illuminate\\Database\\Connection->statement('alter table `hi...')
#5 D:\\Users\\Raphael\\Desktop\\desafio_senai\\projects\\technology-solutions-api\\api\\vendor\\laravel\\framework\\src\\Illuminate\\Database\\Schema\\Builder.php(619): Illuminate\\Database\\Schema\\Blueprint->build()
#6 D:\\Users\\Raphael\\Desktop\\desafio_senai\\projects\\technology-solutions-api\\api\\vendor\\laravel\\framework\\src\\Illuminate\\Database\\Schema\\Builder.php(473): Illuminate\\Database\\Schema\\Builder->build(Object(Illuminate\\Database\\Schema\\Blueprint))
#7 D:\\Users\\Raphael\\Desktop\\desafio_senai\\projects\\technology-solutions-api\\api\\vendor\\laravel\\framework\\src\\Illuminate\\Support\\Facades\\Facade.php(361): Illuminate\\Database\\Schema\\Builder->create('historico_alter...', Object(Closure))
#8 D:\\Users\\Raphael\\Desktop\\desafio_senai\\projects\\technology-solutions-api\\api\\database\\migrations\\2025_02_27_121211_create_historico_alteracoes_perfil.php(14): Illuminate\\Support\\Facades\\Facade::__callStatic('create', Array)
#9 D:\\Users\\Raphael\\Desktop\\desafio_senai\\projects\\technology-solutions-api\\api\\vendor\\laravel\\framework\\src\\Illuminate\\Database\\Migrations\\Migrator.php(507): Illuminate\\Database\\Migrations\\Migration@anonymous->up()
#10 D:\\Users\\Raphael\\Desktop\\desafio_senai\\projects\\technology-solutions-api\\api\\vendor\\laravel\\framework\\src\\Illuminate\\Database\\Migrations\\Migrator.php(432): Illuminate\\Database\\Migrations\\Migrator->runMethod(Object(Illuminate\\Database\\MySqlConnection), Object(Illuminate\\Database\\Migrations\\Migration@anonymous), 'up')
#11 D:\\Users\\Raphael\\Desktop\\desafio_senai\\projects\\technology-solutions-api\\api\\vendor\\laravel\\framework\\src\\Illuminate\\Database\\Migrations\\Migrator.php(441): Illuminate\\Database\\Migrations\\Migrator->Illuminate\\Database\\Migrations\\{closure}()
#12 D:\\Users\\Raphael\\Desktop\\desafio_senai\\projects\\technology-solutions-api\\api\\vendor\\laravel\\framework\\src\\Illuminate\\Database\\Migrations\\Migrator.php(244): Illuminate\\Database\\Migrations\\Migrator->runMigration(Object(Illuminate\\Database\\Migrations\\Migration@anonymous), 'up')
#13 D:\\Users\\Raphael\\Desktop\\desafio_senai\\projects\\technology-solutions-api\\api\\vendor\\laravel\\framework\\src\\Illuminate\\Console\\View\\Components\\Task.php(40): Illuminate\\Database\\Migrations\\Migrator->Illuminate\\Database\\Migrations\\{closure}()
#14 D:\\Users\\Raphael\\Desktop\\desafio_senai\\projects\\technology-solutions-api\\api\\vendor\\laravel\\framework\\src\\Illuminate\\Database\\Migrations\\Migrator.php(798): Illuminate\\Console\\View\\Components\\Task->render('2025_02_27_1212...', Object(Closure))
#15 D:\\Users\\Raphael\\Desktop\\desafio_senai\\projects\\technology-solutions-api\\api\\vendor\\laravel\\framework\\src\\Illuminate\\Database\\Migrations\\Migrator.php(244): Illuminate\\Database\\Migrations\\Migrator->write('Illuminate\\\\Cons...', '2025_02_27_1212...', Object(Closure))
#16 D:\\Users\\Raphael\\Desktop\\desafio_senai\\projects\\technology-solutions-api\\api\\vendor\\laravel\\framework\\src\\Illuminate\\Database\\Migrations\\Migrator.php(211): Illuminate\\Database\\Migrations\\Migrator->runUp('D:\\\\Users\\\\Raphae...', 3, false)
#17 D:\\Users\\Raphael\\Desktop\\desafio_senai\\projects\\technology-solutions-api\\api\\vendor\\laravel\\framework\\src\\Illuminate\\Database\\Migrations\\Migrator.php(138): Illuminate\\Database\\Migrations\\Migrator->runPending(Array, Array)
#18 D:\\Users\\Raphael\\Desktop\\desafio_senai\\projects\\technology-solutions-api\\api\\vendor\\laravel\\framework\\src\\Illuminate\\Database\\Console\\Migrations\\MigrateCommand.php(117): Illuminate\\Database\\Migrations\\Migrator->run(Array, Array)
#19 D:\\Users\\Raphael\\Desktop\\desafio_senai\\projects\\technology-solutions-api\\api\\vendor\\laravel\\framework\\src\\Illuminate\\Database\\Migrations\\Migrator.php(658): Illuminate\\Database\\Console\\Migrations\\MigrateCommand->Illuminate\\Database\\Console\\Migrations\\{closure}()
#20 D:\\Users\\Raphael\\Desktop\\desafio_senai\\projects\\technology-solutions-api\\api\\vendor\\laravel\\framework\\src\\Illuminate\\Database\\Console\\Migrations\\MigrateCommand.php(110): Illuminate\\Database\\Migrations\\Migrator->usingConnection(NULL, Object(Closure))
#21 D:\\Users\\Raphael\\Desktop\\desafio_senai\\projects\\technology-solutions-api\\api\\vendor\\laravel\\framework\\src\\Illuminate\\Database\\Console\\Migrations\\MigrateCommand.php(89): Illuminate\\Database\\Console\\Migrations\\MigrateCommand->runMigrations()
#22 D:\\Users\\Raphael\\Desktop\\desafio_senai\\projects\\technology-solutions-api\\api\\vendor\\laravel\\framework\\src\\Illuminate\\Container\\BoundMethod.php(36): Illuminate\\Database\\Console\\Migrations\\MigrateCommand->handle()
#23 D:\\Users\\Raphael\\Desktop\\desafio_senai\\projects\\technology-solutions-api\\api\\vendor\\laravel\\framework\\src\\Illuminate\\Container\\Util.php(43): Illuminate\\Container\\BoundMethod::Illuminate\\Container\\{closure}()
#24 D:\\Users\\Raphael\\Desktop\\desafio_senai\\projects\\technology-solutions-api\\api\\vendor\\laravel\\framework\\src\\Illuminate\\Container\\BoundMethod.php(95): Illuminate\\Container\\Util::unwrapIfClosure(Object(Closure))
#25 D:\\Users\\Raphael\\Desktop\\desafio_senai\\projects\\technology-solutions-api\\api\\vendor\\laravel\\framework\\src\\Illuminate\\Container\\BoundMethod.php(35): Illuminate\\Container\\BoundMethod::callBoundMethod(Object(Illuminate\\Foundation\\Application), Array, Object(Closure))
#26 D:\\Users\\Raphael\\Desktop\\desafio_senai\\projects\\technology-solutions-api\\api\\vendor\\laravel\\framework\\src\\Illuminate\\Container\\Container.php(754): Illuminate\\Container\\BoundMethod::call(Object(Illuminate\\Foundation\\Application), Array, Array, NULL)
#27 D:\\Users\\Raphael\\Desktop\\desafio_senai\\projects\\technology-solutions-api\\api\\vendor\\laravel\\framework\\src\\Illuminate\\Console\\Command.php(213): Illuminate\\Container\\Container->call(Array)
#28 D:\\Users\\Raphael\\Desktop\\desafio_senai\\projects\\technology-solutions-api\\api\\vendor\\symfony\\console\\Command\\Command.php(279): Illuminate\\Console\\Command->execute(Object(Symfony\\Component\\Console\\Input\\ArgvInput), Object(Illuminate\\Console\\OutputStyle))
#29 D:\\Users\\Raphael\\Desktop\\desafio_senai\\projects\\technology-solutions-api\\api\\vendor\\laravel\\framework\\src\\Illuminate\\Console\\Command.php(182): Symfony\\Component\\Console\\Command\\Command->run(Object(Symfony\\Component\\Console\\Input\\ArgvInput), Object(Illuminate\\Console\\OutputStyle))
#30 D:\\Users\\Raphael\\Desktop\\desafio_senai\\projects\\technology-solutions-api\\api\\vendor\\symfony\\console\\Application.php(1094): Illuminate\\Console\\Command->run(Object(Symfony\\Component\\Console\\Input\\ArgvInput), Object(Symfony\\Component\\Console\\Output\\ConsoleOutput))
#31 D:\\Users\\Raphael\\Desktop\\desafio_senai\\projects\\technology-solutions-api\\api\\vendor\\symfony\\console\\Application.php(342): Symfony\\Component\\Console\\Application->doRunCommand(Object(Illuminate\\Database\\Console\\Migrations\\MigrateCommand), Object(Symfony\\Component\\Console\\Input\\ArgvInput), Object(Symfony\\Component\\Console\\Output\\ConsoleOutput))
#32 D:\\Users\\Raphael\\Desktop\\desafio_senai\\projects\\technology-solutions-api\\api\\vendor\\symfony\\console\\Application.php(193): Symfony\\Component\\Console\\Application->doRun(Object(Symfony\\Component\\Console\\Input\\ArgvInput), Object(Symfony\\Component\\Console\\Output\\ConsoleOutput))
#33 D:\\Users\\Raphael\\Desktop\\desafio_senai\\projects\\technology-solutions-api\\api\\vendor\\laravel\\framework\\src\\Illuminate\\Foundation\\Console\\Kernel.php(198): Symfony\\Component\\Console\\Application->run(Object(Symfony\\Component\\Console\\Input\\ArgvInput), Object(Symfony\\Component\\Console\\Output\\ConsoleOutput))
#34 D:\\Users\\Raphael\\Desktop\\desafio_senai\\projects\\technology-solutions-api\\api\\vendor\\laravel\\framework\\src\\Illuminate\\Foundation\\Application.php(1235): Illuminate\\Foundation\\Console\\Kernel->handle(Object(Symfony\\Component\\Console\\Input\\ArgvInput), Object(Symfony\\Component\\Console\\Output\\ConsoleOutput))
#35 D:\\Users\\Raphael\\Desktop\\desafio_senai\\projects\\technology-solutions-api\\api\\artisan(16): Illuminate\\Foundation\\Application->handleCommand(Object(Symfony\\Component\\Console\\Input\\ArgvInput))
#36 {main}
"} 
[2025-02-27 12:59:21] local.ERROR: SQLSTATE[23000]: Integrity constraint violation: 1451 Cannot delete or update a parent row: a foreign key constraint fails (Connection: mysql, SQL: drop table if exists `users`) {"exception":"[object] (Illuminate\\Database\\QueryException(code: 23000): SQLSTATE[23000]: Integrity constraint violation: 1451 Cannot delete or update a parent row: a foreign key constraint fails (Connection: mysql, SQL: drop table if exists `users`) at D:\\Users\\Raphael\\Desktop\\desafio_senai\\projects\\technology-solutions-api\\api\\vendor\\laravel\\framework\\src\\Illuminate\\Database\\Connection.php:823)
[stacktrace]
#0 D:\\Users\\Raphael\\Desktop\\desafio_senai\\projects\\technology-solutions-api\\api\\vendor\\laravel\\framework\\src\\Illuminate\\Database\\Connection.php(777): Illuminate\\Database\\Connection->runQueryCallback('drop table if e...', Array, Object(Closure))
#1 D:\\Users\\Raphael\\Desktop\\desafio_senai\\projects\\technology-solutions-api\\api\\vendor\\laravel\\framework\\src\\Illuminate\\Database\\Connection.php(558): Illuminate\\Database\\Connection->run('drop table if e...', Array, Object(Closure))
#2 D:\\Users\\Raphael\\Desktop\\desafio_senai\\projects\\technology-solutions-api\\api\\vendor\\laravel\\framework\\src\\Illuminate\\Database\\Schema\\Blueprint.php(120): Illuminate\\Database\\Connection->statement('drop table if e...')
#3 D:\\Users\\Raphael\\Desktop\\desafio_senai\\projects\\technology-solutions-api\\api\\vendor\\laravel\\framework\\src\\Illuminate\\Database\\Schema\\Builder.php(619): Illuminate\\Database\\Schema\\Blueprint->build()
#4 D:\\Users\\Raphael\\Desktop\\desafio_senai\\projects\\technology-solutions-api\\api\\vendor\\laravel\\framework\\src\\Illuminate\\Database\\Schema\\Builder.php(501): Illuminate\\Database\\Schema\\Builder->build(Object(Illuminate\\Database\\Schema\\Blueprint))
#5 D:\\Users\\Raphael\\Desktop\\desafio_senai\\projects\\technology-solutions-api\\api\\vendor\\laravel\\framework\\src\\Illuminate\\Support\\Facades\\Facade.php(361): Illuminate\\Database\\Schema\\Builder->dropIfExists('users')
#6 D:\\Users\\Raphael\\Desktop\\desafio_senai\\projects\\technology-solutions-api\\api\\database\\migrations\\0001_01_01_000000_create_users_table.php(48): Illuminate\\Support\\Facades\\Facade::__callStatic('dropIfExists', Array)
#7 D:\\Users\\Raphael\\Desktop\\desafio_senai\\projects\\technology-solutions-api\\api\\vendor\\laravel\\framework\\src\\Illuminate\\Database\\Migrations\\Migrator.php(507): Illuminate\\Database\\Migrations\\Migration@anonymous->down()
#8 D:\\Users\\Raphael\\Desktop\\desafio_senai\\projects\\technology-solutions-api\\api\\vendor\\laravel\\framework\\src\\Illuminate\\Database\\Migrations\\Migrator.php(432): Illuminate\\Database\\Migrations\\Migrator->runMethod(Object(Illuminate\\Database\\MySqlConnection), Object(Illuminate\\Database\\Migrations\\Migration@anonymous), 'down')
#9 D:\\Users\\Raphael\\Desktop\\desafio_senai\\projects\\technology-solutions-api\\api\\vendor\\laravel\\framework\\src\\Illuminate\\Database\\Migrations\\Migrator.php(441): Illuminate\\Database\\Migrations\\Migrator->Illuminate\\Database\\Migrations\\{closure}()
#10 D:\\Users\\Raphael\\Desktop\\desafio_senai\\projects\\technology-solutions-api\\api\\vendor\\laravel\\framework\\src\\Illuminate\\Database\\Migrations\\Migrator.php(407): Illuminate\\Database\\Migrations\\Migrator->runMigration(Object(Illuminate\\Database\\Migrations\\Migration@anonymous), 'down')
#11 D:\\Users\\Raphael\\Desktop\\desafio_senai\\projects\\technology-solutions-api\\api\\vendor\\laravel\\framework\\src\\Illuminate\\Console\\View\\Components\\Task.php(40): Illuminate\\Database\\Migrations\\Migrator->Illuminate\\Database\\Migrations\\{closure}()
#12 D:\\Users\\Raphael\\Desktop\\desafio_senai\\projects\\technology-solutions-api\\api\\vendor\\laravel\\framework\\src\\Illuminate\\Database\\Migrations\\Migrator.php(798): Illuminate\\Console\\View\\Components\\Task->render('0001_01_01_0000...', Object(Closure))
#13 D:\\Users\\Raphael\\Desktop\\desafio_senai\\projects\\technology-solutions-api\\api\\vendor\\laravel\\framework\\src\\Illuminate\\Database\\Migrations\\Migrator.php(407): Illuminate\\Database\\Migrations\\Migrator->write('Illuminate\\\\Cons...', '0001_01_01_0000...', Object(Closure))
#14 D:\\Users\\Raphael\\Desktop\\desafio_senai\\projects\\technology-solutions-api\\api\\vendor\\laravel\\framework\\src\\Illuminate\\Database\\Migrations\\Migrator.php(330): Illuminate\\Database\\Migrations\\Migrator->runDown('D:\\\\Users\\\\Raphae...', Object(stdClass), false)
#15 D:\\Users\\Raphael\\Desktop\\desafio_senai\\projects\\technology-solutions-api\\api\\vendor\\laravel\\framework\\src\\Illuminate\\Database\\Migrations\\Migrator.php(381): Illuminate\\Database\\Migrations\\Migrator->rollbackMigrations(Array, Array, Array)
#16 D:\\Users\\Raphael\\Desktop\\desafio_senai\\projects\\technology-solutions-api\\api\\vendor\\laravel\\framework\\src\\Illuminate\\Database\\Migrations\\Migrator.php(361): Illuminate\\Database\\Migrations\\Migrator->resetMigrations(Array, Array, false)
#17 D:\\Users\\Raphael\\Desktop\\desafio_senai\\projects\\technology-solutions-api\\api\\vendor\\laravel\\framework\\src\\Illuminate\\Database\\Console\\Migrations\\ResetCommand.php(71): Illuminate\\Database\\Migrations\\Migrator->reset(Array, false)
#18 D:\\Users\\Raphael\\Desktop\\desafio_senai\\projects\\technology-solutions-api\\api\\vendor\\laravel\\framework\\src\\Illuminate\\Database\\Migrations\\Migrator.php(658): Illuminate\\Database\\Console\\Migrations\\ResetCommand->Illuminate\\Database\\Console\\Migrations\\{closure}()
#19 D:\\Users\\Raphael\\Desktop\\desafio_senai\\projects\\technology-solutions-api\\api\\vendor\\laravel\\framework\\src\\Illuminate\\Database\\Console\\Migrations\\ResetCommand.php(63): Illuminate\\Database\\Migrations\\Migrator->usingConnection(NULL, Object(Closure))
#20 D:\\Users\\Raphael\\Desktop\\desafio_senai\\projects\\technology-solutions-api\\api\\vendor\\laravel\\framework\\src\\Illuminate\\Container\\BoundMethod.php(36): Illuminate\\Database\\Console\\Migrations\\ResetCommand->handle()
#21 D:\\Users\\Raphael\\Desktop\\desafio_senai\\projects\\technology-solutions-api\\api\\vendor\\laravel\\framework\\src\\Illuminate\\Container\\Util.php(43): Illuminate\\Container\\BoundMethod::Illuminate\\Container\\{closure}()
#22 D:\\Users\\Raphael\\Desktop\\desafio_senai\\projects\\technology-solutions-api\\api\\vendor\\laravel\\framework\\src\\Illuminate\\Container\\BoundMethod.php(95): Illuminate\\Container\\Util::unwrapIfClosure(Object(Closure))
#23 D:\\Users\\Raphael\\Desktop\\desafio_senai\\projects\\technology-solutions-api\\api\\vendor\\laravel\\framework\\src\\Illuminate\\Container\\BoundMethod.php(35): Illuminate\\Container\\BoundMethod::callBoundMethod(Object(Illuminate\\Foundation\\Application), Array, Object(Closure))
#24 D:\\Users\\Raphael\\Desktop\\desafio_senai\\projects\\technology-solutions-api\\api\\vendor\\laravel\\framework\\src\\Illuminate\\Container\\Container.php(754): Illuminate\\Container\\BoundMethod::call(Object(Illuminate\\Foundation\\Application), Array, Array, NULL)
#25 D:\\Users\\Raphael\\Desktop\\desafio_senai\\projects\\technology-solutions-api\\api\\vendor\\laravel\\framework\\src\\Illuminate\\Console\\Command.php(213): Illuminate\\Container\\Container->call(Array)
#26 D:\\Users\\Raphael\\Desktop\\desafio_senai\\projects\\technology-solutions-api\\api\\vendor\\symfony\\console\\Command\\Command.php(279): Illuminate\\Console\\Command->execute(Object(Symfony\\Component\\Console\\Input\\ArgvInput), Object(Illuminate\\Console\\OutputStyle))
#27 D:\\Users\\Raphael\\Desktop\\desafio_senai\\projects\\technology-solutions-api\\api\\vendor\\laravel\\framework\\src\\Illuminate\\Console\\Command.php(182): Symfony\\Component\\Console\\Command\\Command->run(Object(Symfony\\Component\\Console\\Input\\ArgvInput), Object(Illuminate\\Console\\OutputStyle))
#28 D:\\Users\\Raphael\\Desktop\\desafio_senai\\projects\\technology-solutions-api\\api\\vendor\\symfony\\console\\Application.php(1094): Illuminate\\Console\\Command->run(Object(Symfony\\Component\\Console\\Input\\ArgvInput), Object(Symfony\\Component\\Console\\Output\\ConsoleOutput))
#29 D:\\Users\\Raphael\\Desktop\\desafio_senai\\projects\\technology-solutions-api\\api\\vendor\\symfony\\console\\Application.php(342): Symfony\\Component\\Console\\Application->doRunCommand(Object(Illuminate\\Database\\Console\\Migrations\\ResetCommand), Object(Symfony\\Component\\Console\\Input\\ArgvInput), Object(Symfony\\Component\\Console\\Output\\ConsoleOutput))
#30 D:\\Users\\Raphael\\Desktop\\desafio_senai\\projects\\technology-solutions-api\\api\\vendor\\symfony\\console\\Application.php(193): Symfony\\Component\\Console\\Application->doRun(Object(Symfony\\Component\\Console\\Input\\ArgvInput), Object(Symfony\\Component\\Console\\Output\\ConsoleOutput))
#31 D:\\Users\\Raphael\\Desktop\\desafio_senai\\projects\\technology-solutions-api\\api\\vendor\\laravel\\framework\\src\\Illuminate\\Foundation\\Console\\Kernel.php(198): Symfony\\Component\\Console\\Application->run(Object(Symfony\\Component\\Console\\Input\\ArgvInput), Object(Symfony\\Component\\Console\\Output\\ConsoleOutput))
#32 D:\\Users\\Raphael\\Desktop\\desafio_senai\\projects\\technology-solutions-api\\api\\vendor\\laravel\\framework\\src\\Illuminate\\Foundation\\Application.php(1235): Illuminate\\Foundation\\Console\\Kernel->handle(Object(Symfony\\Component\\Console\\Input\\ArgvInput), Object(Symfony\\Component\\Console\\Output\\ConsoleOutput))
#33 D:\\Users\\Raphael\\Desktop\\desafio_senai\\projects\\technology-solutions-api\\api\\artisan(16): Illuminate\\Foundation\\Application->handleCommand(Object(Symfony\\Component\\Console\\Input\\ArgvInput))
#34 {main}

[previous exception] [object] (PDOException(code: 23000): SQLSTATE[23000]: Integrity constraint violation: 1451 Cannot delete or update a parent row: a foreign key constraint fails at D:\\Users\\Raphael\\Desktop\\desafio_senai\\projects\\technology-solutions-api\\api\\vendor\\laravel\\framework\\src\\Illuminate\\Database\\Connection.php:569)
[stacktrace]
#0 D:\\Users\\Raphael\\Desktop\\desafio_senai\\projects\\technology-solutions-api\\api\\vendor\\laravel\\framework\\src\\Illuminate\\Database\\Connection.php(569): PDOStatement->execute()
#1 D:\\Users\\Raphael\\Desktop\\desafio_senai\\projects\\technology-solutions-api\\api\\vendor\\laravel\\framework\\src\\Illuminate\\Database\\Connection.php(810): Illuminate\\Database\\Connection->Illuminate\\Database\\{closure}('drop table if e...', Array)
#2 D:\\Users\\Raphael\\Desktop\\desafio_senai\\projects\\technology-solutions-api\\api\\vendor\\laravel\\framework\\src\\Illuminate\\Database\\Connection.php(777): Illuminate\\Database\\Connection->runQueryCallback('drop table if e...', Array, Object(Closure))
#3 D:\\Users\\Raphael\\Desktop\\desafio_senai\\projects\\technology-solutions-api\\api\\vendor\\laravel\\framework\\src\\Illuminate\\Database\\Connection.php(558): Illuminate\\Database\\Connection->run('drop table if e...', Array, Object(Closure))
#4 D:\\Users\\Raphael\\Desktop\\desafio_senai\\projects\\technology-solutions-api\\api\\vendor\\laravel\\framework\\src\\Illuminate\\Database\\Schema\\Blueprint.php(120): Illuminate\\Database\\Connection->statement('drop table if e...')
#5 D:\\Users\\Raphael\\Desktop\\desafio_senai\\projects\\technology-solutions-api\\api\\vendor\\laravel\\framework\\src\\Illuminate\\Database\\Schema\\Builder.php(619): Illuminate\\Database\\Schema\\Blueprint->build()
#6 D:\\Users\\Raphael\\Desktop\\desafio_senai\\projects\\technology-solutions-api\\api\\vendor\\laravel\\framework\\src\\Illuminate\\Database\\Schema\\Builder.php(501): Illuminate\\Database\\Schema\\Builder->build(Object(Illuminate\\Database\\Schema\\Blueprint))
#7 D:\\Users\\Raphael\\Desktop\\desafio_senai\\projects\\technology-solutions-api\\api\\vendor\\laravel\\framework\\src\\Illuminate\\Support\\Facades\\Facade.php(361): Illuminate\\Database\\Schema\\Builder->dropIfExists('users')
#8 D:\\Users\\Raphael\\Desktop\\desafio_senai\\projects\\technology-solutions-api\\api\\database\\migrations\\0001_01_01_000000_create_users_table.php(48): Illuminate\\Support\\Facades\\Facade::__callStatic('dropIfExists', Array)
#9 D:\\Users\\Raphael\\Desktop\\desafio_senai\\projects\\technology-solutions-api\\api\\vendor\\laravel\\framework\\src\\Illuminate\\Database\\Migrations\\Migrator.php(507): Illuminate\\Database\\Migrations\\Migration@anonymous->down()
#10 D:\\Users\\Raphael\\Desktop\\desafio_senai\\projects\\technology-solutions-api\\api\\vendor\\laravel\\framework\\src\\Illuminate\\Database\\Migrations\\Migrator.php(432): Illuminate\\Database\\Migrations\\Migrator->runMethod(Object(Illuminate\\Database\\MySqlConnection), Object(Illuminate\\Database\\Migrations\\Migration@anonymous), 'down')
#11 D:\\Users\\Raphael\\Desktop\\desafio_senai\\projects\\technology-solutions-api\\api\\vendor\\laravel\\framework\\src\\Illuminate\\Database\\Migrations\\Migrator.php(441): Illuminate\\Database\\Migrations\\Migrator->Illuminate\\Database\\Migrations\\{closure}()
#12 D:\\Users\\Raphael\\Desktop\\desafio_senai\\projects\\technology-solutions-api\\api\\vendor\\laravel\\framework\\src\\Illuminate\\Database\\Migrations\\Migrator.php(407): Illuminate\\Database\\Migrations\\Migrator->runMigration(Object(Illuminate\\Database\\Migrations\\Migration@anonymous), 'down')
#13 D:\\Users\\Raphael\\Desktop\\desafio_senai\\projects\\technology-solutions-api\\api\\vendor\\laravel\\framework\\src\\Illuminate\\Console\\View\\Components\\Task.php(40): Illuminate\\Database\\Migrations\\Migrator->Illuminate\\Database\\Migrations\\{closure}()
#14 D:\\Users\\Raphael\\Desktop\\desafio_senai\\projects\\technology-solutions-api\\api\\vendor\\laravel\\framework\\src\\Illuminate\\Database\\Migrations\\Migrator.php(798): Illuminate\\Console\\View\\Components\\Task->render('0001_01_01_0000...', Object(Closure))
#15 D:\\Users\\Raphael\\Desktop\\desafio_senai\\projects\\technology-solutions-api\\api\\vendor\\laravel\\framework\\src\\Illuminate\\Database\\Migrations\\Migrator.php(407): Illuminate\\Database\\Migrations\\Migrator->write('Illuminate\\\\Cons...', '0001_01_01_0000...', Object(Closure))
#16 D:\\Users\\Raphael\\Desktop\\desafio_senai\\projects\\technology-solutions-api\\api\\vendor\\laravel\\framework\\src\\Illuminate\\Database\\Migrations\\Migrator.php(330): Illuminate\\Database\\Migrations\\Migrator->runDown('D:\\\\Users\\\\Raphae...', Object(stdClass), false)
#17 D:\\Users\\Raphael\\Desktop\\desafio_senai\\projects\\technology-solutions-api\\api\\vendor\\laravel\\framework\\src\\Illuminate\\Database\\Migrations\\Migrator.php(381): Illuminate\\Database\\Migrations\\Migrator->rollbackMigrations(Array, Array, Array)
#18 D:\\Users\\Raphael\\Desktop\\desafio_senai\\projects\\technology-solutions-api\\api\\vendor\\laravel\\framework\\src\\Illuminate\\Database\\Migrations\\Migrator.php(361): Illuminate\\Database\\Migrations\\Migrator->resetMigrations(Array, Array, false)
#19 D:\\Users\\Raphael\\Desktop\\desafio_senai\\projects\\technology-solutions-api\\api\\vendor\\laravel\\framework\\src\\Illuminate\\Database\\Console\\Migrations\\ResetCommand.php(71): Illuminate\\Database\\Migrations\\Migrator->reset(Array, false)
#20 D:\\Users\\Raphael\\Desktop\\desafio_senai\\projects\\technology-solutions-api\\api\\vendor\\laravel\\framework\\src\\Illuminate\\Database\\Migrations\\Migrator.php(658): Illuminate\\Database\\Console\\Migrations\\ResetCommand->Illuminate\\Database\\Console\\Migrations\\{closure}()
#21 D:\\Users\\Raphael\\Desktop\\desafio_senai\\projects\\technology-solutions-api\\api\\vendor\\laravel\\framework\\src\\Illuminate\\Database\\Console\\Migrations\\ResetCommand.php(63): Illuminate\\Database\\Migrations\\Migrator->usingConnection(NULL, Object(Closure))
#22 D:\\Users\\Raphael\\Desktop\\desafio_senai\\projects\\technology-solutions-api\\api\\vendor\\laravel\\framework\\src\\Illuminate\\Container\\BoundMethod.php(36): Illuminate\\Database\\Console\\Migrations\\ResetCommand->handle()
#23 D:\\Users\\Raphael\\Desktop\\desafio_senai\\projects\\technology-solutions-api\\api\\vendor\\laravel\\framework\\src\\Illuminate\\Container\\Util.php(43): Illuminate\\Container\\BoundMethod::Illuminate\\Container\\{closure}()
#24 D:\\Users\\Raphael\\Desktop\\desafio_senai\\projects\\technology-solutions-api\\api\\vendor\\laravel\\framework\\src\\Illuminate\\Container\\BoundMethod.php(95): Illuminate\\Container\\Util::unwrapIfClosure(Object(Closure))
#25 D:\\Users\\Raphael\\Desktop\\desafio_senai\\projects\\technology-solutions-api\\api\\vendor\\laravel\\framework\\src\\Illuminate\\Container\\BoundMethod.php(35): Illuminate\\Container\\BoundMethod::callBoundMethod(Object(Illuminate\\Foundation\\Application), Array, Object(Closure))
#26 D:\\Users\\Raphael\\Desktop\\desafio_senai\\projects\\technology-solutions-api\\api\\vendor\\laravel\\framework\\src\\Illuminate\\Container\\Container.php(754): Illuminate\\Container\\BoundMethod::call(Object(Illuminate\\Foundation\\Application), Array, Array, NULL)
#27 D:\\Users\\Raphael\\Desktop\\desafio_senai\\projects\\technology-solutions-api\\api\\vendor\\laravel\\framework\\src\\Illuminate\\Console\\Command.php(213): Illuminate\\Container\\Container->call(Array)
#28 D:\\Users\\Raphael\\Desktop\\desafio_senai\\projects\\technology-solutions-api\\api\\vendor\\symfony\\console\\Command\\Command.php(279): Illuminate\\Console\\Command->execute(Object(Symfony\\Component\\Console\\Input\\ArgvInput), Object(Illuminate\\Console\\OutputStyle))
#29 D:\\Users\\Raphael\\Desktop\\desafio_senai\\projects\\technology-solutions-api\\api\\vendor\\laravel\\framework\\src\\Illuminate\\Console\\Command.php(182): Symfony\\Component\\Console\\Command\\Command->run(Object(Symfony\\Component\\Console\\Input\\ArgvInput), Object(Illuminate\\Console\\OutputStyle))
#30 D:\\Users\\Raphael\\Desktop\\desafio_senai\\projects\\technology-solutions-api\\api\\vendor\\symfony\\console\\Application.php(1094): Illuminate\\Console\\Command->run(Object(Symfony\\Component\\Console\\Input\\ArgvInput), Object(Symfony\\Component\\Console\\Output\\ConsoleOutput))
#31 D:\\Users\\Raphael\\Desktop\\desafio_senai\\projects\\technology-solutions-api\\api\\vendor\\symfony\\console\\Application.php(342): Symfony\\Component\\Console\\Application->doRunCommand(Object(Illuminate\\Database\\Console\\Migrations\\ResetCommand), Object(Symfony\\Component\\Console\\Input\\ArgvInput), Object(Symfony\\Component\\Console\\Output\\ConsoleOutput))
#32 D:\\Users\\Raphael\\Desktop\\desafio_senai\\projects\\technology-solutions-api\\api\\vendor\\symfony\\console\\Application.php(193): Symfony\\Component\\Console\\Application->doRun(Object(Symfony\\Component\\Console\\Input\\ArgvInput), Object(Symfony\\Component\\Console\\Output\\ConsoleOutput))
#33 D:\\Users\\Raphael\\Desktop\\desafio_senai\\projects\\technology-solutions-api\\api\\vendor\\laravel\\framework\\src\\Illuminate\\Foundation\\Console\\Kernel.php(198): Symfony\\Component\\Console\\Application->run(Object(Symfony\\Component\\Console\\Input\\ArgvInput), Object(Symfony\\Component\\Console\\Output\\ConsoleOutput))
#34 D:\\Users\\Raphael\\Desktop\\desafio_senai\\projects\\technology-solutions-api\\api\\vendor\\laravel\\framework\\src\\Illuminate\\Foundation\\Application.php(1235): Illuminate\\Foundation\\Console\\Kernel->handle(Object(Symfony\\Component\\Console\\Input\\ArgvInput), Object(Symfony\\Component\\Console\\Output\\ConsoleOutput))
#35 D:\\Users\\Raphael\\Desktop\\desafio_senai\\projects\\technology-solutions-api\\api\\artisan(16): Illuminate\\Foundation\\Application->handleCommand(Object(Symfony\\Component\\Console\\Input\\ArgvInput))
#36 {main}
"} 
[2025-02-27 13:00:30] local.ERROR: Undefined variable $table {"exception":"[object] (ErrorException(code: 0): Undefined variable $table at D:\\Users\\Raphael\\Desktop\\desafio_senai\\projects\\technology-solutions-api\\api\\database\\migrations\\0001_01_01_000000_create_users_table.php:48)
[stacktrace]
#0 D:\\Users\\Raphael\\Desktop\\desafio_senai\\projects\\technology-solutions-api\\api\\vendor\\laravel\\framework\\src\\Illuminate\\Foundation\\Bootstrap\\HandleExceptions.php(256): Illuminate\\Foundation\\Bootstrap\\HandleExceptions->handleError(2, 'Undefined varia...', 'D:\\\\Users\\\\Raphae...', 48)
#1 D:\\Users\\Raphael\\Desktop\\desafio_senai\\projects\\technology-solutions-api\\api\\database\\migrations\\0001_01_01_000000_create_users_table.php(48): Illuminate\\Foundation\\Bootstrap\\HandleExceptions->Illuminate\\Foundation\\Bootstrap\\{closure}(2, 'Undefined varia...', 'D:\\\\Users\\\\Raphae...', 48)
#2 D:\\Users\\Raphael\\Desktop\\desafio_senai\\projects\\technology-solutions-api\\api\\vendor\\laravel\\framework\\src\\Illuminate\\Database\\Migrations\\Migrator.php(507): Illuminate\\Database\\Migrations\\Migration@anonymous->down()
#3 D:\\Users\\Raphael\\Desktop\\desafio_senai\\projects\\technology-solutions-api\\api\\vendor\\laravel\\framework\\src\\Illuminate\\Database\\Migrations\\Migrator.php(432): Illuminate\\Database\\Migrations\\Migrator->runMethod(Object(Illuminate\\Database\\MySqlConnection), Object(Illuminate\\Database\\Migrations\\Migration@anonymous), 'down')
#4 D:\\Users\\Raphael\\Desktop\\desafio_senai\\projects\\technology-solutions-api\\api\\vendor\\laravel\\framework\\src\\Illuminate\\Database\\Migrations\\Migrator.php(441): Illuminate\\Database\\Migrations\\Migrator->Illuminate\\Database\\Migrations\\{closure}()
#5 D:\\Users\\Raphael\\Desktop\\desafio_senai\\projects\\technology-solutions-api\\api\\vendor\\laravel\\framework\\src\\Illuminate\\Database\\Migrations\\Migrator.php(407): Illuminate\\Database\\Migrations\\Migrator->runMigration(Object(Illuminate\\Database\\Migrations\\Migration@anonymous), 'down')
#6 D:\\Users\\Raphael\\Desktop\\desafio_senai\\projects\\technology-solutions-api\\api\\vendor\\laravel\\framework\\src\\Illuminate\\Console\\View\\Components\\Task.php(40): Illuminate\\Database\\Migrations\\Migrator->Illuminate\\Database\\Migrations\\{closure}()
#7 D:\\Users\\Raphael\\Desktop\\desafio_senai\\projects\\technology-solutions-api\\api\\vendor\\laravel\\framework\\src\\Illuminate\\Database\\Migrations\\Migrator.php(798): Illuminate\\Console\\View\\Components\\Task->render('0001_01_01_0000...', Object(Closure))
#8 D:\\Users\\Raphael\\Desktop\\desafio_senai\\projects\\technology-solutions-api\\api\\vendor\\laravel\\framework\\src\\Illuminate\\Database\\Migrations\\Migrator.php(407): Illuminate\\Database\\Migrations\\Migrator->write('Illuminate\\\\Cons...', '0001_01_01_0000...', Object(Closure))
#9 D:\\Users\\Raphael\\Desktop\\desafio_senai\\projects\\technology-solutions-api\\api\\vendor\\laravel\\framework\\src\\Illuminate\\Database\\Migrations\\Migrator.php(330): Illuminate\\Database\\Migrations\\Migrator->runDown('D:\\\\Users\\\\Raphae...', Object(stdClass), false)
#10 D:\\Users\\Raphael\\Desktop\\desafio_senai\\projects\\technology-solutions-api\\api\\vendor\\laravel\\framework\\src\\Illuminate\\Database\\Migrations\\Migrator.php(381): Illuminate\\Database\\Migrations\\Migrator->rollbackMigrations(Array, Array, Array)
#11 D:\\Users\\Raphael\\Desktop\\desafio_senai\\projects\\technology-solutions-api\\api\\vendor\\laravel\\framework\\src\\Illuminate\\Database\\Migrations\\Migrator.php(361): Illuminate\\Database\\Migrations\\Migrator->resetMigrations(Array, Array, false)
#12 D:\\Users\\Raphael\\Desktop\\desafio_senai\\projects\\technology-solutions-api\\api\\vendor\\laravel\\framework\\src\\Illuminate\\Database\\Console\\Migrations\\ResetCommand.php(71): Illuminate\\Database\\Migrations\\Migrator->reset(Array, false)
#13 D:\\Users\\Raphael\\Desktop\\desafio_senai\\projects\\technology-solutions-api\\api\\vendor\\laravel\\framework\\src\\Illuminate\\Database\\Migrations\\Migrator.php(658): Illuminate\\Database\\Console\\Migrations\\ResetCommand->Illuminate\\Database\\Console\\Migrations\\{closure}()
#14 D:\\Users\\Raphael\\Desktop\\desafio_senai\\projects\\technology-solutions-api\\api\\vendor\\laravel\\framework\\src\\Illuminate\\Database\\Console\\Migrations\\ResetCommand.php(63): Illuminate\\Database\\Migrations\\Migrator->usingConnection(NULL, Object(Closure))
#15 D:\\Users\\Raphael\\Desktop\\desafio_senai\\projects\\technology-solutions-api\\api\\vendor\\laravel\\framework\\src\\Illuminate\\Container\\BoundMethod.php(36): Illuminate\\Database\\Console\\Migrations\\ResetCommand->handle()
#16 D:\\Users\\Raphael\\Desktop\\desafio_senai\\projects\\technology-solutions-api\\api\\vendor\\laravel\\framework\\src\\Illuminate\\Container\\Util.php(43): Illuminate\\Container\\BoundMethod::Illuminate\\Container\\{closure}()
#17 D:\\Users\\Raphael\\Desktop\\desafio_senai\\projects\\technology-solutions-api\\api\\vendor\\laravel\\framework\\src\\Illuminate\\Container\\BoundMethod.php(95): Illuminate\\Container\\Util::unwrapIfClosure(Object(Closure))
#18 D:\\Users\\Raphael\\Desktop\\desafio_senai\\projects\\technology-solutions-api\\api\\vendor\\laravel\\framework\\src\\Illuminate\\Container\\BoundMethod.php(35): Illuminate\\Container\\BoundMethod::callBoundMethod(Object(Illuminate\\Foundation\\Application), Array, Object(Closure))
#19 D:\\Users\\Raphael\\Desktop\\desafio_senai\\projects\\technology-solutions-api\\api\\vendor\\laravel\\framework\\src\\Illuminate\\Container\\Container.php(754): Illuminate\\Container\\BoundMethod::call(Object(Illuminate\\Foundation\\Application), Array, Array, NULL)
#20 D:\\Users\\Raphael\\Desktop\\desafio_senai\\projects\\technology-solutions-api\\api\\vendor\\laravel\\framework\\src\\Illuminate\\Console\\Command.php(213): Illuminate\\Container\\Container->call(Array)
#21 D:\\Users\\Raphael\\Desktop\\desafio_senai\\projects\\technology-solutions-api\\api\\vendor\\symfony\\console\\Command\\Command.php(279): Illuminate\\Console\\Command->execute(Object(Symfony\\Component\\Console\\Input\\ArgvInput), Object(Illuminate\\Console\\OutputStyle))
#22 D:\\Users\\Raphael\\Desktop\\desafio_senai\\projects\\technology-solutions-api\\api\\vendor\\laravel\\framework\\src\\Illuminate\\Console\\Command.php(182): Symfony\\Component\\Console\\Command\\Command->run(Object(Symfony\\Component\\Console\\Input\\ArgvInput), Object(Illuminate\\Console\\OutputStyle))
#23 D:\\Users\\Raphael\\Desktop\\desafio_senai\\projects\\technology-solutions-api\\api\\vendor\\symfony\\console\\Application.php(1094): Illuminate\\Console\\Command->run(Object(Symfony\\Component\\Console\\Input\\ArgvInput), Object(Symfony\\Component\\Console\\Output\\ConsoleOutput))
#24 D:\\Users\\Raphael\\Desktop\\desafio_senai\\projects\\technology-solutions-api\\api\\vendor\\symfony\\console\\Application.php(342): Symfony\\Component\\Console\\Application->doRunCommand(Object(Illuminate\\Database\\Console\\Migrations\\ResetCommand), Object(Symfony\\Component\\Console\\Input\\ArgvInput), Object(Symfony\\Component\\Console\\Output\\ConsoleOutput))
#25 D:\\Users\\Raphael\\Desktop\\desafio_senai\\projects\\technology-solutions-api\\api\\vendor\\symfony\\console\\Application.php(193): Symfony\\Component\\Console\\Application->doRun(Object(Symfony\\Component\\Console\\Input\\ArgvInput), Object(Symfony\\Component\\Console\\Output\\ConsoleOutput))
#26 D:\\Users\\Raphael\\Desktop\\desafio_senai\\projects\\technology-solutions-api\\api\\vendor\\laravel\\framework\\src\\Illuminate\\Foundation\\Console\\Kernel.php(198): Symfony\\Component\\Console\\Application->run(Object(Symfony\\Component\\Console\\Input\\ArgvInput), Object(Symfony\\Component\\Console\\Output\\ConsoleOutput))
#27 D:\\Users\\Raphael\\Desktop\\desafio_senai\\projects\\technology-solutions-api\\api\\vendor\\laravel\\framework\\src\\Illuminate\\Foundation\\Application.php(1235): Illuminate\\Foundation\\Console\\Kernel->handle(Object(Symfony\\Component\\Console\\Input\\ArgvInput), Object(Symfony\\Component\\Console\\Output\\ConsoleOutput))
#28 D:\\Users\\Raphael\\Desktop\\desafio_senai\\projects\\technology-solutions-api\\api\\artisan(16): Illuminate\\Foundation\\Application->handleCommand(Object(Symfony\\Component\\Console\\Input\\ArgvInput))
#29 {main}
"} 
[2025-02-27 13:01:06] local.ERROR: Undefined variable $table {"exception":"[object] (ErrorException(code: 0): Undefined variable $table at D:\\Users\\Raphael\\Desktop\\desafio_senai\\projects\\technology-solutions-api\\api\\database\\migrations\\0001_01_01_000000_create_users_table.php:48)
[stacktrace]
#0 D:\\Users\\Raphael\\Desktop\\desafio_senai\\projects\\technology-solutions-api\\api\\vendor\\laravel\\framework\\src\\Illuminate\\Foundation\\Bootstrap\\HandleExceptions.php(256): Illuminate\\Foundation\\Bootstrap\\HandleExceptions->handleError(2, 'Undefined varia...', 'D:\\\\Users\\\\Raphae...', 48)
#1 D:\\Users\\Raphael\\Desktop\\desafio_senai\\projects\\technology-solutions-api\\api\\database\\migrations\\0001_01_01_000000_create_users_table.php(48): Illuminate\\Foundation\\Bootstrap\\HandleExceptions->Illuminate\\Foundation\\Bootstrap\\{closure}(2, 'Undefined varia...', 'D:\\\\Users\\\\Raphae...', 48)
#2 D:\\Users\\Raphael\\Desktop\\desafio_senai\\projects\\technology-solutions-api\\api\\vendor\\laravel\\framework\\src\\Illuminate\\Database\\Migrations\\Migrator.php(507): Illuminate\\Database\\Migrations\\Migration@anonymous->down()
#3 D:\\Users\\Raphael\\Desktop\\desafio_senai\\projects\\technology-solutions-api\\api\\vendor\\laravel\\framework\\src\\Illuminate\\Database\\Migrations\\Migrator.php(432): Illuminate\\Database\\Migrations\\Migrator->runMethod(Object(Illuminate\\Database\\MySqlConnection), Object(Illuminate\\Database\\Migrations\\Migration@anonymous), 'down')
#4 D:\\Users\\Raphael\\Desktop\\desafio_senai\\projects\\technology-solutions-api\\api\\vendor\\laravel\\framework\\src\\Illuminate\\Database\\Migrations\\Migrator.php(441): Illuminate\\Database\\Migrations\\Migrator->Illuminate\\Database\\Migrations\\{closure}()
#5 D:\\Users\\Raphael\\Desktop\\desafio_senai\\projects\\technology-solutions-api\\api\\vendor\\laravel\\framework\\src\\Illuminate\\Database\\Migrations\\Migrator.php(407): Illuminate\\Database\\Migrations\\Migrator->runMigration(Object(Illuminate\\Database\\Migrations\\Migration@anonymous), 'down')
#6 D:\\Users\\Raphael\\Desktop\\desafio_senai\\projects\\technology-solutions-api\\api\\vendor\\laravel\\framework\\src\\Illuminate\\Console\\View\\Components\\Task.php(40): Illuminate\\Database\\Migrations\\Migrator->Illuminate\\Database\\Migrations\\{closure}()
#7 D:\\Users\\Raphael\\Desktop\\desafio_senai\\projects\\technology-solutions-api\\api\\vendor\\laravel\\framework\\src\\Illuminate\\Database\\Migrations\\Migrator.php(798): Illuminate\\Console\\View\\Components\\Task->render('0001_01_01_0000...', Object(Closure))
#8 D:\\Users\\Raphael\\Desktop\\desafio_senai\\projects\\technology-solutions-api\\api\\vendor\\laravel\\framework\\src\\Illuminate\\Database\\Migrations\\Migrator.php(407): Illuminate\\Database\\Migrations\\Migrator->write('Illuminate\\\\Cons...', '0001_01_01_0000...', Object(Closure))
#9 D:\\Users\\Raphael\\Desktop\\desafio_senai\\projects\\technology-solutions-api\\api\\vendor\\laravel\\framework\\src\\Illuminate\\Database\\Migrations\\Migrator.php(330): Illuminate\\Database\\Migrations\\Migrator->runDown('D:\\\\Users\\\\Raphae...', Object(stdClass), false)
#10 D:\\Users\\Raphael\\Desktop\\desafio_senai\\projects\\technology-solutions-api\\api\\vendor\\laravel\\framework\\src\\Illuminate\\Database\\Migrations\\Migrator.php(381): Illuminate\\Database\\Migrations\\Migrator->rollbackMigrations(Array, Array, Array)
#11 D:\\Users\\Raphael\\Desktop\\desafio_senai\\projects\\technology-solutions-api\\api\\vendor\\laravel\\framework\\src\\Illuminate\\Database\\Migrations\\Migrator.php(361): Illuminate\\Database\\Migrations\\Migrator->resetMigrations(Array, Array, false)
#12 D:\\Users\\Raphael\\Desktop\\desafio_senai\\projects\\technology-solutions-api\\api\\vendor\\laravel\\framework\\src\\Illuminate\\Database\\Console\\Migrations\\ResetCommand.php(71): Illuminate\\Database\\Migrations\\Migrator->reset(Array, false)
#13 D:\\Users\\Raphael\\Desktop\\desafio_senai\\projects\\technology-solutions-api\\api\\vendor\\laravel\\framework\\src\\Illuminate\\Database\\Migrations\\Migrator.php(658): Illuminate\\Database\\Console\\Migrations\\ResetCommand->Illuminate\\Database\\Console\\Migrations\\{closure}()
#14 D:\\Users\\Raphael\\Desktop\\desafio_senai\\projects\\technology-solutions-api\\api\\vendor\\laravel\\framework\\src\\Illuminate\\Database\\Console\\Migrations\\ResetCommand.php(63): Illuminate\\Database\\Migrations\\Migrator->usingConnection(NULL, Object(Closure))
#15 D:\\Users\\Raphael\\Desktop\\desafio_senai\\projects\\technology-solutions-api\\api\\vendor\\laravel\\framework\\src\\Illuminate\\Container\\BoundMethod.php(36): Illuminate\\Database\\Console\\Migrations\\ResetCommand->handle()
#16 D:\\Users\\Raphael\\Desktop\\desafio_senai\\projects\\technology-solutions-api\\api\\vendor\\laravel\\framework\\src\\Illuminate\\Container\\Util.php(43): Illuminate\\Container\\BoundMethod::Illuminate\\Container\\{closure}()
#17 D:\\Users\\Raphael\\Desktop\\desafio_senai\\projects\\technology-solutions-api\\api\\vendor\\laravel\\framework\\src\\Illuminate\\Container\\BoundMethod.php(95): Illuminate\\Container\\Util::unwrapIfClosure(Object(Closure))
#18 D:\\Users\\Raphael\\Desktop\\desafio_senai\\projects\\technology-solutions-api\\api\\vendor\\laravel\\framework\\src\\Illuminate\\Container\\BoundMethod.php(35): Illuminate\\Container\\BoundMethod::callBoundMethod(Object(Illuminate\\Foundation\\Application), Array, Object(Closure))
#19 D:\\Users\\Raphael\\Desktop\\desafio_senai\\projects\\technology-solutions-api\\api\\vendor\\laravel\\framework\\src\\Illuminate\\Container\\Container.php(754): Illuminate\\Container\\BoundMethod::call(Object(Illuminate\\Foundation\\Application), Array, Array, NULL)
#20 D:\\Users\\Raphael\\Desktop\\desafio_senai\\projects\\technology-solutions-api\\api\\vendor\\laravel\\framework\\src\\Illuminate\\Console\\Command.php(213): Illuminate\\Container\\Container->call(Array)
#21 D:\\Users\\Raphael\\Desktop\\desafio_senai\\projects\\technology-solutions-api\\api\\vendor\\symfony\\console\\Command\\Command.php(279): Illuminate\\Console\\Command->execute(Object(Symfony\\Component\\Console\\Input\\ArgvInput), Object(Illuminate\\Console\\OutputStyle))
#22 D:\\Users\\Raphael\\Desktop\\desafio_senai\\projects\\technology-solutions-api\\api\\vendor\\laravel\\framework\\src\\Illuminate\\Console\\Command.php(182): Symfony\\Component\\Console\\Command\\Command->run(Object(Symfony\\Component\\Console\\Input\\ArgvInput), Object(Illuminate\\Console\\OutputStyle))
#23 D:\\Users\\Raphael\\Desktop\\desafio_senai\\projects\\technology-solutions-api\\api\\vendor\\symfony\\console\\Application.php(1094): Illuminate\\Console\\Command->run(Object(Symfony\\Component\\Console\\Input\\ArgvInput), Object(Symfony\\Component\\Console\\Output\\ConsoleOutput))
#24 D:\\Users\\Raphael\\Desktop\\desafio_senai\\projects\\technology-solutions-api\\api\\vendor\\symfony\\console\\Application.php(342): Symfony\\Component\\Console\\Application->doRunCommand(Object(Illuminate\\Database\\Console\\Migrations\\ResetCommand), Object(Symfony\\Component\\Console\\Input\\ArgvInput), Object(Symfony\\Component\\Console\\Output\\ConsoleOutput))
#25 D:\\Users\\Raphael\\Desktop\\desafio_senai\\projects\\technology-solutions-api\\api\\vendor\\symfony\\console\\Application.php(193): Symfony\\Component\\Console\\Application->doRun(Object(Symfony\\Component\\Console\\Input\\ArgvInput), Object(Symfony\\Component\\Console\\Output\\ConsoleOutput))
#26 D:\\Users\\Raphael\\Desktop\\desafio_senai\\projects\\technology-solutions-api\\api\\vendor\\laravel\\framework\\src\\Illuminate\\Foundation\\Console\\Kernel.php(198): Symfony\\Component\\Console\\Application->run(Object(Symfony\\Component\\Console\\Input\\ArgvInput), Object(Symfony\\Component\\Console\\Output\\ConsoleOutput))
#27 D:\\Users\\Raphael\\Desktop\\desafio_senai\\projects\\technology-solutions-api\\api\\vendor\\laravel\\framework\\src\\Illuminate\\Foundation\\Application.php(1235): Illuminate\\Foundation\\Console\\Kernel->handle(Object(Symfony\\Component\\Console\\Input\\ArgvInput), Object(Symfony\\Component\\Console\\Output\\ConsoleOutput))
#28 D:\\Users\\Raphael\\Desktop\\desafio_senai\\projects\\technology-solutions-api\\api\\artisan(16): Illuminate\\Foundation\\Application->handleCommand(Object(Symfony\\Component\\Console\\Input\\ArgvInput))
#29 {main}
"} 
[2025-02-27 13:04:50] local.ERROR: SQLSTATE[HY000]: General error: 1005 Can't create table `technology_solutions_db`.`telefones` (errno: 150 "Foreign key constraint is incorrectly formed") (Connection: mysql, SQL: alter table `telefones` add constraint `telefones_user_id_foreign` foreign key (`user_id`) references `users` (`id`) on delete cascade) {"exception":"[object] (Illuminate\\Database\\QueryException(code: HY000): SQLSTATE[HY000]: General error: 1005 Can't create table `technology_solutions_db`.`telefones` (errno: 150 \"Foreign key constraint is incorrectly formed\") (Connection: mysql, SQL: alter table `telefones` add constraint `telefones_user_id_foreign` foreign key (`user_id`) references `users` (`id`) on delete cascade) at D:\\Users\\Raphael\\Desktop\\desafio_senai\\projects\\technology-solutions-api\\api\\vendor\\laravel\\framework\\src\\Illuminate\\Database\\Connection.php:823)
[stacktrace]
#0 D:\\Users\\Raphael\\Desktop\\desafio_senai\\projects\\technology-solutions-api\\api\\vendor\\laravel\\framework\\src\\Illuminate\\Database\\Connection.php(777): Illuminate\\Database\\Connection->runQueryCallback('alter table `te...', Array, Object(Closure))
#1 D:\\Users\\Raphael\\Desktop\\desafio_senai\\projects\\technology-solutions-api\\api\\vendor\\laravel\\framework\\src\\Illuminate\\Database\\Connection.php(558): Illuminate\\Database\\Connection->run('alter table `te...', Array, Object(Closure))
#2 D:\\Users\\Raphael\\Desktop\\desafio_senai\\projects\\technology-solutions-api\\api\\vendor\\laravel\\framework\\src\\Illuminate\\Database\\Schema\\Blueprint.php(120): Illuminate\\Database\\Connection->statement('alter table `te...')
#3 D:\\Users\\Raphael\\Desktop\\desafio_senai\\projects\\technology-solutions-api\\api\\vendor\\laravel\\framework\\src\\Illuminate\\Database\\Schema\\Builder.php(619): Illuminate\\Database\\Schema\\Blueprint->build()
#4 D:\\Users\\Raphael\\Desktop\\desafio_senai\\projects\\technology-solutions-api\\api\\vendor\\laravel\\framework\\src\\Illuminate\\Database\\Schema\\Builder.php(473): Illuminate\\Database\\Schema\\Builder->build(Object(Illuminate\\Database\\Schema\\Blueprint))
#5 D:\\Users\\Raphael\\Desktop\\desafio_senai\\projects\\technology-solutions-api\\api\\vendor\\laravel\\framework\\src\\Illuminate\\Support\\Facades\\Facade.php(361): Illuminate\\Database\\Schema\\Builder->create('telefones', Object(Closure))
#6 D:\\Users\\Raphael\\Desktop\\desafio_senai\\projects\\technology-solutions-api\\api\\database\\migrations\\2025_02_27_120844_create_telefones.php(15): Illuminate\\Support\\Facades\\Facade::__callStatic('create', Array)
#7 D:\\Users\\Raphael\\Desktop\\desafio_senai\\projects\\technology-solutions-api\\api\\vendor\\laravel\\framework\\src\\Illuminate\\Database\\Migrations\\Migrator.php(507): Illuminate\\Database\\Migrations\\Migration@anonymous->up()
#8 D:\\Users\\Raphael\\Desktop\\desafio_senai\\projects\\technology-solutions-api\\api\\vendor\\laravel\\framework\\src\\Illuminate\\Database\\Migrations\\Migrator.php(432): Illuminate\\Database\\Migrations\\Migrator->runMethod(Object(Illuminate\\Database\\MySqlConnection), Object(Illuminate\\Database\\Migrations\\Migration@anonymous), 'up')
#9 D:\\Users\\Raphael\\Desktop\\desafio_senai\\projects\\technology-solutions-api\\api\\vendor\\laravel\\framework\\src\\Illuminate\\Database\\Migrations\\Migrator.php(441): Illuminate\\Database\\Migrations\\Migrator->Illuminate\\Database\\Migrations\\{closure}()
#10 D:\\Users\\Raphael\\Desktop\\desafio_senai\\projects\\technology-solutions-api\\api\\vendor\\laravel\\framework\\src\\Illuminate\\Database\\Migrations\\Migrator.php(244): Illuminate\\Database\\Migrations\\Migrator->runMigration(Object(Illuminate\\Database\\Migrations\\Migration@anonymous), 'up')
#11 D:\\Users\\Raphael\\Desktop\\desafio_senai\\projects\\technology-solutions-api\\api\\vendor\\laravel\\framework\\src\\Illuminate\\Console\\View\\Components\\Task.php(40): Illuminate\\Database\\Migrations\\Migrator->Illuminate\\Database\\Migrations\\{closure}()
#12 D:\\Users\\Raphael\\Desktop\\desafio_senai\\projects\\technology-solutions-api\\api\\vendor\\laravel\\framework\\src\\Illuminate\\Database\\Migrations\\Migrator.php(798): Illuminate\\Console\\View\\Components\\Task->render('2025_02_27_1208...', Object(Closure))
#13 D:\\Users\\Raphael\\Desktop\\desafio_senai\\projects\\technology-solutions-api\\api\\vendor\\laravel\\framework\\src\\Illuminate\\Database\\Migrations\\Migrator.php(244): Illuminate\\Database\\Migrations\\Migrator->write('Illuminate\\\\Cons...', '2025_02_27_1208...', Object(Closure))
#14 D:\\Users\\Raphael\\Desktop\\desafio_senai\\projects\\technology-solutions-api\\api\\vendor\\laravel\\framework\\src\\Illuminate\\Database\\Migrations\\Migrator.php(211): Illuminate\\Database\\Migrations\\Migrator->runUp('D:\\\\Users\\\\Raphae...', 2, false)
#15 D:\\Users\\Raphael\\Desktop\\desafio_senai\\projects\\technology-solutions-api\\api\\vendor\\laravel\\framework\\src\\Illuminate\\Database\\Migrations\\Migrator.php(138): Illuminate\\Database\\Migrations\\Migrator->runPending(Array, Array)
#16 D:\\Users\\Raphael\\Desktop\\desafio_senai\\projects\\technology-solutions-api\\api\\vendor\\laravel\\framework\\src\\Illuminate\\Database\\Console\\Migrations\\MigrateCommand.php(117): Illuminate\\Database\\Migrations\\Migrator->run(Array, Array)
#17 D:\\Users\\Raphael\\Desktop\\desafio_senai\\projects\\technology-solutions-api\\api\\vendor\\laravel\\framework\\src\\Illuminate\\Database\\Migrations\\Migrator.php(658): Illuminate\\Database\\Console\\Migrations\\MigrateCommand->Illuminate\\Database\\Console\\Migrations\\{closure}()
#18 D:\\Users\\Raphael\\Desktop\\desafio_senai\\projects\\technology-solutions-api\\api\\vendor\\laravel\\framework\\src\\Illuminate\\Database\\Console\\Migrations\\MigrateCommand.php(110): Illuminate\\Database\\Migrations\\Migrator->usingConnection(NULL, Object(Closure))
#19 D:\\Users\\Raphael\\Desktop\\desafio_senai\\projects\\technology-solutions-api\\api\\vendor\\laravel\\framework\\src\\Illuminate\\Database\\Console\\Migrations\\MigrateCommand.php(89): Illuminate\\Database\\Console\\Migrations\\MigrateCommand->runMigrations()
#20 D:\\Users\\Raphael\\Desktop\\desafio_senai\\projects\\technology-solutions-api\\api\\vendor\\laravel\\framework\\src\\Illuminate\\Container\\BoundMethod.php(36): Illuminate\\Database\\Console\\Migrations\\MigrateCommand->handle()
#21 D:\\Users\\Raphael\\Desktop\\desafio_senai\\projects\\technology-solutions-api\\api\\vendor\\laravel\\framework\\src\\Illuminate\\Container\\Util.php(43): Illuminate\\Container\\BoundMethod::Illuminate\\Container\\{closure}()
#22 D:\\Users\\Raphael\\Desktop\\desafio_senai\\projects\\technology-solutions-api\\api\\vendor\\laravel\\framework\\src\\Illuminate\\Container\\BoundMethod.php(95): Illuminate\\Container\\Util::unwrapIfClosure(Object(Closure))
#23 D:\\Users\\Raphael\\Desktop\\desafio_senai\\projects\\technology-solutions-api\\api\\vendor\\laravel\\framework\\src\\Illuminate\\Container\\BoundMethod.php(35): Illuminate\\Container\\BoundMethod::callBoundMethod(Object(Illuminate\\Foundation\\Application), Array, Object(Closure))
#24 D:\\Users\\Raphael\\Desktop\\desafio_senai\\projects\\technology-solutions-api\\api\\vendor\\laravel\\framework\\src\\Illuminate\\Container\\Container.php(754): Illuminate\\Container\\BoundMethod::call(Object(Illuminate\\Foundation\\Application), Array, Array, NULL)
#25 D:\\Users\\Raphael\\Desktop\\desafio_senai\\projects\\technology-solutions-api\\api\\vendor\\laravel\\framework\\src\\Illuminate\\Console\\Command.php(213): Illuminate\\Container\\Container->call(Array)
#26 D:\\Users\\Raphael\\Desktop\\desafio_senai\\projects\\technology-solutions-api\\api\\vendor\\symfony\\console\\Command\\Command.php(279): Illuminate\\Console\\Command->execute(Object(Symfony\\Component\\Console\\Input\\ArgvInput), Object(Illuminate\\Console\\OutputStyle))
#27 D:\\Users\\Raphael\\Desktop\\desafio_senai\\projects\\technology-solutions-api\\api\\vendor\\laravel\\framework\\src\\Illuminate\\Console\\Command.php(182): Symfony\\Component\\Console\\Command\\Command->run(Object(Symfony\\Component\\Console\\Input\\ArgvInput), Object(Illuminate\\Console\\OutputStyle))
#28 D:\\Users\\Raphael\\Desktop\\desafio_senai\\projects\\technology-solutions-api\\api\\vendor\\symfony\\console\\Application.php(1094): Illuminate\\Console\\Command->run(Object(Symfony\\Component\\Console\\Input\\ArgvInput), Object(Symfony\\Component\\Console\\Output\\ConsoleOutput))
#29 D:\\Users\\Raphael\\Desktop\\desafio_senai\\projects\\technology-solutions-api\\api\\vendor\\symfony\\console\\Application.php(342): Symfony\\Component\\Console\\Application->doRunCommand(Object(Illuminate\\Database\\Console\\Migrations\\MigrateCommand), Object(Symfony\\Component\\Console\\Input\\ArgvInput), Object(Symfony\\Component\\Console\\Output\\ConsoleOutput))
#30 D:\\Users\\Raphael\\Desktop\\desafio_senai\\projects\\technology-solutions-api\\api\\vendor\\symfony\\console\\Application.php(193): Symfony\\Component\\Console\\Application->doRun(Object(Symfony\\Component\\Console\\Input\\ArgvInput), Object(Symfony\\Component\\Console\\Output\\ConsoleOutput))
#31 D:\\Users\\Raphael\\Desktop\\desafio_senai\\projects\\technology-solutions-api\\api\\vendor\\laravel\\framework\\src\\Illuminate\\Foundation\\Console\\Kernel.php(198): Symfony\\Component\\Console\\Application->run(Object(Symfony\\Component\\Console\\Input\\ArgvInput), Object(Symfony\\Component\\Console\\Output\\ConsoleOutput))
#32 D:\\Users\\Raphael\\Desktop\\desafio_senai\\projects\\technology-solutions-api\\api\\vendor\\laravel\\framework\\src\\Illuminate\\Foundation\\Application.php(1235): Illuminate\\Foundation\\Console\\Kernel->handle(Object(Symfony\\Component\\Console\\Input\\ArgvInput), Object(Symfony\\Component\\Console\\Output\\ConsoleOutput))
#33 D:\\Users\\Raphael\\Desktop\\desafio_senai\\projects\\technology-solutions-api\\api\\artisan(16): Illuminate\\Foundation\\Application->handleCommand(Object(Symfony\\Component\\Console\\Input\\ArgvInput))
#34 {main}

[previous exception] [object] (PDOException(code: HY000): SQLSTATE[HY000]: General error: 1005 Can't create table `technology_solutions_db`.`telefones` (errno: 150 \"Foreign key constraint is incorrectly formed\") at D:\\Users\\Raphael\\Desktop\\desafio_senai\\projects\\technology-solutions-api\\api\\vendor\\laravel\\framework\\src\\Illuminate\\Database\\Connection.php:569)
[stacktrace]
#0 D:\\Users\\Raphael\\Desktop\\desafio_senai\\projects\\technology-solutions-api\\api\\vendor\\laravel\\framework\\src\\Illuminate\\Database\\Connection.php(569): PDOStatement->execute()
#1 D:\\Users\\Raphael\\Desktop\\desafio_senai\\projects\\technology-solutions-api\\api\\vendor\\laravel\\framework\\src\\Illuminate\\Database\\Connection.php(810): Illuminate\\Database\\Connection->Illuminate\\Database\\{closure}('alter table `te...', Array)
#2 D:\\Users\\Raphael\\Desktop\\desafio_senai\\projects\\technology-solutions-api\\api\\vendor\\laravel\\framework\\src\\Illuminate\\Database\\Connection.php(777): Illuminate\\Database\\Connection->runQueryCallback('alter table `te...', Array, Object(Closure))
#3 D:\\Users\\Raphael\\Desktop\\desafio_senai\\projects\\technology-solutions-api\\api\\vendor\\laravel\\framework\\src\\Illuminate\\Database\\Connection.php(558): Illuminate\\Database\\Connection->run('alter table `te...', Array, Object(Closure))
#4 D:\\Users\\Raphael\\Desktop\\desafio_senai\\projects\\technology-solutions-api\\api\\vendor\\laravel\\framework\\src\\Illuminate\\Database\\Schema\\Blueprint.php(120): Illuminate\\Database\\Connection->statement('alter table `te...')
#5 D:\\Users\\Raphael\\Desktop\\desafio_senai\\projects\\technology-solutions-api\\api\\vendor\\laravel\\framework\\src\\Illuminate\\Database\\Schema\\Builder.php(619): Illuminate\\Database\\Schema\\Blueprint->build()
#6 D:\\Users\\Raphael\\Desktop\\desafio_senai\\projects\\technology-solutions-api\\api\\vendor\\laravel\\framework\\src\\Illuminate\\Database\\Schema\\Builder.php(473): Illuminate\\Database\\Schema\\Builder->build(Object(Illuminate\\Database\\Schema\\Blueprint))
#7 D:\\Users\\Raphael\\Desktop\\desafio_senai\\projects\\technology-solutions-api\\api\\vendor\\laravel\\framework\\src\\Illuminate\\Support\\Facades\\Facade.php(361): Illuminate\\Database\\Schema\\Builder->create('telefones', Object(Closure))
#8 D:\\Users\\Raphael\\Desktop\\desafio_senai\\projects\\technology-solutions-api\\api\\database\\migrations\\2025_02_27_120844_create_telefones.php(15): Illuminate\\Support\\Facades\\Facade::__callStatic('create', Array)
#9 D:\\Users\\Raphael\\Desktop\\desafio_senai\\projects\\technology-solutions-api\\api\\vendor\\laravel\\framework\\src\\Illuminate\\Database\\Migrations\\Migrator.php(507): Illuminate\\Database\\Migrations\\Migration@anonymous->up()
#10 D:\\Users\\Raphael\\Desktop\\desafio_senai\\projects\\technology-solutions-api\\api\\vendor\\laravel\\framework\\src\\Illuminate\\Database\\Migrations\\Migrator.php(432): Illuminate\\Database\\Migrations\\Migrator->runMethod(Object(Illuminate\\Database\\MySqlConnection), Object(Illuminate\\Database\\Migrations\\Migration@anonymous), 'up')
#11 D:\\Users\\Raphael\\Desktop\\desafio_senai\\projects\\technology-solutions-api\\api\\vendor\\laravel\\framework\\src\\Illuminate\\Database\\Migrations\\Migrator.php(441): Illuminate\\Database\\Migrations\\Migrator->Illuminate\\Database\\Migrations\\{closure}()
#12 D:\\Users\\Raphael\\Desktop\\desafio_senai\\projects\\technology-solutions-api\\api\\vendor\\laravel\\framework\\src\\Illuminate\\Database\\Migrations\\Migrator.php(244): Illuminate\\Database\\Migrations\\Migrator->runMigration(Object(Illuminate\\Database\\Migrations\\Migration@anonymous), 'up')
#13 D:\\Users\\Raphael\\Desktop\\desafio_senai\\projects\\technology-solutions-api\\api\\vendor\\laravel\\framework\\src\\Illuminate\\Console\\View\\Components\\Task.php(40): Illuminate\\Database\\Migrations\\Migrator->Illuminate\\Database\\Migrations\\{closure}()
#14 D:\\Users\\Raphael\\Desktop\\desafio_senai\\projects\\technology-solutions-api\\api\\vendor\\laravel\\framework\\src\\Illuminate\\Database\\Migrations\\Migrator.php(798): Illuminate\\Console\\View\\Components\\Task->render('2025_02_27_1208...', Object(Closure))
#15 D:\\Users\\Raphael\\Desktop\\desafio_senai\\projects\\technology-solutions-api\\api\\vendor\\laravel\\framework\\src\\Illuminate\\Database\\Migrations\\Migrator.php(244): Illuminate\\Database\\Migrations\\Migrator->write('Illuminate\\\\Cons...', '2025_02_27_1208...', Object(Closure))
#16 D:\\Users\\Raphael\\Desktop\\desafio_senai\\projects\\technology-solutions-api\\api\\vendor\\laravel\\framework\\src\\Illuminate\\Database\\Migrations\\Migrator.php(211): Illuminate\\Database\\Migrations\\Migrator->runUp('D:\\\\Users\\\\Raphae...', 2, false)
#17 D:\\Users\\Raphael\\Desktop\\desafio_senai\\projects\\technology-solutions-api\\api\\vendor\\laravel\\framework\\src\\Illuminate\\Database\\Migrations\\Migrator.php(138): Illuminate\\Database\\Migrations\\Migrator->runPending(Array, Array)
#18 D:\\Users\\Raphael\\Desktop\\desafio_senai\\projects\\technology-solutions-api\\api\\vendor\\laravel\\framework\\src\\Illuminate\\Database\\Console\\Migrations\\MigrateCommand.php(117): Illuminate\\Database\\Migrations\\Migrator->run(Array, Array)
#19 D:\\Users\\Raphael\\Desktop\\desafio_senai\\projects\\technology-solutions-api\\api\\vendor\\laravel\\framework\\src\\Illuminate\\Database\\Migrations\\Migrator.php(658): Illuminate\\Database\\Console\\Migrations\\MigrateCommand->Illuminate\\Database\\Console\\Migrations\\{closure}()
#20 D:\\Users\\Raphael\\Desktop\\desafio_senai\\projects\\technology-solutions-api\\api\\vendor\\laravel\\framework\\src\\Illuminate\\Database\\Console\\Migrations\\MigrateCommand.php(110): Illuminate\\Database\\Migrations\\Migrator->usingConnection(NULL, Object(Closure))
#21 D:\\Users\\Raphael\\Desktop\\desafio_senai\\projects\\technology-solutions-api\\api\\vendor\\laravel\\framework\\src\\Illuminate\\Database\\Console\\Migrations\\MigrateCommand.php(89): Illuminate\\Database\\Console\\Migrations\\MigrateCommand->runMigrations()
#22 D:\\Users\\Raphael\\Desktop\\desafio_senai\\projects\\technology-solutions-api\\api\\vendor\\laravel\\framework\\src\\Illuminate\\Container\\BoundMethod.php(36): Illuminate\\Database\\Console\\Migrations\\MigrateCommand->handle()
#23 D:\\Users\\Raphael\\Desktop\\desafio_senai\\projects\\technology-solutions-api\\api\\vendor\\laravel\\framework\\src\\Illuminate\\Container\\Util.php(43): Illuminate\\Container\\BoundMethod::Illuminate\\Container\\{closure}()
#24 D:\\Users\\Raphael\\Desktop\\desafio_senai\\projects\\technology-solutions-api\\api\\vendor\\laravel\\framework\\src\\Illuminate\\Container\\BoundMethod.php(95): Illuminate\\Container\\Util::unwrapIfClosure(Object(Closure))
#25 D:\\Users\\Raphael\\Desktop\\desafio_senai\\projects\\technology-solutions-api\\api\\vendor\\laravel\\framework\\src\\Illuminate\\Container\\BoundMethod.php(35): Illuminate\\Container\\BoundMethod::callBoundMethod(Object(Illuminate\\Foundation\\Application), Array, Object(Closure))
#26 D:\\Users\\Raphael\\Desktop\\desafio_senai\\projects\\technology-solutions-api\\api\\vendor\\laravel\\framework\\src\\Illuminate\\Container\\Container.php(754): Illuminate\\Container\\BoundMethod::call(Object(Illuminate\\Foundation\\Application), Array, Array, NULL)
#27 D:\\Users\\Raphael\\Desktop\\desafio_senai\\projects\\technology-solutions-api\\api\\vendor\\laravel\\framework\\src\\Illuminate\\Console\\Command.php(213): Illuminate\\Container\\Container->call(Array)
#28 D:\\Users\\Raphael\\Desktop\\desafio_senai\\projects\\technology-solutions-api\\api\\vendor\\symfony\\console\\Command\\Command.php(279): Illuminate\\Console\\Command->execute(Object(Symfony\\Component\\Console\\Input\\ArgvInput), Object(Illuminate\\Console\\OutputStyle))
#29 D:\\Users\\Raphael\\Desktop\\desafio_senai\\projects\\technology-solutions-api\\api\\vendor\\laravel\\framework\\src\\Illuminate\\Console\\Command.php(182): Symfony\\Component\\Console\\Command\\Command->run(Object(Symfony\\Component\\Console\\Input\\ArgvInput), Object(Illuminate\\Console\\OutputStyle))
#30 D:\\Users\\Raphael\\Desktop\\desafio_senai\\projects\\technology-solutions-api\\api\\vendor\\symfony\\console\\Application.php(1094): Illuminate\\Console\\Command->run(Object(Symfony\\Component\\Console\\Input\\ArgvInput), Object(Symfony\\Component\\Console\\Output\\ConsoleOutput))
#31 D:\\Users\\Raphael\\Desktop\\desafio_senai\\projects\\technology-solutions-api\\api\\vendor\\symfony\\console\\Application.php(342): Symfony\\Component\\Console\\Application->doRunCommand(Object(Illuminate\\Database\\Console\\Migrations\\MigrateCommand), Object(Symfony\\Component\\Console\\Input\\ArgvInput), Object(Symfony\\Component\\Console\\Output\\ConsoleOutput))
#32 D:\\Users\\Raphael\\Desktop\\desafio_senai\\projects\\technology-solutions-api\\api\\vendor\\symfony\\console\\Application.php(193): Symfony\\Component\\Console\\Application->doRun(Object(Symfony\\Component\\Console\\Input\\ArgvInput), Object(Symfony\\Component\\Console\\Output\\ConsoleOutput))
#33 D:\\Users\\Raphael\\Desktop\\desafio_senai\\projects\\technology-solutions-api\\api\\vendor\\laravel\\framework\\src\\Illuminate\\Foundation\\Console\\Kernel.php(198): Symfony\\Component\\Console\\Application->run(Object(Symfony\\Component\\Console\\Input\\ArgvInput), Object(Symfony\\Component\\Console\\Output\\ConsoleOutput))
#34 D:\\Users\\Raphael\\Desktop\\desafio_senai\\projects\\technology-solutions-api\\api\\vendor\\laravel\\framework\\src\\Illuminate\\Foundation\\Application.php(1235): Illuminate\\Foundation\\Console\\Kernel->handle(Object(Symfony\\Component\\Console\\Input\\ArgvInput), Object(Symfony\\Component\\Console\\Output\\ConsoleOutput))
#35 D:\\Users\\Raphael\\Desktop\\desafio_senai\\projects\\technology-solutions-api\\api\\artisan(16): Illuminate\\Foundation\\Application->handleCommand(Object(Symfony\\Component\\Console\\Input\\ArgvInput))
#36 {main}
"} 
[2025-02-27 13:05:19] local.ERROR: SQLSTATE[42S02]: Base table or view not found: 1146 Table 'technology_solutions_db.users' doesn't exist (Connection: mysql, SQL: alter table `users` drop foreign key `users_user_type_id_foreign`) {"exception":"[object] (Illuminate\\Database\\QueryException(code: 42S02): SQLSTATE[42S02]: Base table or view not found: 1146 Table 'technology_solutions_db.users' doesn't exist (Connection: mysql, SQL: alter table `users` drop foreign key `users_user_type_id_foreign`) at D:\\Users\\Raphael\\Desktop\\desafio_senai\\projects\\technology-solutions-api\\api\\vendor\\laravel\\framework\\src\\Illuminate\\Database\\Connection.php:823)
[stacktrace]
#0 D:\\Users\\Raphael\\Desktop\\desafio_senai\\projects\\technology-solutions-api\\api\\vendor\\laravel\\framework\\src\\Illuminate\\Database\\Connection.php(777): Illuminate\\Database\\Connection->runQueryCallback('alter table `us...', Array, Object(Closure))
#1 D:\\Users\\Raphael\\Desktop\\desafio_senai\\projects\\technology-solutions-api\\api\\vendor\\laravel\\framework\\src\\Illuminate\\Database\\Connection.php(558): Illuminate\\Database\\Connection->run('alter table `us...', Array, Object(Closure))
#2 D:\\Users\\Raphael\\Desktop\\desafio_senai\\projects\\technology-solutions-api\\api\\vendor\\laravel\\framework\\src\\Illuminate\\Database\\Schema\\Blueprint.php(120): Illuminate\\Database\\Connection->statement('alter table `us...')
#3 D:\\Users\\Raphael\\Desktop\\desafio_senai\\projects\\technology-solutions-api\\api\\vendor\\laravel\\framework\\src\\Illuminate\\Database\\Schema\\Builder.php(619): Illuminate\\Database\\Schema\\Blueprint->build()
#4 D:\\Users\\Raphael\\Desktop\\desafio_senai\\projects\\technology-solutions-api\\api\\vendor\\laravel\\framework\\src\\Illuminate\\Database\\Schema\\Builder.php(461): Illuminate\\Database\\Schema\\Builder->build(Object(Illuminate\\Database\\Schema\\Blueprint))
#5 D:\\Users\\Raphael\\Desktop\\desafio_senai\\projects\\technology-solutions-api\\api\\vendor\\laravel\\framework\\src\\Illuminate\\Support\\Facades\\Facade.php(361): Illuminate\\Database\\Schema\\Builder->table('users', Object(Closure))
#6 D:\\Users\\Raphael\\Desktop\\desafio_senai\\projects\\technology-solutions-api\\api\\database\\migrations\\0001_01_01_000000_create_users_table.php(49): Illuminate\\Support\\Facades\\Facade::__callStatic('table', Array)
#7 D:\\Users\\Raphael\\Desktop\\desafio_senai\\projects\\technology-solutions-api\\api\\vendor\\laravel\\framework\\src\\Illuminate\\Database\\Migrations\\Migrator.php(507): Illuminate\\Database\\Migrations\\Migration@anonymous->down()
#8 D:\\Users\\Raphael\\Desktop\\desafio_senai\\projects\\technology-solutions-api\\api\\vendor\\laravel\\framework\\src\\Illuminate\\Database\\Migrations\\Migrator.php(432): Illuminate\\Database\\Migrations\\Migrator->runMethod(Object(Illuminate\\Database\\MySqlConnection), Object(Illuminate\\Database\\Migrations\\Migration@anonymous), 'down')
#9 D:\\Users\\Raphael\\Desktop\\desafio_senai\\projects\\technology-solutions-api\\api\\vendor\\laravel\\framework\\src\\Illuminate\\Database\\Migrations\\Migrator.php(441): Illuminate\\Database\\Migrations\\Migrator->Illuminate\\Database\\Migrations\\{closure}()
#10 D:\\Users\\Raphael\\Desktop\\desafio_senai\\projects\\technology-solutions-api\\api\\vendor\\laravel\\framework\\src\\Illuminate\\Database\\Migrations\\Migrator.php(407): Illuminate\\Database\\Migrations\\Migrator->runMigration(Object(Illuminate\\Database\\Migrations\\Migration@anonymous), 'down')
#11 D:\\Users\\Raphael\\Desktop\\desafio_senai\\projects\\technology-solutions-api\\api\\vendor\\laravel\\framework\\src\\Illuminate\\Console\\View\\Components\\Task.php(40): Illuminate\\Database\\Migrations\\Migrator->Illuminate\\Database\\Migrations\\{closure}()
#12 D:\\Users\\Raphael\\Desktop\\desafio_senai\\projects\\technology-solutions-api\\api\\vendor\\laravel\\framework\\src\\Illuminate\\Database\\Migrations\\Migrator.php(798): Illuminate\\Console\\View\\Components\\Task->render('0001_01_01_0000...', Object(Closure))
#13 D:\\Users\\Raphael\\Desktop\\desafio_senai\\projects\\technology-solutions-api\\api\\vendor\\laravel\\framework\\src\\Illuminate\\Database\\Migrations\\Migrator.php(407): Illuminate\\Database\\Migrations\\Migrator->write('Illuminate\\\\Cons...', '0001_01_01_0000...', Object(Closure))
#14 D:\\Users\\Raphael\\Desktop\\desafio_senai\\projects\\technology-solutions-api\\api\\vendor\\laravel\\framework\\src\\Illuminate\\Database\\Migrations\\Migrator.php(330): Illuminate\\Database\\Migrations\\Migrator->runDown('D:\\\\Users\\\\Raphae...', Object(stdClass), false)
#15 D:\\Users\\Raphael\\Desktop\\desafio_senai\\projects\\technology-solutions-api\\api\\vendor\\laravel\\framework\\src\\Illuminate\\Database\\Migrations\\Migrator.php(381): Illuminate\\Database\\Migrations\\Migrator->rollbackMigrations(Array, Array, Array)
#16 D:\\Users\\Raphael\\Desktop\\desafio_senai\\projects\\technology-solutions-api\\api\\vendor\\laravel\\framework\\src\\Illuminate\\Database\\Migrations\\Migrator.php(361): Illuminate\\Database\\Migrations\\Migrator->resetMigrations(Array, Array, false)
#17 D:\\Users\\Raphael\\Desktop\\desafio_senai\\projects\\technology-solutions-api\\api\\vendor\\laravel\\framework\\src\\Illuminate\\Database\\Console\\Migrations\\ResetCommand.php(71): Illuminate\\Database\\Migrations\\Migrator->reset(Array, false)
#18 D:\\Users\\Raphael\\Desktop\\desafio_senai\\projects\\technology-solutions-api\\api\\vendor\\laravel\\framework\\src\\Illuminate\\Database\\Migrations\\Migrator.php(658): Illuminate\\Database\\Console\\Migrations\\ResetCommand->Illuminate\\Database\\Console\\Migrations\\{closure}()
#19 D:\\Users\\Raphael\\Desktop\\desafio_senai\\projects\\technology-solutions-api\\api\\vendor\\laravel\\framework\\src\\Illuminate\\Database\\Console\\Migrations\\ResetCommand.php(63): Illuminate\\Database\\Migrations\\Migrator->usingConnection(NULL, Object(Closure))
#20 D:\\Users\\Raphael\\Desktop\\desafio_senai\\projects\\technology-solutions-api\\api\\vendor\\laravel\\framework\\src\\Illuminate\\Container\\BoundMethod.php(36): Illuminate\\Database\\Console\\Migrations\\ResetCommand->handle()
#21 D:\\Users\\Raphael\\Desktop\\desafio_senai\\projects\\technology-solutions-api\\api\\vendor\\laravel\\framework\\src\\Illuminate\\Container\\Util.php(43): Illuminate\\Container\\BoundMethod::Illuminate\\Container\\{closure}()
#22 D:\\Users\\Raphael\\Desktop\\desafio_senai\\projects\\technology-solutions-api\\api\\vendor\\laravel\\framework\\src\\Illuminate\\Container\\BoundMethod.php(95): Illuminate\\Container\\Util::unwrapIfClosure(Object(Closure))
#23 D:\\Users\\Raphael\\Desktop\\desafio_senai\\projects\\technology-solutions-api\\api\\vendor\\laravel\\framework\\src\\Illuminate\\Container\\BoundMethod.php(35): Illuminate\\Container\\BoundMethod::callBoundMethod(Object(Illuminate\\Foundation\\Application), Array, Object(Closure))
#24 D:\\Users\\Raphael\\Desktop\\desafio_senai\\projects\\technology-solutions-api\\api\\vendor\\laravel\\framework\\src\\Illuminate\\Container\\Container.php(754): Illuminate\\Container\\BoundMethod::call(Object(Illuminate\\Foundation\\Application), Array, Array, NULL)
#25 D:\\Users\\Raphael\\Desktop\\desafio_senai\\projects\\technology-solutions-api\\api\\vendor\\laravel\\framework\\src\\Illuminate\\Console\\Command.php(213): Illuminate\\Container\\Container->call(Array)
#26 D:\\Users\\Raphael\\Desktop\\desafio_senai\\projects\\technology-solutions-api\\api\\vendor\\symfony\\console\\Command\\Command.php(279): Illuminate\\Console\\Command->execute(Object(Symfony\\Component\\Console\\Input\\ArgvInput), Object(Illuminate\\Console\\OutputStyle))
#27 D:\\Users\\Raphael\\Desktop\\desafio_senai\\projects\\technology-solutions-api\\api\\vendor\\laravel\\framework\\src\\Illuminate\\Console\\Command.php(182): Symfony\\Component\\Console\\Command\\Command->run(Object(Symfony\\Component\\Console\\Input\\ArgvInput), Object(Illuminate\\Console\\OutputStyle))
#28 D:\\Users\\Raphael\\Desktop\\desafio_senai\\projects\\technology-solutions-api\\api\\vendor\\symfony\\console\\Application.php(1094): Illuminate\\Console\\Command->run(Object(Symfony\\Component\\Console\\Input\\ArgvInput), Object(Symfony\\Component\\Console\\Output\\ConsoleOutput))
#29 D:\\Users\\Raphael\\Desktop\\desafio_senai\\projects\\technology-solutions-api\\api\\vendor\\symfony\\console\\Application.php(342): Symfony\\Component\\Console\\Application->doRunCommand(Object(Illuminate\\Database\\Console\\Migrations\\ResetCommand), Object(Symfony\\Component\\Console\\Input\\ArgvInput), Object(Symfony\\Component\\Console\\Output\\ConsoleOutput))
#30 D:\\Users\\Raphael\\Desktop\\desafio_senai\\projects\\technology-solutions-api\\api\\vendor\\symfony\\console\\Application.php(193): Symfony\\Component\\Console\\Application->doRun(Object(Symfony\\Component\\Console\\Input\\ArgvInput), Object(Symfony\\Component\\Console\\Output\\ConsoleOutput))
#31 D:\\Users\\Raphael\\Desktop\\desafio_senai\\projects\\technology-solutions-api\\api\\vendor\\laravel\\framework\\src\\Illuminate\\Foundation\\Console\\Kernel.php(198): Symfony\\Component\\Console\\Application->run(Object(Symfony\\Component\\Console\\Input\\ArgvInput), Object(Symfony\\Component\\Console\\Output\\ConsoleOutput))
#32 D:\\Users\\Raphael\\Desktop\\desafio_senai\\projects\\technology-solutions-api\\api\\vendor\\laravel\\framework\\src\\Illuminate\\Foundation\\Application.php(1235): Illuminate\\Foundation\\Console\\Kernel->handle(Object(Symfony\\Component\\Console\\Input\\ArgvInput), Object(Symfony\\Component\\Console\\Output\\ConsoleOutput))
#33 D:\\Users\\Raphael\\Desktop\\desafio_senai\\projects\\technology-solutions-api\\api\\artisan(16): Illuminate\\Foundation\\Application->handleCommand(Object(Symfony\\Component\\Console\\Input\\ArgvInput))
#34 {main}

[previous exception] [object] (PDOException(code: 42S02): SQLSTATE[42S02]: Base table or view not found: 1146 Table 'technology_solutions_db.users' doesn't exist at D:\\Users\\Raphael\\Desktop\\desafio_senai\\projects\\technology-solutions-api\\api\\vendor\\laravel\\framework\\src\\Illuminate\\Database\\Connection.php:569)
[stacktrace]
#0 D:\\Users\\Raphael\\Desktop\\desafio_senai\\projects\\technology-solutions-api\\api\\vendor\\laravel\\framework\\src\\Illuminate\\Database\\Connection.php(569): PDOStatement->execute()
#1 D:\\Users\\Raphael\\Desktop\\desafio_senai\\projects\\technology-solutions-api\\api\\vendor\\laravel\\framework\\src\\Illuminate\\Database\\Connection.php(810): Illuminate\\Database\\Connection->Illuminate\\Database\\{closure}('alter table `us...', Array)
#2 D:\\Users\\Raphael\\Desktop\\desafio_senai\\projects\\technology-solutions-api\\api\\vendor\\laravel\\framework\\src\\Illuminate\\Database\\Connection.php(777): Illuminate\\Database\\Connection->runQueryCallback('alter table `us...', Array, Object(Closure))
#3 D:\\Users\\Raphael\\Desktop\\desafio_senai\\projects\\technology-solutions-api\\api\\vendor\\laravel\\framework\\src\\Illuminate\\Database\\Connection.php(558): Illuminate\\Database\\Connection->run('alter table `us...', Array, Object(Closure))
#4 D:\\Users\\Raphael\\Desktop\\desafio_senai\\projects\\technology-solutions-api\\api\\vendor\\laravel\\framework\\src\\Illuminate\\Database\\Schema\\Blueprint.php(120): Illuminate\\Database\\Connection->statement('alter table `us...')
#5 D:\\Users\\Raphael\\Desktop\\desafio_senai\\projects\\technology-solutions-api\\api\\vendor\\laravel\\framework\\src\\Illuminate\\Database\\Schema\\Builder.php(619): Illuminate\\Database\\Schema\\Blueprint->build()
#6 D:\\Users\\Raphael\\Desktop\\desafio_senai\\projects\\technology-solutions-api\\api\\vendor\\laravel\\framework\\src\\Illuminate\\Database\\Schema\\Builder.php(461): Illuminate\\Database\\Schema\\Builder->build(Object(Illuminate\\Database\\Schema\\Blueprint))
#7 D:\\Users\\Raphael\\Desktop\\desafio_senai\\projects\\technology-solutions-api\\api\\vendor\\laravel\\framework\\src\\Illuminate\\Support\\Facades\\Facade.php(361): Illuminate\\Database\\Schema\\Builder->table('users', Object(Closure))
#8 D:\\Users\\Raphael\\Desktop\\desafio_senai\\projects\\technology-solutions-api\\api\\database\\migrations\\0001_01_01_000000_create_users_table.php(49): Illuminate\\Support\\Facades\\Facade::__callStatic('table', Array)
#9 D:\\Users\\Raphael\\Desktop\\desafio_senai\\projects\\technology-solutions-api\\api\\vendor\\laravel\\framework\\src\\Illuminate\\Database\\Migrations\\Migrator.php(507): Illuminate\\Database\\Migrations\\Migration@anonymous->down()
#10 D:\\Users\\Raphael\\Desktop\\desafio_senai\\projects\\technology-solutions-api\\api\\vendor\\laravel\\framework\\src\\Illuminate\\Database\\Migrations\\Migrator.php(432): Illuminate\\Database\\Migrations\\Migrator->runMethod(Object(Illuminate\\Database\\MySqlConnection), Object(Illuminate\\Database\\Migrations\\Migration@anonymous), 'down')
#11 D:\\Users\\Raphael\\Desktop\\desafio_senai\\projects\\technology-solutions-api\\api\\vendor\\laravel\\framework\\src\\Illuminate\\Database\\Migrations\\Migrator.php(441): Illuminate\\Database\\Migrations\\Migrator->Illuminate\\Database\\Migrations\\{closure}()
#12 D:\\Users\\Raphael\\Desktop\\desafio_senai\\projects\\technology-solutions-api\\api\\vendor\\laravel\\framework\\src\\Illuminate\\Database\\Migrations\\Migrator.php(407): Illuminate\\Database\\Migrations\\Migrator->runMigration(Object(Illuminate\\Database\\Migrations\\Migration@anonymous), 'down')
#13 D:\\Users\\Raphael\\Desktop\\desafio_senai\\projects\\technology-solutions-api\\api\\vendor\\laravel\\framework\\src\\Illuminate\\Console\\View\\Components\\Task.php(40): Illuminate\\Database\\Migrations\\Migrator->Illuminate\\Database\\Migrations\\{closure}()
#14 D:\\Users\\Raphael\\Desktop\\desafio_senai\\projects\\technology-solutions-api\\api\\vendor\\laravel\\framework\\src\\Illuminate\\Database\\Migrations\\Migrator.php(798): Illuminate\\Console\\View\\Components\\Task->render('0001_01_01_0000...', Object(Closure))
#15 D:\\Users\\Raphael\\Desktop\\desafio_senai\\projects\\technology-solutions-api\\api\\vendor\\laravel\\framework\\src\\Illuminate\\Database\\Migrations\\Migrator.php(407): Illuminate\\Database\\Migrations\\Migrator->write('Illuminate\\\\Cons...', '0001_01_01_0000...', Object(Closure))
#16 D:\\Users\\Raphael\\Desktop\\desafio_senai\\projects\\technology-solutions-api\\api\\vendor\\laravel\\framework\\src\\Illuminate\\Database\\Migrations\\Migrator.php(330): Illuminate\\Database\\Migrations\\Migrator->runDown('D:\\\\Users\\\\Raphae...', Object(stdClass), false)
#17 D:\\Users\\Raphael\\Desktop\\desafio_senai\\projects\\technology-solutions-api\\api\\vendor\\laravel\\framework\\src\\Illuminate\\Database\\Migrations\\Migrator.php(381): Illuminate\\Database\\Migrations\\Migrator->rollbackMigrations(Array, Array, Array)
#18 D:\\Users\\Raphael\\Desktop\\desafio_senai\\projects\\technology-solutions-api\\api\\vendor\\laravel\\framework\\src\\Illuminate\\Database\\Migrations\\Migrator.php(361): Illuminate\\Database\\Migrations\\Migrator->resetMigrations(Array, Array, false)
#19 D:\\Users\\Raphael\\Desktop\\desafio_senai\\projects\\technology-solutions-api\\api\\vendor\\laravel\\framework\\src\\Illuminate\\Database\\Console\\Migrations\\ResetCommand.php(71): Illuminate\\Database\\Migrations\\Migrator->reset(Array, false)
#20 D:\\Users\\Raphael\\Desktop\\desafio_senai\\projects\\technology-solutions-api\\api\\vendor\\laravel\\framework\\src\\Illuminate\\Database\\Migrations\\Migrator.php(658): Illuminate\\Database\\Console\\Migrations\\ResetCommand->Illuminate\\Database\\Console\\Migrations\\{closure}()
#21 D:\\Users\\Raphael\\Desktop\\desafio_senai\\projects\\technology-solutions-api\\api\\vendor\\laravel\\framework\\src\\Illuminate\\Database\\Console\\Migrations\\ResetCommand.php(63): Illuminate\\Database\\Migrations\\Migrator->usingConnection(NULL, Object(Closure))
#22 D:\\Users\\Raphael\\Desktop\\desafio_senai\\projects\\technology-solutions-api\\api\\vendor\\laravel\\framework\\src\\Illuminate\\Container\\BoundMethod.php(36): Illuminate\\Database\\Console\\Migrations\\ResetCommand->handle()
#23 D:\\Users\\Raphael\\Desktop\\desafio_senai\\projects\\technology-solutions-api\\api\\vendor\\laravel\\framework\\src\\Illuminate\\Container\\Util.php(43): Illuminate\\Container\\BoundMethod::Illuminate\\Container\\{closure}()
#24 D:\\Users\\Raphael\\Desktop\\desafio_senai\\projects\\technology-solutions-api\\api\\vendor\\laravel\\framework\\src\\Illuminate\\Container\\BoundMethod.php(95): Illuminate\\Container\\Util::unwrapIfClosure(Object(Closure))
#25 D:\\Users\\Raphael\\Desktop\\desafio_senai\\projects\\technology-solutions-api\\api\\vendor\\laravel\\framework\\src\\Illuminate\\Container\\BoundMethod.php(35): Illuminate\\Container\\BoundMethod::callBoundMethod(Object(Illuminate\\Foundation\\Application), Array, Object(Closure))
#26 D:\\Users\\Raphael\\Desktop\\desafio_senai\\projects\\technology-solutions-api\\api\\vendor\\laravel\\framework\\src\\Illuminate\\Container\\Container.php(754): Illuminate\\Container\\BoundMethod::call(Object(Illuminate\\Foundation\\Application), Array, Array, NULL)
#27 D:\\Users\\Raphael\\Desktop\\desafio_senai\\projects\\technology-solutions-api\\api\\vendor\\laravel\\framework\\src\\Illuminate\\Console\\Command.php(213): Illuminate\\Container\\Container->call(Array)
#28 D:\\Users\\Raphael\\Desktop\\desafio_senai\\projects\\technology-solutions-api\\api\\vendor\\symfony\\console\\Command\\Command.php(279): Illuminate\\Console\\Command->execute(Object(Symfony\\Component\\Console\\Input\\ArgvInput), Object(Illuminate\\Console\\OutputStyle))
#29 D:\\Users\\Raphael\\Desktop\\desafio_senai\\projects\\technology-solutions-api\\api\\vendor\\laravel\\framework\\src\\Illuminate\\Console\\Command.php(182): Symfony\\Component\\Console\\Command\\Command->run(Object(Symfony\\Component\\Console\\Input\\ArgvInput), Object(Illuminate\\Console\\OutputStyle))
#30 D:\\Users\\Raphael\\Desktop\\desafio_senai\\projects\\technology-solutions-api\\api\\vendor\\symfony\\console\\Application.php(1094): Illuminate\\Console\\Command->run(Object(Symfony\\Component\\Console\\Input\\ArgvInput), Object(Symfony\\Component\\Console\\Output\\ConsoleOutput))
#31 D:\\Users\\Raphael\\Desktop\\desafio_senai\\projects\\technology-solutions-api\\api\\vendor\\symfony\\console\\Application.php(342): Symfony\\Component\\Console\\Application->doRunCommand(Object(Illuminate\\Database\\Console\\Migrations\\ResetCommand), Object(Symfony\\Component\\Console\\Input\\ArgvInput), Object(Symfony\\Component\\Console\\Output\\ConsoleOutput))
#32 D:\\Users\\Raphael\\Desktop\\desafio_senai\\projects\\technology-solutions-api\\api\\vendor\\symfony\\console\\Application.php(193): Symfony\\Component\\Console\\Application->doRun(Object(Symfony\\Component\\Console\\Input\\ArgvInput), Object(Symfony\\Component\\Console\\Output\\ConsoleOutput))
#33 D:\\Users\\Raphael\\Desktop\\desafio_senai\\projects\\technology-solutions-api\\api\\vendor\\laravel\\framework\\src\\Illuminate\\Foundation\\Console\\Kernel.php(198): Symfony\\Component\\Console\\Application->run(Object(Symfony\\Component\\Console\\Input\\ArgvInput), Object(Symfony\\Component\\Console\\Output\\ConsoleOutput))
#34 D:\\Users\\Raphael\\Desktop\\desafio_senai\\projects\\technology-solutions-api\\api\\vendor\\laravel\\framework\\src\\Illuminate\\Foundation\\Application.php(1235): Illuminate\\Foundation\\Console\\Kernel->handle(Object(Symfony\\Component\\Console\\Input\\ArgvInput), Object(Symfony\\Component\\Console\\Output\\ConsoleOutput))
#35 D:\\Users\\Raphael\\Desktop\\desafio_senai\\projects\\technology-solutions-api\\api\\artisan(16): Illuminate\\Foundation\\Application->handleCommand(Object(Symfony\\Component\\Console\\Input\\ArgvInput))
#36 {main}
"} 
[2025-02-27 13:06:56] local.ERROR: SQLSTATE[HY000]: General error: 1005 Can't create table `technology_solutions_db`.`telefones` (errno: 150 "Foreign key constraint is incorrectly formed") (Connection: mysql, SQL: alter table `telefones` add constraint `telefones_user_id_foreign` foreign key (`user_id`) references `users` (`id`) on delete cascade) {"exception":"[object] (Illuminate\\Database\\QueryException(code: HY000): SQLSTATE[HY000]: General error: 1005 Can't create table `technology_solutions_db`.`telefones` (errno: 150 \"Foreign key constraint is incorrectly formed\") (Connection: mysql, SQL: alter table `telefones` add constraint `telefones_user_id_foreign` foreign key (`user_id`) references `users` (`id`) on delete cascade) at D:\\Users\\Raphael\\Desktop\\desafio_senai\\projects\\technology-solutions-api\\api\\vendor\\laravel\\framework\\src\\Illuminate\\Database\\Connection.php:823)
[stacktrace]
#0 D:\\Users\\Raphael\\Desktop\\desafio_senai\\projects\\technology-solutions-api\\api\\vendor\\laravel\\framework\\src\\Illuminate\\Database\\Connection.php(777): Illuminate\\Database\\Connection->runQueryCallback('alter table `te...', Array, Object(Closure))
#1 D:\\Users\\Raphael\\Desktop\\desafio_senai\\projects\\technology-solutions-api\\api\\vendor\\laravel\\framework\\src\\Illuminate\\Database\\Connection.php(558): Illuminate\\Database\\Connection->run('alter table `te...', Array, Object(Closure))
#2 D:\\Users\\Raphael\\Desktop\\desafio_senai\\projects\\technology-solutions-api\\api\\vendor\\laravel\\framework\\src\\Illuminate\\Database\\Schema\\Blueprint.php(120): Illuminate\\Database\\Connection->statement('alter table `te...')
#3 D:\\Users\\Raphael\\Desktop\\desafio_senai\\projects\\technology-solutions-api\\api\\vendor\\laravel\\framework\\src\\Illuminate\\Database\\Schema\\Builder.php(619): Illuminate\\Database\\Schema\\Blueprint->build()
#4 D:\\Users\\Raphael\\Desktop\\desafio_senai\\projects\\technology-solutions-api\\api\\vendor\\laravel\\framework\\src\\Illuminate\\Database\\Schema\\Builder.php(473): Illuminate\\Database\\Schema\\Builder->build(Object(Illuminate\\Database\\Schema\\Blueprint))
#5 D:\\Users\\Raphael\\Desktop\\desafio_senai\\projects\\technology-solutions-api\\api\\vendor\\laravel\\framework\\src\\Illuminate\\Support\\Facades\\Facade.php(361): Illuminate\\Database\\Schema\\Builder->create('telefones', Object(Closure))
#6 D:\\Users\\Raphael\\Desktop\\desafio_senai\\projects\\technology-solutions-api\\api\\database\\migrations\\2025_02_27_120844_create_telefones.php(15): Illuminate\\Support\\Facades\\Facade::__callStatic('create', Array)
#7 D:\\Users\\Raphael\\Desktop\\desafio_senai\\projects\\technology-solutions-api\\api\\vendor\\laravel\\framework\\src\\Illuminate\\Database\\Migrations\\Migrator.php(507): Illuminate\\Database\\Migrations\\Migration@anonymous->up()
#8 D:\\Users\\Raphael\\Desktop\\desafio_senai\\projects\\technology-solutions-api\\api\\vendor\\laravel\\framework\\src\\Illuminate\\Database\\Migrations\\Migrator.php(432): Illuminate\\Database\\Migrations\\Migrator->runMethod(Object(Illuminate\\Database\\MySqlConnection), Object(Illuminate\\Database\\Migrations\\Migration@anonymous), 'up')
#9 D:\\Users\\Raphael\\Desktop\\desafio_senai\\projects\\technology-solutions-api\\api\\vendor\\laravel\\framework\\src\\Illuminate\\Database\\Migrations\\Migrator.php(441): Illuminate\\Database\\Migrations\\Migrator->Illuminate\\Database\\Migrations\\{closure}()
#10 D:\\Users\\Raphael\\Desktop\\desafio_senai\\projects\\technology-solutions-api\\api\\vendor\\laravel\\framework\\src\\Illuminate\\Database\\Migrations\\Migrator.php(244): Illuminate\\Database\\Migrations\\Migrator->runMigration(Object(Illuminate\\Database\\Migrations\\Migration@anonymous), 'up')
#11 D:\\Users\\Raphael\\Desktop\\desafio_senai\\projects\\technology-solutions-api\\api\\vendor\\laravel\\framework\\src\\Illuminate\\Console\\View\\Components\\Task.php(40): Illuminate\\Database\\Migrations\\Migrator->Illuminate\\Database\\Migrations\\{closure}()
#12 D:\\Users\\Raphael\\Desktop\\desafio_senai\\projects\\technology-solutions-api\\api\\vendor\\laravel\\framework\\src\\Illuminate\\Database\\Migrations\\Migrator.php(798): Illuminate\\Console\\View\\Components\\Task->render('2025_02_27_1208...', Object(Closure))
#13 D:\\Users\\Raphael\\Desktop\\desafio_senai\\projects\\technology-solutions-api\\api\\vendor\\laravel\\framework\\src\\Illuminate\\Database\\Migrations\\Migrator.php(244): Illuminate\\Database\\Migrations\\Migrator->write('Illuminate\\\\Cons...', '2025_02_27_1208...', Object(Closure))
#14 D:\\Users\\Raphael\\Desktop\\desafio_senai\\projects\\technology-solutions-api\\api\\vendor\\laravel\\framework\\src\\Illuminate\\Database\\Migrations\\Migrator.php(211): Illuminate\\Database\\Migrations\\Migrator->runUp('D:\\\\Users\\\\Raphae...', 2, false)
#15 D:\\Users\\Raphael\\Desktop\\desafio_senai\\projects\\technology-solutions-api\\api\\vendor\\laravel\\framework\\src\\Illuminate\\Database\\Migrations\\Migrator.php(138): Illuminate\\Database\\Migrations\\Migrator->runPending(Array, Array)
#16 D:\\Users\\Raphael\\Desktop\\desafio_senai\\projects\\technology-solutions-api\\api\\vendor\\laravel\\framework\\src\\Illuminate\\Database\\Console\\Migrations\\MigrateCommand.php(117): Illuminate\\Database\\Migrations\\Migrator->run(Array, Array)
#17 D:\\Users\\Raphael\\Desktop\\desafio_senai\\projects\\technology-solutions-api\\api\\vendor\\laravel\\framework\\src\\Illuminate\\Database\\Migrations\\Migrator.php(658): Illuminate\\Database\\Console\\Migrations\\MigrateCommand->Illuminate\\Database\\Console\\Migrations\\{closure}()
#18 D:\\Users\\Raphael\\Desktop\\desafio_senai\\projects\\technology-solutions-api\\api\\vendor\\laravel\\framework\\src\\Illuminate\\Database\\Console\\Migrations\\MigrateCommand.php(110): Illuminate\\Database\\Migrations\\Migrator->usingConnection(NULL, Object(Closure))
#19 D:\\Users\\Raphael\\Desktop\\desafio_senai\\projects\\technology-solutions-api\\api\\vendor\\laravel\\framework\\src\\Illuminate\\Database\\Console\\Migrations\\MigrateCommand.php(89): Illuminate\\Database\\Console\\Migrations\\MigrateCommand->runMigrations()
#20 D:\\Users\\Raphael\\Desktop\\desafio_senai\\projects\\technology-solutions-api\\api\\vendor\\laravel\\framework\\src\\Illuminate\\Container\\BoundMethod.php(36): Illuminate\\Database\\Console\\Migrations\\MigrateCommand->handle()
#21 D:\\Users\\Raphael\\Desktop\\desafio_senai\\projects\\technology-solutions-api\\api\\vendor\\laravel\\framework\\src\\Illuminate\\Container\\Util.php(43): Illuminate\\Container\\BoundMethod::Illuminate\\Container\\{closure}()
#22 D:\\Users\\Raphael\\Desktop\\desafio_senai\\projects\\technology-solutions-api\\api\\vendor\\laravel\\framework\\src\\Illuminate\\Container\\BoundMethod.php(95): Illuminate\\Container\\Util::unwrapIfClosure(Object(Closure))
#23 D:\\Users\\Raphael\\Desktop\\desafio_senai\\projects\\technology-solutions-api\\api\\vendor\\laravel\\framework\\src\\Illuminate\\Container\\BoundMethod.php(35): Illuminate\\Container\\BoundMethod::callBoundMethod(Object(Illuminate\\Foundation\\Application), Array, Object(Closure))
#24 D:\\Users\\Raphael\\Desktop\\desafio_senai\\projects\\technology-solutions-api\\api\\vendor\\laravel\\framework\\src\\Illuminate\\Container\\Container.php(754): Illuminate\\Container\\BoundMethod::call(Object(Illuminate\\Foundation\\Application), Array, Array, NULL)
#25 D:\\Users\\Raphael\\Desktop\\desafio_senai\\projects\\technology-solutions-api\\api\\vendor\\laravel\\framework\\src\\Illuminate\\Console\\Command.php(213): Illuminate\\Container\\Container->call(Array)
#26 D:\\Users\\Raphael\\Desktop\\desafio_senai\\projects\\technology-solutions-api\\api\\vendor\\symfony\\console\\Command\\Command.php(279): Illuminate\\Console\\Command->execute(Object(Symfony\\Component\\Console\\Input\\ArgvInput), Object(Illuminate\\Console\\OutputStyle))
#27 D:\\Users\\Raphael\\Desktop\\desafio_senai\\projects\\technology-solutions-api\\api\\vendor\\laravel\\framework\\src\\Illuminate\\Console\\Command.php(182): Symfony\\Component\\Console\\Command\\Command->run(Object(Symfony\\Component\\Console\\Input\\ArgvInput), Object(Illuminate\\Console\\OutputStyle))
#28 D:\\Users\\Raphael\\Desktop\\desafio_senai\\projects\\technology-solutions-api\\api\\vendor\\symfony\\console\\Application.php(1094): Illuminate\\Console\\Command->run(Object(Symfony\\Component\\Console\\Input\\ArgvInput), Object(Symfony\\Component\\Console\\Output\\ConsoleOutput))
#29 D:\\Users\\Raphael\\Desktop\\desafio_senai\\projects\\technology-solutions-api\\api\\vendor\\symfony\\console\\Application.php(342): Symfony\\Component\\Console\\Application->doRunCommand(Object(Illuminate\\Database\\Console\\Migrations\\MigrateCommand), Object(Symfony\\Component\\Console\\Input\\ArgvInput), Object(Symfony\\Component\\Console\\Output\\ConsoleOutput))
#30 D:\\Users\\Raphael\\Desktop\\desafio_senai\\projects\\technology-solutions-api\\api\\vendor\\symfony\\console\\Application.php(193): Symfony\\Component\\Console\\Application->doRun(Object(Symfony\\Component\\Console\\Input\\ArgvInput), Object(Symfony\\Component\\Console\\Output\\ConsoleOutput))
#31 D:\\Users\\Raphael\\Desktop\\desafio_senai\\projects\\technology-solutions-api\\api\\vendor\\laravel\\framework\\src\\Illuminate\\Foundation\\Console\\Kernel.php(198): Symfony\\Component\\Console\\Application->run(Object(Symfony\\Component\\Console\\Input\\ArgvInput), Object(Symfony\\Component\\Console\\Output\\ConsoleOutput))
#32 D:\\Users\\Raphael\\Desktop\\desafio_senai\\projects\\technology-solutions-api\\api\\vendor\\laravel\\framework\\src\\Illuminate\\Foundation\\Application.php(1235): Illuminate\\Foundation\\Console\\Kernel->handle(Object(Symfony\\Component\\Console\\Input\\ArgvInput), Object(Symfony\\Component\\Console\\Output\\ConsoleOutput))
#33 D:\\Users\\Raphael\\Desktop\\desafio_senai\\projects\\technology-solutions-api\\api\\artisan(16): Illuminate\\Foundation\\Application->handleCommand(Object(Symfony\\Component\\Console\\Input\\ArgvInput))
#34 {main}

[previous exception] [object] (PDOException(code: HY000): SQLSTATE[HY000]: General error: 1005 Can't create table `technology_solutions_db`.`telefones` (errno: 150 \"Foreign key constraint is incorrectly formed\") at D:\\Users\\Raphael\\Desktop\\desafio_senai\\projects\\technology-solutions-api\\api\\vendor\\laravel\\framework\\src\\Illuminate\\Database\\Connection.php:569)
[stacktrace]
#0 D:\\Users\\Raphael\\Desktop\\desafio_senai\\projects\\technology-solutions-api\\api\\vendor\\laravel\\framework\\src\\Illuminate\\Database\\Connection.php(569): PDOStatement->execute()
#1 D:\\Users\\Raphael\\Desktop\\desafio_senai\\projects\\technology-solutions-api\\api\\vendor\\laravel\\framework\\src\\Illuminate\\Database\\Connection.php(810): Illuminate\\Database\\Connection->Illuminate\\Database\\{closure}('alter table `te...', Array)
#2 D:\\Users\\Raphael\\Desktop\\desafio_senai\\projects\\technology-solutions-api\\api\\vendor\\laravel\\framework\\src\\Illuminate\\Database\\Connection.php(777): Illuminate\\Database\\Connection->runQueryCallback('alter table `te...', Array, Object(Closure))
#3 D:\\Users\\Raphael\\Desktop\\desafio_senai\\projects\\technology-solutions-api\\api\\vendor\\laravel\\framework\\src\\Illuminate\\Database\\Connection.php(558): Illuminate\\Database\\Connection->run('alter table `te...', Array, Object(Closure))
#4 D:\\Users\\Raphael\\Desktop\\desafio_senai\\projects\\technology-solutions-api\\api\\vendor\\laravel\\framework\\src\\Illuminate\\Database\\Schema\\Blueprint.php(120): Illuminate\\Database\\Connection->statement('alter table `te...')
#5 D:\\Users\\Raphael\\Desktop\\desafio_senai\\projects\\technology-solutions-api\\api\\vendor\\laravel\\framework\\src\\Illuminate\\Database\\Schema\\Builder.php(619): Illuminate\\Database\\Schema\\Blueprint->build()
#6 D:\\Users\\Raphael\\Desktop\\desafio_senai\\projects\\technology-solutions-api\\api\\vendor\\laravel\\framework\\src\\Illuminate\\Database\\Schema\\Builder.php(473): Illuminate\\Database\\Schema\\Builder->build(Object(Illuminate\\Database\\Schema\\Blueprint))
#7 D:\\Users\\Raphael\\Desktop\\desafio_senai\\projects\\technology-solutions-api\\api\\vendor\\laravel\\framework\\src\\Illuminate\\Support\\Facades\\Facade.php(361): Illuminate\\Database\\Schema\\Builder->create('telefones', Object(Closure))
#8 D:\\Users\\Raphael\\Desktop\\desafio_senai\\projects\\technology-solutions-api\\api\\database\\migrations\\2025_02_27_120844_create_telefones.php(15): Illuminate\\Support\\Facades\\Facade::__callStatic('create', Array)
#9 D:\\Users\\Raphael\\Desktop\\desafio_senai\\projects\\technology-solutions-api\\api\\vendor\\laravel\\framework\\src\\Illuminate\\Database\\Migrations\\Migrator.php(507): Illuminate\\Database\\Migrations\\Migration@anonymous->up()
#10 D:\\Users\\Raphael\\Desktop\\desafio_senai\\projects\\technology-solutions-api\\api\\vendor\\laravel\\framework\\src\\Illuminate\\Database\\Migrations\\Migrator.php(432): Illuminate\\Database\\Migrations\\Migrator->runMethod(Object(Illuminate\\Database\\MySqlConnection), Object(Illuminate\\Database\\Migrations\\Migration@anonymous), 'up')
#11 D:\\Users\\Raphael\\Desktop\\desafio_senai\\projects\\technology-solutions-api\\api\\vendor\\laravel\\framework\\src\\Illuminate\\Database\\Migrations\\Migrator.php(441): Illuminate\\Database\\Migrations\\Migrator->Illuminate\\Database\\Migrations\\{closure}()
#12 D:\\Users\\Raphael\\Desktop\\desafio_senai\\projects\\technology-solutions-api\\api\\vendor\\laravel\\framework\\src\\Illuminate\\Database\\Migrations\\Migrator.php(244): Illuminate\\Database\\Migrations\\Migrator->runMigration(Object(Illuminate\\Database\\Migrations\\Migration@anonymous), 'up')
#13 D:\\Users\\Raphael\\Desktop\\desafio_senai\\projects\\technology-solutions-api\\api\\vendor\\laravel\\framework\\src\\Illuminate\\Console\\View\\Components\\Task.php(40): Illuminate\\Database\\Migrations\\Migrator->Illuminate\\Database\\Migrations\\{closure}()
#14 D:\\Users\\Raphael\\Desktop\\desafio_senai\\projects\\technology-solutions-api\\api\\vendor\\laravel\\framework\\src\\Illuminate\\Database\\Migrations\\Migrator.php(798): Illuminate\\Console\\View\\Components\\Task->render('2025_02_27_1208...', Object(Closure))
#15 D:\\Users\\Raphael\\Desktop\\desafio_senai\\projects\\technology-solutions-api\\api\\vendor\\laravel\\framework\\src\\Illuminate\\Database\\Migrations\\Migrator.php(244): Illuminate\\Database\\Migrations\\Migrator->write('Illuminate\\\\Cons...', '2025_02_27_1208...', Object(Closure))
#16 D:\\Users\\Raphael\\Desktop\\desafio_senai\\projects\\technology-solutions-api\\api\\vendor\\laravel\\framework\\src\\Illuminate\\Database\\Migrations\\Migrator.php(211): Illuminate\\Database\\Migrations\\Migrator->runUp('D:\\\\Users\\\\Raphae...', 2, false)
#17 D:\\Users\\Raphael\\Desktop\\desafio_senai\\projects\\technology-solutions-api\\api\\vendor\\laravel\\framework\\src\\Illuminate\\Database\\Migrations\\Migrator.php(138): Illuminate\\Database\\Migrations\\Migrator->runPending(Array, Array)
#18 D:\\Users\\Raphael\\Desktop\\desafio_senai\\projects\\technology-solutions-api\\api\\vendor\\laravel\\framework\\src\\Illuminate\\Database\\Console\\Migrations\\MigrateCommand.php(117): Illuminate\\Database\\Migrations\\Migrator->run(Array, Array)
#19 D:\\Users\\Raphael\\Desktop\\desafio_senai\\projects\\technology-solutions-api\\api\\vendor\\laravel\\framework\\src\\Illuminate\\Database\\Migrations\\Migrator.php(658): Illuminate\\Database\\Console\\Migrations\\MigrateCommand->Illuminate\\Database\\Console\\Migrations\\{closure}()
#20 D:\\Users\\Raphael\\Desktop\\desafio_senai\\projects\\technology-solutions-api\\api\\vendor\\laravel\\framework\\src\\Illuminate\\Database\\Console\\Migrations\\MigrateCommand.php(110): Illuminate\\Database\\Migrations\\Migrator->usingConnection(NULL, Object(Closure))
#21 D:\\Users\\Raphael\\Desktop\\desafio_senai\\projects\\technology-solutions-api\\api\\vendor\\laravel\\framework\\src\\Illuminate\\Database\\Console\\Migrations\\MigrateCommand.php(89): Illuminate\\Database\\Console\\Migrations\\MigrateCommand->runMigrations()
#22 D:\\Users\\Raphael\\Desktop\\desafio_senai\\projects\\technology-solutions-api\\api\\vendor\\laravel\\framework\\src\\Illuminate\\Container\\BoundMethod.php(36): Illuminate\\Database\\Console\\Migrations\\MigrateCommand->handle()
#23 D:\\Users\\Raphael\\Desktop\\desafio_senai\\projects\\technology-solutions-api\\api\\vendor\\laravel\\framework\\src\\Illuminate\\Container\\Util.php(43): Illuminate\\Container\\BoundMethod::Illuminate\\Container\\{closure}()
#24 D:\\Users\\Raphael\\Desktop\\desafio_senai\\projects\\technology-solutions-api\\api\\vendor\\laravel\\framework\\src\\Illuminate\\Container\\BoundMethod.php(95): Illuminate\\Container\\Util::unwrapIfClosure(Object(Closure))
#25 D:\\Users\\Raphael\\Desktop\\desafio_senai\\projects\\technology-solutions-api\\api\\vendor\\laravel\\framework\\src\\Illuminate\\Container\\BoundMethod.php(35): Illuminate\\Container\\BoundMethod::callBoundMethod(Object(Illuminate\\Foundation\\Application), Array, Object(Closure))
#26 D:\\Users\\Raphael\\Desktop\\desafio_senai\\projects\\technology-solutions-api\\api\\vendor\\laravel\\framework\\src\\Illuminate\\Container\\Container.php(754): Illuminate\\Container\\BoundMethod::call(Object(Illuminate\\Foundation\\Application), Array, Array, NULL)
#27 D:\\Users\\Raphael\\Desktop\\desafio_senai\\projects\\technology-solutions-api\\api\\vendor\\laravel\\framework\\src\\Illuminate\\Console\\Command.php(213): Illuminate\\Container\\Container->call(Array)
#28 D:\\Users\\Raphael\\Desktop\\desafio_senai\\projects\\technology-solutions-api\\api\\vendor\\symfony\\console\\Command\\Command.php(279): Illuminate\\Console\\Command->execute(Object(Symfony\\Component\\Console\\Input\\ArgvInput), Object(Illuminate\\Console\\OutputStyle))
#29 D:\\Users\\Raphael\\Desktop\\desafio_senai\\projects\\technology-solutions-api\\api\\vendor\\laravel\\framework\\src\\Illuminate\\Console\\Command.php(182): Symfony\\Component\\Console\\Command\\Command->run(Object(Symfony\\Component\\Console\\Input\\ArgvInput), Object(Illuminate\\Console\\OutputStyle))
#30 D:\\Users\\Raphael\\Desktop\\desafio_senai\\projects\\technology-solutions-api\\api\\vendor\\symfony\\console\\Application.php(1094): Illuminate\\Console\\Command->run(Object(Symfony\\Component\\Console\\Input\\ArgvInput), Object(Symfony\\Component\\Console\\Output\\ConsoleOutput))
#31 D:\\Users\\Raphael\\Desktop\\desafio_senai\\projects\\technology-solutions-api\\api\\vendor\\symfony\\console\\Application.php(342): Symfony\\Component\\Console\\Application->doRunCommand(Object(Illuminate\\Database\\Console\\Migrations\\MigrateCommand), Object(Symfony\\Component\\Console\\Input\\ArgvInput), Object(Symfony\\Component\\Console\\Output\\ConsoleOutput))
#32 D:\\Users\\Raphael\\Desktop\\desafio_senai\\projects\\technology-solutions-api\\api\\vendor\\symfony\\console\\Application.php(193): Symfony\\Component\\Console\\Application->doRun(Object(Symfony\\Component\\Console\\Input\\ArgvInput), Object(Symfony\\Component\\Console\\Output\\ConsoleOutput))
#33 D:\\Users\\Raphael\\Desktop\\desafio_senai\\projects\\technology-solutions-api\\api\\vendor\\laravel\\framework\\src\\Illuminate\\Foundation\\Console\\Kernel.php(198): Symfony\\Component\\Console\\Application->run(Object(Symfony\\Component\\Console\\Input\\ArgvInput), Object(Symfony\\Component\\Console\\Output\\ConsoleOutput))
#34 D:\\Users\\Raphael\\Desktop\\desafio_senai\\projects\\technology-solutions-api\\api\\vendor\\laravel\\framework\\src\\Illuminate\\Foundation\\Application.php(1235): Illuminate\\Foundation\\Console\\Kernel->handle(Object(Symfony\\Component\\Console\\Input\\ArgvInput), Object(Symfony\\Component\\Console\\Output\\ConsoleOutput))
#35 D:\\Users\\Raphael\\Desktop\\desafio_senai\\projects\\technology-solutions-api\\api\\artisan(16): Illuminate\\Foundation\\Application->handleCommand(Object(Symfony\\Component\\Console\\Input\\ArgvInput))
#36 {main}
"} 
[2025-02-27 13:07:55] local.ERROR: SQLSTATE[42S02]: Base table or view not found: 1146 Table 'technology_solutions_db.users' doesn't exist (Connection: mysql, SQL: alter table `users` drop foreign key `users_user_type_id_foreign`) {"exception":"[object] (Illuminate\\Database\\QueryException(code: 42S02): SQLSTATE[42S02]: Base table or view not found: 1146 Table 'technology_solutions_db.users' doesn't exist (Connection: mysql, SQL: alter table `users` drop foreign key `users_user_type_id_foreign`) at D:\\Users\\Raphael\\Desktop\\desafio_senai\\projects\\technology-solutions-api\\api\\vendor\\laravel\\framework\\src\\Illuminate\\Database\\Connection.php:823)
[stacktrace]
#0 D:\\Users\\Raphael\\Desktop\\desafio_senai\\projects\\technology-solutions-api\\api\\vendor\\laravel\\framework\\src\\Illuminate\\Database\\Connection.php(777): Illuminate\\Database\\Connection->runQueryCallback('alter table `us...', Array, Object(Closure))
#1 D:\\Users\\Raphael\\Desktop\\desafio_senai\\projects\\technology-solutions-api\\api\\vendor\\laravel\\framework\\src\\Illuminate\\Database\\Connection.php(558): Illuminate\\Database\\Connection->run('alter table `us...', Array, Object(Closure))
#2 D:\\Users\\Raphael\\Desktop\\desafio_senai\\projects\\technology-solutions-api\\api\\vendor\\laravel\\framework\\src\\Illuminate\\Database\\Schema\\Blueprint.php(120): Illuminate\\Database\\Connection->statement('alter table `us...')
#3 D:\\Users\\Raphael\\Desktop\\desafio_senai\\projects\\technology-solutions-api\\api\\vendor\\laravel\\framework\\src\\Illuminate\\Database\\Schema\\Builder.php(619): Illuminate\\Database\\Schema\\Blueprint->build()
#4 D:\\Users\\Raphael\\Desktop\\desafio_senai\\projects\\technology-solutions-api\\api\\vendor\\laravel\\framework\\src\\Illuminate\\Database\\Schema\\Builder.php(461): Illuminate\\Database\\Schema\\Builder->build(Object(Illuminate\\Database\\Schema\\Blueprint))
#5 D:\\Users\\Raphael\\Desktop\\desafio_senai\\projects\\technology-solutions-api\\api\\vendor\\laravel\\framework\\src\\Illuminate\\Support\\Facades\\Facade.php(361): Illuminate\\Database\\Schema\\Builder->table('users', Object(Closure))
#6 D:\\Users\\Raphael\\Desktop\\desafio_senai\\projects\\technology-solutions-api\\api\\database\\migrations\\0001_01_01_000000_create_users_table.php(49): Illuminate\\Support\\Facades\\Facade::__callStatic('table', Array)
#7 D:\\Users\\Raphael\\Desktop\\desafio_senai\\projects\\technology-solutions-api\\api\\vendor\\laravel\\framework\\src\\Illuminate\\Database\\Migrations\\Migrator.php(507): Illuminate\\Database\\Migrations\\Migration@anonymous->down()
#8 D:\\Users\\Raphael\\Desktop\\desafio_senai\\projects\\technology-solutions-api\\api\\vendor\\laravel\\framework\\src\\Illuminate\\Database\\Migrations\\Migrator.php(432): Illuminate\\Database\\Migrations\\Migrator->runMethod(Object(Illuminate\\Database\\MySqlConnection), Object(Illuminate\\Database\\Migrations\\Migration@anonymous), 'down')
#9 D:\\Users\\Raphael\\Desktop\\desafio_senai\\projects\\technology-solutions-api\\api\\vendor\\laravel\\framework\\src\\Illuminate\\Database\\Migrations\\Migrator.php(441): Illuminate\\Database\\Migrations\\Migrator->Illuminate\\Database\\Migrations\\{closure}()
#10 D:\\Users\\Raphael\\Desktop\\desafio_senai\\projects\\technology-solutions-api\\api\\vendor\\laravel\\framework\\src\\Illuminate\\Database\\Migrations\\Migrator.php(407): Illuminate\\Database\\Migrations\\Migrator->runMigration(Object(Illuminate\\Database\\Migrations\\Migration@anonymous), 'down')
#11 D:\\Users\\Raphael\\Desktop\\desafio_senai\\projects\\technology-solutions-api\\api\\vendor\\laravel\\framework\\src\\Illuminate\\Console\\View\\Components\\Task.php(40): Illuminate\\Database\\Migrations\\Migrator->Illuminate\\Database\\Migrations\\{closure}()
#12 D:\\Users\\Raphael\\Desktop\\desafio_senai\\projects\\technology-solutions-api\\api\\vendor\\laravel\\framework\\src\\Illuminate\\Database\\Migrations\\Migrator.php(798): Illuminate\\Console\\View\\Components\\Task->render('0001_01_01_0000...', Object(Closure))
#13 D:\\Users\\Raphael\\Desktop\\desafio_senai\\projects\\technology-solutions-api\\api\\vendor\\laravel\\framework\\src\\Illuminate\\Database\\Migrations\\Migrator.php(407): Illuminate\\Database\\Migrations\\Migrator->write('Illuminate\\\\Cons...', '0001_01_01_0000...', Object(Closure))
#14 D:\\Users\\Raphael\\Desktop\\desafio_senai\\projects\\technology-solutions-api\\api\\vendor\\laravel\\framework\\src\\Illuminate\\Database\\Migrations\\Migrator.php(330): Illuminate\\Database\\Migrations\\Migrator->runDown('D:\\\\Users\\\\Raphae...', Object(stdClass), false)
#15 D:\\Users\\Raphael\\Desktop\\desafio_senai\\projects\\technology-solutions-api\\api\\vendor\\laravel\\framework\\src\\Illuminate\\Database\\Migrations\\Migrator.php(381): Illuminate\\Database\\Migrations\\Migrator->rollbackMigrations(Array, Array, Array)
#16 D:\\Users\\Raphael\\Desktop\\desafio_senai\\projects\\technology-solutions-api\\api\\vendor\\laravel\\framework\\src\\Illuminate\\Database\\Migrations\\Migrator.php(361): Illuminate\\Database\\Migrations\\Migrator->resetMigrations(Array, Array, false)
#17 D:\\Users\\Raphael\\Desktop\\desafio_senai\\projects\\technology-solutions-api\\api\\vendor\\laravel\\framework\\src\\Illuminate\\Database\\Console\\Migrations\\ResetCommand.php(71): Illuminate\\Database\\Migrations\\Migrator->reset(Array, false)
#18 D:\\Users\\Raphael\\Desktop\\desafio_senai\\projects\\technology-solutions-api\\api\\vendor\\laravel\\framework\\src\\Illuminate\\Database\\Migrations\\Migrator.php(658): Illuminate\\Database\\Console\\Migrations\\ResetCommand->Illuminate\\Database\\Console\\Migrations\\{closure}()
#19 D:\\Users\\Raphael\\Desktop\\desafio_senai\\projects\\technology-solutions-api\\api\\vendor\\laravel\\framework\\src\\Illuminate\\Database\\Console\\Migrations\\ResetCommand.php(63): Illuminate\\Database\\Migrations\\Migrator->usingConnection(NULL, Object(Closure))
#20 D:\\Users\\Raphael\\Desktop\\desafio_senai\\projects\\technology-solutions-api\\api\\vendor\\laravel\\framework\\src\\Illuminate\\Container\\BoundMethod.php(36): Illuminate\\Database\\Console\\Migrations\\ResetCommand->handle()
#21 D:\\Users\\Raphael\\Desktop\\desafio_senai\\projects\\technology-solutions-api\\api\\vendor\\laravel\\framework\\src\\Illuminate\\Container\\Util.php(43): Illuminate\\Container\\BoundMethod::Illuminate\\Container\\{closure}()
#22 D:\\Users\\Raphael\\Desktop\\desafio_senai\\projects\\technology-solutions-api\\api\\vendor\\laravel\\framework\\src\\Illuminate\\Container\\BoundMethod.php(95): Illuminate\\Container\\Util::unwrapIfClosure(Object(Closure))
#23 D:\\Users\\Raphael\\Desktop\\desafio_senai\\projects\\technology-solutions-api\\api\\vendor\\laravel\\framework\\src\\Illuminate\\Container\\BoundMethod.php(35): Illuminate\\Container\\BoundMethod::callBoundMethod(Object(Illuminate\\Foundation\\Application), Array, Object(Closure))
#24 D:\\Users\\Raphael\\Desktop\\desafio_senai\\projects\\technology-solutions-api\\api\\vendor\\laravel\\framework\\src\\Illuminate\\Container\\Container.php(754): Illuminate\\Container\\BoundMethod::call(Object(Illuminate\\Foundation\\Application), Array, Array, NULL)
#25 D:\\Users\\Raphael\\Desktop\\desafio_senai\\projects\\technology-solutions-api\\api\\vendor\\laravel\\framework\\src\\Illuminate\\Console\\Command.php(213): Illuminate\\Container\\Container->call(Array)
#26 D:\\Users\\Raphael\\Desktop\\desafio_senai\\projects\\technology-solutions-api\\api\\vendor\\symfony\\console\\Command\\Command.php(279): Illuminate\\Console\\Command->execute(Object(Symfony\\Component\\Console\\Input\\ArgvInput), Object(Illuminate\\Console\\OutputStyle))
#27 D:\\Users\\Raphael\\Desktop\\desafio_senai\\projects\\technology-solutions-api\\api\\vendor\\laravel\\framework\\src\\Illuminate\\Console\\Command.php(182): Symfony\\Component\\Console\\Command\\Command->run(Object(Symfony\\Component\\Console\\Input\\ArgvInput), Object(Illuminate\\Console\\OutputStyle))
#28 D:\\Users\\Raphael\\Desktop\\desafio_senai\\projects\\technology-solutions-api\\api\\vendor\\symfony\\console\\Application.php(1094): Illuminate\\Console\\Command->run(Object(Symfony\\Component\\Console\\Input\\ArgvInput), Object(Symfony\\Component\\Console\\Output\\ConsoleOutput))
#29 D:\\Users\\Raphael\\Desktop\\desafio_senai\\projects\\technology-solutions-api\\api\\vendor\\symfony\\console\\Application.php(342): Symfony\\Component\\Console\\Application->doRunCommand(Object(Illuminate\\Database\\Console\\Migrations\\ResetCommand), Object(Symfony\\Component\\Console\\Input\\ArgvInput), Object(Symfony\\Component\\Console\\Output\\ConsoleOutput))
#30 D:\\Users\\Raphael\\Desktop\\desafio_senai\\projects\\technology-solutions-api\\api\\vendor\\symfony\\console\\Application.php(193): Symfony\\Component\\Console\\Application->doRun(Object(Symfony\\Component\\Console\\Input\\ArgvInput), Object(Symfony\\Component\\Console\\Output\\ConsoleOutput))
#31 D:\\Users\\Raphael\\Desktop\\desafio_senai\\projects\\technology-solutions-api\\api\\vendor\\laravel\\framework\\src\\Illuminate\\Foundation\\Console\\Kernel.php(198): Symfony\\Component\\Console\\Application->run(Object(Symfony\\Component\\Console\\Input\\ArgvInput), Object(Symfony\\Component\\Console\\Output\\ConsoleOutput))
#32 D:\\Users\\Raphael\\Desktop\\desafio_senai\\projects\\technology-solutions-api\\api\\vendor\\laravel\\framework\\src\\Illuminate\\Foundation\\Application.php(1235): Illuminate\\Foundation\\Console\\Kernel->handle(Object(Symfony\\Component\\Console\\Input\\ArgvInput), Object(Symfony\\Component\\Console\\Output\\ConsoleOutput))
#33 D:\\Users\\Raphael\\Desktop\\desafio_senai\\projects\\technology-solutions-api\\api\\artisan(16): Illuminate\\Foundation\\Application->handleCommand(Object(Symfony\\Component\\Console\\Input\\ArgvInput))
#34 {main}

[previous exception] [object] (PDOException(code: 42S02): SQLSTATE[42S02]: Base table or view not found: 1146 Table 'technology_solutions_db.users' doesn't exist at D:\\Users\\Raphael\\Desktop\\desafio_senai\\projects\\technology-solutions-api\\api\\vendor\\laravel\\framework\\src\\Illuminate\\Database\\Connection.php:569)
[stacktrace]
#0 D:\\Users\\Raphael\\Desktop\\desafio_senai\\projects\\technology-solutions-api\\api\\vendor\\laravel\\framework\\src\\Illuminate\\Database\\Connection.php(569): PDOStatement->execute()
#1 D:\\Users\\Raphael\\Desktop\\desafio_senai\\projects\\technology-solutions-api\\api\\vendor\\laravel\\framework\\src\\Illuminate\\Database\\Connection.php(810): Illuminate\\Database\\Connection->Illuminate\\Database\\{closure}('alter table `us...', Array)
#2 D:\\Users\\Raphael\\Desktop\\desafio_senai\\projects\\technology-solutions-api\\api\\vendor\\laravel\\framework\\src\\Illuminate\\Database\\Connection.php(777): Illuminate\\Database\\Connection->runQueryCallback('alter table `us...', Array, Object(Closure))
#3 D:\\Users\\Raphael\\Desktop\\desafio_senai\\projects\\technology-solutions-api\\api\\vendor\\laravel\\framework\\src\\Illuminate\\Database\\Connection.php(558): Illuminate\\Database\\Connection->run('alter table `us...', Array, Object(Closure))
#4 D:\\Users\\Raphael\\Desktop\\desafio_senai\\projects\\technology-solutions-api\\api\\vendor\\laravel\\framework\\src\\Illuminate\\Database\\Schema\\Blueprint.php(120): Illuminate\\Database\\Connection->statement('alter table `us...')
#5 D:\\Users\\Raphael\\Desktop\\desafio_senai\\projects\\technology-solutions-api\\api\\vendor\\laravel\\framework\\src\\Illuminate\\Database\\Schema\\Builder.php(619): Illuminate\\Database\\Schema\\Blueprint->build()
#6 D:\\Users\\Raphael\\Desktop\\desafio_senai\\projects\\technology-solutions-api\\api\\vendor\\laravel\\framework\\src\\Illuminate\\Database\\Schema\\Builder.php(461): Illuminate\\Database\\Schema\\Builder->build(Object(Illuminate\\Database\\Schema\\Blueprint))
#7 D:\\Users\\Raphael\\Desktop\\desafio_senai\\projects\\technology-solutions-api\\api\\vendor\\laravel\\framework\\src\\Illuminate\\Support\\Facades\\Facade.php(361): Illuminate\\Database\\Schema\\Builder->table('users', Object(Closure))
#8 D:\\Users\\Raphael\\Desktop\\desafio_senai\\projects\\technology-solutions-api\\api\\database\\migrations\\0001_01_01_000000_create_users_table.php(49): Illuminate\\Support\\Facades\\Facade::__callStatic('table', Array)
#9 D:\\Users\\Raphael\\Desktop\\desafio_senai\\projects\\technology-solutions-api\\api\\vendor\\laravel\\framework\\src\\Illuminate\\Database\\Migrations\\Migrator.php(507): Illuminate\\Database\\Migrations\\Migration@anonymous->down()
#10 D:\\Users\\Raphael\\Desktop\\desafio_senai\\projects\\technology-solutions-api\\api\\vendor\\laravel\\framework\\src\\Illuminate\\Database\\Migrations\\Migrator.php(432): Illuminate\\Database\\Migrations\\Migrator->runMethod(Object(Illuminate\\Database\\MySqlConnection), Object(Illuminate\\Database\\Migrations\\Migration@anonymous), 'down')
#11 D:\\Users\\Raphael\\Desktop\\desafio_senai\\projects\\technology-solutions-api\\api\\vendor\\laravel\\framework\\src\\Illuminate\\Database\\Migrations\\Migrator.php(441): Illuminate\\Database\\Migrations\\Migrator->Illuminate\\Database\\Migrations\\{closure}()
#12 D:\\Users\\Raphael\\Desktop\\desafio_senai\\projects\\technology-solutions-api\\api\\vendor\\laravel\\framework\\src\\Illuminate\\Database\\Migrations\\Migrator.php(407): Illuminate\\Database\\Migrations\\Migrator->runMigration(Object(Illuminate\\Database\\Migrations\\Migration@anonymous), 'down')
#13 D:\\Users\\Raphael\\Desktop\\desafio_senai\\projects\\technology-solutions-api\\api\\vendor\\laravel\\framework\\src\\Illuminate\\Console\\View\\Components\\Task.php(40): Illuminate\\Database\\Migrations\\Migrator->Illuminate\\Database\\Migrations\\{closure}()
#14 D:\\Users\\Raphael\\Desktop\\desafio_senai\\projects\\technology-solutions-api\\api\\vendor\\laravel\\framework\\src\\Illuminate\\Database\\Migrations\\Migrator.php(798): Illuminate\\Console\\View\\Components\\Task->render('0001_01_01_0000...', Object(Closure))
#15 D:\\Users\\Raphael\\Desktop\\desafio_senai\\projects\\technology-solutions-api\\api\\vendor\\laravel\\framework\\src\\Illuminate\\Database\\Migrations\\Migrator.php(407): Illuminate\\Database\\Migrations\\Migrator->write('Illuminate\\\\Cons...', '0001_01_01_0000...', Object(Closure))
#16 D:\\Users\\Raphael\\Desktop\\desafio_senai\\projects\\technology-solutions-api\\api\\vendor\\laravel\\framework\\src\\Illuminate\\Database\\Migrations\\Migrator.php(330): Illuminate\\Database\\Migrations\\Migrator->runDown('D:\\\\Users\\\\Raphae...', Object(stdClass), false)
#17 D:\\Users\\Raphael\\Desktop\\desafio_senai\\projects\\technology-solutions-api\\api\\vendor\\laravel\\framework\\src\\Illuminate\\Database\\Migrations\\Migrator.php(381): Illuminate\\Database\\Migrations\\Migrator->rollbackMigrations(Array, Array, Array)
#18 D:\\Users\\Raphael\\Desktop\\desafio_senai\\projects\\technology-solutions-api\\api\\vendor\\laravel\\framework\\src\\Illuminate\\Database\\Migrations\\Migrator.php(361): Illuminate\\Database\\Migrations\\Migrator->resetMigrations(Array, Array, false)
#19 D:\\Users\\Raphael\\Desktop\\desafio_senai\\projects\\technology-solutions-api\\api\\vendor\\laravel\\framework\\src\\Illuminate\\Database\\Console\\Migrations\\ResetCommand.php(71): Illuminate\\Database\\Migrations\\Migrator->reset(Array, false)
#20 D:\\Users\\Raphael\\Desktop\\desafio_senai\\projects\\technology-solutions-api\\api\\vendor\\laravel\\framework\\src\\Illuminate\\Database\\Migrations\\Migrator.php(658): Illuminate\\Database\\Console\\Migrations\\ResetCommand->Illuminate\\Database\\Console\\Migrations\\{closure}()
#21 D:\\Users\\Raphael\\Desktop\\desafio_senai\\projects\\technology-solutions-api\\api\\vendor\\laravel\\framework\\src\\Illuminate\\Database\\Console\\Migrations\\ResetCommand.php(63): Illuminate\\Database\\Migrations\\Migrator->usingConnection(NULL, Object(Closure))
#22 D:\\Users\\Raphael\\Desktop\\desafio_senai\\projects\\technology-solutions-api\\api\\vendor\\laravel\\framework\\src\\Illuminate\\Container\\BoundMethod.php(36): Illuminate\\Database\\Console\\Migrations\\ResetCommand->handle()
#23 D:\\Users\\Raphael\\Desktop\\desafio_senai\\projects\\technology-solutions-api\\api\\vendor\\laravel\\framework\\src\\Illuminate\\Container\\Util.php(43): Illuminate\\Container\\BoundMethod::Illuminate\\Container\\{closure}()
#24 D:\\Users\\Raphael\\Desktop\\desafio_senai\\projects\\technology-solutions-api\\api\\vendor\\laravel\\framework\\src\\Illuminate\\Container\\BoundMethod.php(95): Illuminate\\Container\\Util::unwrapIfClosure(Object(Closure))
#25 D:\\Users\\Raphael\\Desktop\\desafio_senai\\projects\\technology-solutions-api\\api\\vendor\\laravel\\framework\\src\\Illuminate\\Container\\BoundMethod.php(35): Illuminate\\Container\\BoundMethod::callBoundMethod(Object(Illuminate\\Foundation\\Application), Array, Object(Closure))
#26 D:\\Users\\Raphael\\Desktop\\desafio_senai\\projects\\technology-solutions-api\\api\\vendor\\laravel\\framework\\src\\Illuminate\\Container\\Container.php(754): Illuminate\\Container\\BoundMethod::call(Object(Illuminate\\Foundation\\Application), Array, Array, NULL)
#27 D:\\Users\\Raphael\\Desktop\\desafio_senai\\projects\\technology-solutions-api\\api\\vendor\\laravel\\framework\\src\\Illuminate\\Console\\Command.php(213): Illuminate\\Container\\Container->call(Array)
#28 D:\\Users\\Raphael\\Desktop\\desafio_senai\\projects\\technology-solutions-api\\api\\vendor\\symfony\\console\\Command\\Command.php(279): Illuminate\\Console\\Command->execute(Object(Symfony\\Component\\Console\\Input\\ArgvInput), Object(Illuminate\\Console\\OutputStyle))
#29 D:\\Users\\Raphael\\Desktop\\desafio_senai\\projects\\technology-solutions-api\\api\\vendor\\laravel\\framework\\src\\Illuminate\\Console\\Command.php(182): Symfony\\Component\\Console\\Command\\Command->run(Object(Symfony\\Component\\Console\\Input\\ArgvInput), Object(Illuminate\\Console\\OutputStyle))
#30 D:\\Users\\Raphael\\Desktop\\desafio_senai\\projects\\technology-solutions-api\\api\\vendor\\symfony\\console\\Application.php(1094): Illuminate\\Console\\Command->run(Object(Symfony\\Component\\Console\\Input\\ArgvInput), Object(Symfony\\Component\\Console\\Output\\ConsoleOutput))
#31 D:\\Users\\Raphael\\Desktop\\desafio_senai\\projects\\technology-solutions-api\\api\\vendor\\symfony\\console\\Application.php(342): Symfony\\Component\\Console\\Application->doRunCommand(Object(Illuminate\\Database\\Console\\Migrations\\ResetCommand), Object(Symfony\\Component\\Console\\Input\\ArgvInput), Object(Symfony\\Component\\Console\\Output\\ConsoleOutput))
#32 D:\\Users\\Raphael\\Desktop\\desafio_senai\\projects\\technology-solutions-api\\api\\vendor\\symfony\\console\\Application.php(193): Symfony\\Component\\Console\\Application->doRun(Object(Symfony\\Component\\Console\\Input\\ArgvInput), Object(Symfony\\Component\\Console\\Output\\ConsoleOutput))
#33 D:\\Users\\Raphael\\Desktop\\desafio_senai\\projects\\technology-solutions-api\\api\\vendor\\laravel\\framework\\src\\Illuminate\\Foundation\\Console\\Kernel.php(198): Symfony\\Component\\Console\\Application->run(Object(Symfony\\Component\\Console\\Input\\ArgvInput), Object(Symfony\\Component\\Console\\Output\\ConsoleOutput))
#34 D:\\Users\\Raphael\\Desktop\\desafio_senai\\projects\\technology-solutions-api\\api\\vendor\\laravel\\framework\\src\\Illuminate\\Foundation\\Application.php(1235): Illuminate\\Foundation\\Console\\Kernel->handle(Object(Symfony\\Component\\Console\\Input\\ArgvInput), Object(Symfony\\Component\\Console\\Output\\ConsoleOutput))
#35 D:\\Users\\Raphael\\Desktop\\desafio_senai\\projects\\technology-solutions-api\\api\\artisan(16): Illuminate\\Foundation\\Application->handleCommand(Object(Symfony\\Component\\Console\\Input\\ArgvInput))
#36 {main}
"} 
[2025-02-27 13:08:17] local.ERROR: SQLSTATE[42S02]: Base table or view not found: 1146 Table 'technology_solutions_db.cache' doesn't exist (Connection: mysql, SQL: delete from `cache`) {"exception":"[object] (Illuminate\\Database\\QueryException(code: 42S02): SQLSTATE[42S02]: Base table or view not found: 1146 Table 'technology_solutions_db.cache' doesn't exist (Connection: mysql, SQL: delete from `cache`) at D:\\Users\\Raphael\\Desktop\\desafio_senai\\projects\\technology-solutions-api\\api\\vendor\\laravel\\framework\\src\\Illuminate\\Database\\Connection.php:823)
[stacktrace]
#0 D:\\Users\\Raphael\\Desktop\\desafio_senai\\projects\\technology-solutions-api\\api\\vendor\\laravel\\framework\\src\\Illuminate\\Database\\Connection.php(777): Illuminate\\Database\\Connection->runQueryCallback('delete from `ca...', Array, Object(Closure))
#1 D:\\Users\\Raphael\\Desktop\\desafio_senai\\projects\\technology-solutions-api\\api\\vendor\\laravel\\framework\\src\\Illuminate\\Database\\Connection.php(582): Illuminate\\Database\\Connection->run('delete from `ca...', Array, Object(Closure))
#2 D:\\Users\\Raphael\\Desktop\\desafio_senai\\projects\\technology-solutions-api\\api\\vendor\\laravel\\framework\\src\\Illuminate\\Database\\Connection.php(546): Illuminate\\Database\\Connection->affectingStatement('delete from `ca...', Array)
#3 D:\\Users\\Raphael\\Desktop\\desafio_senai\\projects\\technology-solutions-api\\api\\vendor\\laravel\\framework\\src\\Illuminate\\Database\\Query\\Builder.php(4024): Illuminate\\Database\\Connection->delete('delete from `ca...', Array)
#4 D:\\Users\\Raphael\\Desktop\\desafio_senai\\projects\\technology-solutions-api\\api\\vendor\\laravel\\framework\\src\\Illuminate\\Cache\\DatabaseStore.php(422): Illuminate\\Database\\Query\\Builder->delete()
#5 D:\\Users\\Raphael\\Desktop\\desafio_senai\\projects\\technology-solutions-api\\api\\vendor\\laravel\\framework\\src\\Illuminate\\Cache\\Repository.php(792): Illuminate\\Cache\\DatabaseStore->flush()
#6 D:\\Users\\Raphael\\Desktop\\desafio_senai\\projects\\technology-solutions-api\\api\\vendor\\laravel\\framework\\src\\Illuminate\\Cache\\Console\\ClearCommand.php(69): Illuminate\\Cache\\Repository->__call('flush', Array)
#7 D:\\Users\\Raphael\\Desktop\\desafio_senai\\projects\\technology-solutions-api\\api\\vendor\\laravel\\framework\\src\\Illuminate\\Container\\BoundMethod.php(36): Illuminate\\Cache\\Console\\ClearCommand->handle()
#8 D:\\Users\\Raphael\\Desktop\\desafio_senai\\projects\\technology-solutions-api\\api\\vendor\\laravel\\framework\\src\\Illuminate\\Container\\Util.php(43): Illuminate\\Container\\BoundMethod::Illuminate\\Container\\{closure}()
#9 D:\\Users\\Raphael\\Desktop\\desafio_senai\\projects\\technology-solutions-api\\api\\vendor\\laravel\\framework\\src\\Illuminate\\Container\\BoundMethod.php(95): Illuminate\\Container\\Util::unwrapIfClosure(Object(Closure))
#10 D:\\Users\\Raphael\\Desktop\\desafio_senai\\projects\\technology-solutions-api\\api\\vendor\\laravel\\framework\\src\\Illuminate\\Container\\BoundMethod.php(35): Illuminate\\Container\\BoundMethod::callBoundMethod(Object(Illuminate\\Foundation\\Application), Array, Object(Closure))
#11 D:\\Users\\Raphael\\Desktop\\desafio_senai\\projects\\technology-solutions-api\\api\\vendor\\laravel\\framework\\src\\Illuminate\\Container\\Container.php(754): Illuminate\\Container\\BoundMethod::call(Object(Illuminate\\Foundation\\Application), Array, Array, NULL)
#12 D:\\Users\\Raphael\\Desktop\\desafio_senai\\projects\\technology-solutions-api\\api\\vendor\\laravel\\framework\\src\\Illuminate\\Console\\Command.php(213): Illuminate\\Container\\Container->call(Array)
#13 D:\\Users\\Raphael\\Desktop\\desafio_senai\\projects\\technology-solutions-api\\api\\vendor\\symfony\\console\\Command\\Command.php(279): Illuminate\\Console\\Command->execute(Object(Symfony\\Component\\Console\\Input\\ArgvInput), Object(Illuminate\\Console\\OutputStyle))
#14 D:\\Users\\Raphael\\Desktop\\desafio_senai\\projects\\technology-solutions-api\\api\\vendor\\laravel\\framework\\src\\Illuminate\\Console\\Command.php(182): Symfony\\Component\\Console\\Command\\Command->run(Object(Symfony\\Component\\Console\\Input\\ArgvInput), Object(Illuminate\\Console\\OutputStyle))
#15 D:\\Users\\Raphael\\Desktop\\desafio_senai\\projects\\technology-solutions-api\\api\\vendor\\symfony\\console\\Application.php(1094): Illuminate\\Console\\Command->run(Object(Symfony\\Component\\Console\\Input\\ArgvInput), Object(Symfony\\Component\\Console\\Output\\ConsoleOutput))
#16 D:\\Users\\Raphael\\Desktop\\desafio_senai\\projects\\technology-solutions-api\\api\\vendor\\symfony\\console\\Application.php(342): Symfony\\Component\\Console\\Application->doRunCommand(Object(Illuminate\\Cache\\Console\\ClearCommand), Object(Symfony\\Component\\Console\\Input\\ArgvInput), Object(Symfony\\Component\\Console\\Output\\ConsoleOutput))
#17 D:\\Users\\Raphael\\Desktop\\desafio_senai\\projects\\technology-solutions-api\\api\\vendor\\symfony\\console\\Application.php(193): Symfony\\Component\\Console\\Application->doRun(Object(Symfony\\Component\\Console\\Input\\ArgvInput), Object(Symfony\\Component\\Console\\Output\\ConsoleOutput))
#18 D:\\Users\\Raphael\\Desktop\\desafio_senai\\projects\\technology-solutions-api\\api\\vendor\\laravel\\framework\\src\\Illuminate\\Foundation\\Console\\Kernel.php(198): Symfony\\Component\\Console\\Application->run(Object(Symfony\\Component\\Console\\Input\\ArgvInput), Object(Symfony\\Component\\Console\\Output\\ConsoleOutput))
#19 D:\\Users\\Raphael\\Desktop\\desafio_senai\\projects\\technology-solutions-api\\api\\vendor\\laravel\\framework\\src\\Illuminate\\Foundation\\Application.php(1235): Illuminate\\Foundation\\Console\\Kernel->handle(Object(Symfony\\Component\\Console\\Input\\ArgvInput), Object(Symfony\\Component\\Console\\Output\\ConsoleOutput))
#20 D:\\Users\\Raphael\\Desktop\\desafio_senai\\projects\\technology-solutions-api\\api\\artisan(16): Illuminate\\Foundation\\Application->handleCommand(Object(Symfony\\Component\\Console\\Input\\ArgvInput))
#21 {main}

[previous exception] [object] (PDOException(code: 42S02): SQLSTATE[42S02]: Base table or view not found: 1146 Table 'technology_solutions_db.cache' doesn't exist at D:\\Users\\Raphael\\Desktop\\desafio_senai\\projects\\technology-solutions-api\\api\\vendor\\laravel\\framework\\src\\Illuminate\\Database\\Connection.php:590)
[stacktrace]
#0 D:\\Users\\Raphael\\Desktop\\desafio_senai\\projects\\technology-solutions-api\\api\\vendor\\laravel\\framework\\src\\Illuminate\\Database\\Connection.php(590): PDO->prepare('delete from `ca...')
#1 D:\\Users\\Raphael\\Desktop\\desafio_senai\\projects\\technology-solutions-api\\api\\vendor\\laravel\\framework\\src\\Illuminate\\Database\\Connection.php(810): Illuminate\\Database\\Connection->Illuminate\\Database\\{closure}('delete from `ca...', Array)
#2 D:\\Users\\Raphael\\Desktop\\desafio_senai\\projects\\technology-solutions-api\\api\\vendor\\laravel\\framework\\src\\Illuminate\\Database\\Connection.php(777): Illuminate\\Database\\Connection->runQueryCallback('delete from `ca...', Array, Object(Closure))
#3 D:\\Users\\Raphael\\Desktop\\desafio_senai\\projects\\technology-solutions-api\\api\\vendor\\laravel\\framework\\src\\Illuminate\\Database\\Connection.php(582): Illuminate\\Database\\Connection->run('delete from `ca...', Array, Object(Closure))
#4 D:\\Users\\Raphael\\Desktop\\desafio_senai\\projects\\technology-solutions-api\\api\\vendor\\laravel\\framework\\src\\Illuminate\\Database\\Connection.php(546): Illuminate\\Database\\Connection->affectingStatement('delete from `ca...', Array)
#5 D:\\Users\\Raphael\\Desktop\\desafio_senai\\projects\\technology-solutions-api\\api\\vendor\\laravel\\framework\\src\\Illuminate\\Database\\Query\\Builder.php(4024): Illuminate\\Database\\Connection->delete('delete from `ca...', Array)
#6 D:\\Users\\Raphael\\Desktop\\desafio_senai\\projects\\technology-solutions-api\\api\\vendor\\laravel\\framework\\src\\Illuminate\\Cache\\DatabaseStore.php(422): Illuminate\\Database\\Query\\Builder->delete()
#7 D:\\Users\\Raphael\\Desktop\\desafio_senai\\projects\\technology-solutions-api\\api\\vendor\\laravel\\framework\\src\\Illuminate\\Cache\\Repository.php(792): Illuminate\\Cache\\DatabaseStore->flush()
#8 D:\\Users\\Raphael\\Desktop\\desafio_senai\\projects\\technology-solutions-api\\api\\vendor\\laravel\\framework\\src\\Illuminate\\Cache\\Console\\ClearCommand.php(69): Illuminate\\Cache\\Repository->__call('flush', Array)
#9 D:\\Users\\Raphael\\Desktop\\desafio_senai\\projects\\technology-solutions-api\\api\\vendor\\laravel\\framework\\src\\Illuminate\\Container\\BoundMethod.php(36): Illuminate\\Cache\\Console\\ClearCommand->handle()
#10 D:\\Users\\Raphael\\Desktop\\desafio_senai\\projects\\technology-solutions-api\\api\\vendor\\laravel\\framework\\src\\Illuminate\\Container\\Util.php(43): Illuminate\\Container\\BoundMethod::Illuminate\\Container\\{closure}()
#11 D:\\Users\\Raphael\\Desktop\\desafio_senai\\projects\\technology-solutions-api\\api\\vendor\\laravel\\framework\\src\\Illuminate\\Container\\BoundMethod.php(95): Illuminate\\Container\\Util::unwrapIfClosure(Object(Closure))
#12 D:\\Users\\Raphael\\Desktop\\desafio_senai\\projects\\technology-solutions-api\\api\\vendor\\laravel\\framework\\src\\Illuminate\\Container\\BoundMethod.php(35): Illuminate\\Container\\BoundMethod::callBoundMethod(Object(Illuminate\\Foundation\\Application), Array, Object(Closure))
#13 D:\\Users\\Raphael\\Desktop\\desafio_senai\\projects\\technology-solutions-api\\api\\vendor\\laravel\\framework\\src\\Illuminate\\Container\\Container.php(754): Illuminate\\Container\\BoundMethod::call(Object(Illuminate\\Foundation\\Application), Array, Array, NULL)
#14 D:\\Users\\Raphael\\Desktop\\desafio_senai\\projects\\technology-solutions-api\\api\\vendor\\laravel\\framework\\src\\Illuminate\\Console\\Command.php(213): Illuminate\\Container\\Container->call(Array)
#15 D:\\Users\\Raphael\\Desktop\\desafio_senai\\projects\\technology-solutions-api\\api\\vendor\\symfony\\console\\Command\\Command.php(279): Illuminate\\Console\\Command->execute(Object(Symfony\\Component\\Console\\Input\\ArgvInput), Object(Illuminate\\Console\\OutputStyle))
#16 D:\\Users\\Raphael\\Desktop\\desafio_senai\\projects\\technology-solutions-api\\api\\vendor\\laravel\\framework\\src\\Illuminate\\Console\\Command.php(182): Symfony\\Component\\Console\\Command\\Command->run(Object(Symfony\\Component\\Console\\Input\\ArgvInput), Object(Illuminate\\Console\\OutputStyle))
#17 D:\\Users\\Raphael\\Desktop\\desafio_senai\\projects\\technology-solutions-api\\api\\vendor\\symfony\\console\\Application.php(1094): Illuminate\\Console\\Command->run(Object(Symfony\\Component\\Console\\Input\\ArgvInput), Object(Symfony\\Component\\Console\\Output\\ConsoleOutput))
#18 D:\\Users\\Raphael\\Desktop\\desafio_senai\\projects\\technology-solutions-api\\api\\vendor\\symfony\\console\\Application.php(342): Symfony\\Component\\Console\\Application->doRunCommand(Object(Illuminate\\Cache\\Console\\ClearCommand), Object(Symfony\\Component\\Console\\Input\\ArgvInput), Object(Symfony\\Component\\Console\\Output\\ConsoleOutput))
#19 D:\\Users\\Raphael\\Desktop\\desafio_senai\\projects\\technology-solutions-api\\api\\vendor\\symfony\\console\\Application.php(193): Symfony\\Component\\Console\\Application->doRun(Object(Symfony\\Component\\Console\\Input\\ArgvInput), Object(Symfony\\Component\\Console\\Output\\ConsoleOutput))
#20 D:\\Users\\Raphael\\Desktop\\desafio_senai\\projects\\technology-solutions-api\\api\\vendor\\laravel\\framework\\src\\Illuminate\\Foundation\\Console\\Kernel.php(198): Symfony\\Component\\Console\\Application->run(Object(Symfony\\Component\\Console\\Input\\ArgvInput), Object(Symfony\\Component\\Console\\Output\\ConsoleOutput))
#21 D:\\Users\\Raphael\\Desktop\\desafio_senai\\projects\\technology-solutions-api\\api\\vendor\\laravel\\framework\\src\\Illuminate\\Foundation\\Application.php(1235): Illuminate\\Foundation\\Console\\Kernel->handle(Object(Symfony\\Component\\Console\\Input\\ArgvInput), Object(Symfony\\Component\\Console\\Output\\ConsoleOutput))
#22 D:\\Users\\Raphael\\Desktop\\desafio_senai\\projects\\technology-solutions-api\\api\\artisan(16): Illuminate\\Foundation\\Application->handleCommand(Object(Symfony\\Component\\Console\\Input\\ArgvInput))
#23 {main}
"} 
[2025-02-27 13:08:29] local.ERROR: SQLSTATE[HY000]: General error: 1005 Can't create table `technology_solutions_db`.`telefones` (errno: 150 "Foreign key constraint is incorrectly formed") (Connection: mysql, SQL: alter table `telefones` add constraint `telefones_user_id_foreign` foreign key (`user_id`) references `users` (`id`) on delete cascade) {"exception":"[object] (Illuminate\\Database\\QueryException(code: HY000): SQLSTATE[HY000]: General error: 1005 Can't create table `technology_solutions_db`.`telefones` (errno: 150 \"Foreign key constraint is incorrectly formed\") (Connection: mysql, SQL: alter table `telefones` add constraint `telefones_user_id_foreign` foreign key (`user_id`) references `users` (`id`) on delete cascade) at D:\\Users\\Raphael\\Desktop\\desafio_senai\\projects\\technology-solutions-api\\api\\vendor\\laravel\\framework\\src\\Illuminate\\Database\\Connection.php:823)
[stacktrace]
#0 D:\\Users\\Raphael\\Desktop\\desafio_senai\\projects\\technology-solutions-api\\api\\vendor\\laravel\\framework\\src\\Illuminate\\Database\\Connection.php(777): Illuminate\\Database\\Connection->runQueryCallback('alter table `te...', Array, Object(Closure))
#1 D:\\Users\\Raphael\\Desktop\\desafio_senai\\projects\\technology-solutions-api\\api\\vendor\\laravel\\framework\\src\\Illuminate\\Database\\Connection.php(558): Illuminate\\Database\\Connection->run('alter table `te...', Array, Object(Closure))
#2 D:\\Users\\Raphael\\Desktop\\desafio_senai\\projects\\technology-solutions-api\\api\\vendor\\laravel\\framework\\src\\Illuminate\\Database\\Schema\\Blueprint.php(120): Illuminate\\Database\\Connection->statement('alter table `te...')
#3 D:\\Users\\Raphael\\Desktop\\desafio_senai\\projects\\technology-solutions-api\\api\\vendor\\laravel\\framework\\src\\Illuminate\\Database\\Schema\\Builder.php(619): Illuminate\\Database\\Schema\\Blueprint->build()
#4 D:\\Users\\Raphael\\Desktop\\desafio_senai\\projects\\technology-solutions-api\\api\\vendor\\laravel\\framework\\src\\Illuminate\\Database\\Schema\\Builder.php(473): Illuminate\\Database\\Schema\\Builder->build(Object(Illuminate\\Database\\Schema\\Blueprint))
#5 D:\\Users\\Raphael\\Desktop\\desafio_senai\\projects\\technology-solutions-api\\api\\vendor\\laravel\\framework\\src\\Illuminate\\Support\\Facades\\Facade.php(361): Illuminate\\Database\\Schema\\Builder->create('telefones', Object(Closure))
#6 D:\\Users\\Raphael\\Desktop\\desafio_senai\\projects\\technology-solutions-api\\api\\database\\migrations\\2025_02_27_120844_create_telefones.php(15): Illuminate\\Support\\Facades\\Facade::__callStatic('create', Array)
#7 D:\\Users\\Raphael\\Desktop\\desafio_senai\\projects\\technology-solutions-api\\api\\vendor\\laravel\\framework\\src\\Illuminate\\Database\\Migrations\\Migrator.php(507): Illuminate\\Database\\Migrations\\Migration@anonymous->up()
#8 D:\\Users\\Raphael\\Desktop\\desafio_senai\\projects\\technology-solutions-api\\api\\vendor\\laravel\\framework\\src\\Illuminate\\Database\\Migrations\\Migrator.php(432): Illuminate\\Database\\Migrations\\Migrator->runMethod(Object(Illuminate\\Database\\MySqlConnection), Object(Illuminate\\Database\\Migrations\\Migration@anonymous), 'up')
#9 D:\\Users\\Raphael\\Desktop\\desafio_senai\\projects\\technology-solutions-api\\api\\vendor\\laravel\\framework\\src\\Illuminate\\Database\\Migrations\\Migrator.php(441): Illuminate\\Database\\Migrations\\Migrator->Illuminate\\Database\\Migrations\\{closure}()
#10 D:\\Users\\Raphael\\Desktop\\desafio_senai\\projects\\technology-solutions-api\\api\\vendor\\laravel\\framework\\src\\Illuminate\\Database\\Migrations\\Migrator.php(244): Illuminate\\Database\\Migrations\\Migrator->runMigration(Object(Illuminate\\Database\\Migrations\\Migration@anonymous), 'up')
#11 D:\\Users\\Raphael\\Desktop\\desafio_senai\\projects\\technology-solutions-api\\api\\vendor\\laravel\\framework\\src\\Illuminate\\Console\\View\\Components\\Task.php(40): Illuminate\\Database\\Migrations\\Migrator->Illuminate\\Database\\Migrations\\{closure}()
#12 D:\\Users\\Raphael\\Desktop\\desafio_senai\\projects\\technology-solutions-api\\api\\vendor\\laravel\\framework\\src\\Illuminate\\Database\\Migrations\\Migrator.php(798): Illuminate\\Console\\View\\Components\\Task->render('2025_02_27_1208...', Object(Closure))
#13 D:\\Users\\Raphael\\Desktop\\desafio_senai\\projects\\technology-solutions-api\\api\\vendor\\laravel\\framework\\src\\Illuminate\\Database\\Migrations\\Migrator.php(244): Illuminate\\Database\\Migrations\\Migrator->write('Illuminate\\\\Cons...', '2025_02_27_1208...', Object(Closure))
#14 D:\\Users\\Raphael\\Desktop\\desafio_senai\\projects\\technology-solutions-api\\api\\vendor\\laravel\\framework\\src\\Illuminate\\Database\\Migrations\\Migrator.php(211): Illuminate\\Database\\Migrations\\Migrator->runUp('D:\\\\Users\\\\Raphae...', 2, false)
#15 D:\\Users\\Raphael\\Desktop\\desafio_senai\\projects\\technology-solutions-api\\api\\vendor\\laravel\\framework\\src\\Illuminate\\Database\\Migrations\\Migrator.php(138): Illuminate\\Database\\Migrations\\Migrator->runPending(Array, Array)
#16 D:\\Users\\Raphael\\Desktop\\desafio_senai\\projects\\technology-solutions-api\\api\\vendor\\laravel\\framework\\src\\Illuminate\\Database\\Console\\Migrations\\MigrateCommand.php(117): Illuminate\\Database\\Migrations\\Migrator->run(Array, Array)
#17 D:\\Users\\Raphael\\Desktop\\desafio_senai\\projects\\technology-solutions-api\\api\\vendor\\laravel\\framework\\src\\Illuminate\\Database\\Migrations\\Migrator.php(658): Illuminate\\Database\\Console\\Migrations\\MigrateCommand->Illuminate\\Database\\Console\\Migrations\\{closure}()
#18 D:\\Users\\Raphael\\Desktop\\desafio_senai\\projects\\technology-solutions-api\\api\\vendor\\laravel\\framework\\src\\Illuminate\\Database\\Console\\Migrations\\MigrateCommand.php(110): Illuminate\\Database\\Migrations\\Migrator->usingConnection(NULL, Object(Closure))
#19 D:\\Users\\Raphael\\Desktop\\desafio_senai\\projects\\technology-solutions-api\\api\\vendor\\laravel\\framework\\src\\Illuminate\\Database\\Console\\Migrations\\MigrateCommand.php(89): Illuminate\\Database\\Console\\Migrations\\MigrateCommand->runMigrations()
#20 D:\\Users\\Raphael\\Desktop\\desafio_senai\\projects\\technology-solutions-api\\api\\vendor\\laravel\\framework\\src\\Illuminate\\Container\\BoundMethod.php(36): Illuminate\\Database\\Console\\Migrations\\MigrateCommand->handle()
#21 D:\\Users\\Raphael\\Desktop\\desafio_senai\\projects\\technology-solutions-api\\api\\vendor\\laravel\\framework\\src\\Illuminate\\Container\\Util.php(43): Illuminate\\Container\\BoundMethod::Illuminate\\Container\\{closure}()
#22 D:\\Users\\Raphael\\Desktop\\desafio_senai\\projects\\technology-solutions-api\\api\\vendor\\laravel\\framework\\src\\Illuminate\\Container\\BoundMethod.php(95): Illuminate\\Container\\Util::unwrapIfClosure(Object(Closure))
#23 D:\\Users\\Raphael\\Desktop\\desafio_senai\\projects\\technology-solutions-api\\api\\vendor\\laravel\\framework\\src\\Illuminate\\Container\\BoundMethod.php(35): Illuminate\\Container\\BoundMethod::callBoundMethod(Object(Illuminate\\Foundation\\Application), Array, Object(Closure))
#24 D:\\Users\\Raphael\\Desktop\\desafio_senai\\projects\\technology-solutions-api\\api\\vendor\\laravel\\framework\\src\\Illuminate\\Container\\Container.php(754): Illuminate\\Container\\BoundMethod::call(Object(Illuminate\\Foundation\\Application), Array, Array, NULL)
#25 D:\\Users\\Raphael\\Desktop\\desafio_senai\\projects\\technology-solutions-api\\api\\vendor\\laravel\\framework\\src\\Illuminate\\Console\\Command.php(213): Illuminate\\Container\\Container->call(Array)
#26 D:\\Users\\Raphael\\Desktop\\desafio_senai\\projects\\technology-solutions-api\\api\\vendor\\symfony\\console\\Command\\Command.php(279): Illuminate\\Console\\Command->execute(Object(Symfony\\Component\\Console\\Input\\ArgvInput), Object(Illuminate\\Console\\OutputStyle))
#27 D:\\Users\\Raphael\\Desktop\\desafio_senai\\projects\\technology-solutions-api\\api\\vendor\\laravel\\framework\\src\\Illuminate\\Console\\Command.php(182): Symfony\\Component\\Console\\Command\\Command->run(Object(Symfony\\Component\\Console\\Input\\ArgvInput), Object(Illuminate\\Console\\OutputStyle))
#28 D:\\Users\\Raphael\\Desktop\\desafio_senai\\projects\\technology-solutions-api\\api\\vendor\\symfony\\console\\Application.php(1094): Illuminate\\Console\\Command->run(Object(Symfony\\Component\\Console\\Input\\ArgvInput), Object(Symfony\\Component\\Console\\Output\\ConsoleOutput))
#29 D:\\Users\\Raphael\\Desktop\\desafio_senai\\projects\\technology-solutions-api\\api\\vendor\\symfony\\console\\Application.php(342): Symfony\\Component\\Console\\Application->doRunCommand(Object(Illuminate\\Database\\Console\\Migrations\\MigrateCommand), Object(Symfony\\Component\\Console\\Input\\ArgvInput), Object(Symfony\\Component\\Console\\Output\\ConsoleOutput))
#30 D:\\Users\\Raphael\\Desktop\\desafio_senai\\projects\\technology-solutions-api\\api\\vendor\\symfony\\console\\Application.php(193): Symfony\\Component\\Console\\Application->doRun(Object(Symfony\\Component\\Console\\Input\\ArgvInput), Object(Symfony\\Component\\Console\\Output\\ConsoleOutput))
#31 D:\\Users\\Raphael\\Desktop\\desafio_senai\\projects\\technology-solutions-api\\api\\vendor\\laravel\\framework\\src\\Illuminate\\Foundation\\Console\\Kernel.php(198): Symfony\\Component\\Console\\Application->run(Object(Symfony\\Component\\Console\\Input\\ArgvInput), Object(Symfony\\Component\\Console\\Output\\ConsoleOutput))
#32 D:\\Users\\Raphael\\Desktop\\desafio_senai\\projects\\technology-solutions-api\\api\\vendor\\laravel\\framework\\src\\Illuminate\\Foundation\\Application.php(1235): Illuminate\\Foundation\\Console\\Kernel->handle(Object(Symfony\\Component\\Console\\Input\\ArgvInput), Object(Symfony\\Component\\Console\\Output\\ConsoleOutput))
#33 D:\\Users\\Raphael\\Desktop\\desafio_senai\\projects\\technology-solutions-api\\api\\artisan(16): Illuminate\\Foundation\\Application->handleCommand(Object(Symfony\\Component\\Console\\Input\\ArgvInput))
#34 {main}

[previous exception] [object] (PDOException(code: HY000): SQLSTATE[HY000]: General error: 1005 Can't create table `technology_solutions_db`.`telefones` (errno: 150 \"Foreign key constraint is incorrectly formed\") at D:\\Users\\Raphael\\Desktop\\desafio_senai\\projects\\technology-solutions-api\\api\\vendor\\laravel\\framework\\src\\Illuminate\\Database\\Connection.php:569)
[stacktrace]
#0 D:\\Users\\Raphael\\Desktop\\desafio_senai\\projects\\technology-solutions-api\\api\\vendor\\laravel\\framework\\src\\Illuminate\\Database\\Connection.php(569): PDOStatement->execute()
#1 D:\\Users\\Raphael\\Desktop\\desafio_senai\\projects\\technology-solutions-api\\api\\vendor\\laravel\\framework\\src\\Illuminate\\Database\\Connection.php(810): Illuminate\\Database\\Connection->Illuminate\\Database\\{closure}('alter table `te...', Array)
#2 D:\\Users\\Raphael\\Desktop\\desafio_senai\\projects\\technology-solutions-api\\api\\vendor\\laravel\\framework\\src\\Illuminate\\Database\\Connection.php(777): Illuminate\\Database\\Connection->runQueryCallback('alter table `te...', Array, Object(Closure))
#3 D:\\Users\\Raphael\\Desktop\\desafio_senai\\projects\\technology-solutions-api\\api\\vendor\\laravel\\framework\\src\\Illuminate\\Database\\Connection.php(558): Illuminate\\Database\\Connection->run('alter table `te...', Array, Object(Closure))
#4 D:\\Users\\Raphael\\Desktop\\desafio_senai\\projects\\technology-solutions-api\\api\\vendor\\laravel\\framework\\src\\Illuminate\\Database\\Schema\\Blueprint.php(120): Illuminate\\Database\\Connection->statement('alter table `te...')
#5 D:\\Users\\Raphael\\Desktop\\desafio_senai\\projects\\technology-solutions-api\\api\\vendor\\laravel\\framework\\src\\Illuminate\\Database\\Schema\\Builder.php(619): Illuminate\\Database\\Schema\\Blueprint->build()
#6 D:\\Users\\Raphael\\Desktop\\desafio_senai\\projects\\technology-solutions-api\\api\\vendor\\laravel\\framework\\src\\Illuminate\\Database\\Schema\\Builder.php(473): Illuminate\\Database\\Schema\\Builder->build(Object(Illuminate\\Database\\Schema\\Blueprint))
#7 D:\\Users\\Raphael\\Desktop\\desafio_senai\\projects\\technology-solutions-api\\api\\vendor\\laravel\\framework\\src\\Illuminate\\Support\\Facades\\Facade.php(361): Illuminate\\Database\\Schema\\Builder->create('telefones', Object(Closure))
#8 D:\\Users\\Raphael\\Desktop\\desafio_senai\\projects\\technology-solutions-api\\api\\database\\migrations\\2025_02_27_120844_create_telefones.php(15): Illuminate\\Support\\Facades\\Facade::__callStatic('create', Array)
#9 D:\\Users\\Raphael\\Desktop\\desafio_senai\\projects\\technology-solutions-api\\api\\vendor\\laravel\\framework\\src\\Illuminate\\Database\\Migrations\\Migrator.php(507): Illuminate\\Database\\Migrations\\Migration@anonymous->up()
#10 D:\\Users\\Raphael\\Desktop\\desafio_senai\\projects\\technology-solutions-api\\api\\vendor\\laravel\\framework\\src\\Illuminate\\Database\\Migrations\\Migrator.php(432): Illuminate\\Database\\Migrations\\Migrator->runMethod(Object(Illuminate\\Database\\MySqlConnection), Object(Illuminate\\Database\\Migrations\\Migration@anonymous), 'up')
#11 D:\\Users\\Raphael\\Desktop\\desafio_senai\\projects\\technology-solutions-api\\api\\vendor\\laravel\\framework\\src\\Illuminate\\Database\\Migrations\\Migrator.php(441): Illuminate\\Database\\Migrations\\Migrator->Illuminate\\Database\\Migrations\\{closure}()
#12 D:\\Users\\Raphael\\Desktop\\desafio_senai\\projects\\technology-solutions-api\\api\\vendor\\laravel\\framework\\src\\Illuminate\\Database\\Migrations\\Migrator.php(244): Illuminate\\Database\\Migrations\\Migrator->runMigration(Object(Illuminate\\Database\\Migrations\\Migration@anonymous), 'up')
#13 D:\\Users\\Raphael\\Desktop\\desafio_senai\\projects\\technology-solutions-api\\api\\vendor\\laravel\\framework\\src\\Illuminate\\Console\\View\\Components\\Task.php(40): Illuminate\\Database\\Migrations\\Migrator->Illuminate\\Database\\Migrations\\{closure}()
#14 D:\\Users\\Raphael\\Desktop\\desafio_senai\\projects\\technology-solutions-api\\api\\vendor\\laravel\\framework\\src\\Illuminate\\Database\\Migrations\\Migrator.php(798): Illuminate\\Console\\View\\Components\\Task->render('2025_02_27_1208...', Object(Closure))
#15 D:\\Users\\Raphael\\Desktop\\desafio_senai\\projects\\technology-solutions-api\\api\\vendor\\laravel\\framework\\src\\Illuminate\\Database\\Migrations\\Migrator.php(244): Illuminate\\Database\\Migrations\\Migrator->write('Illuminate\\\\Cons...', '2025_02_27_1208...', Object(Closure))
#16 D:\\Users\\Raphael\\Desktop\\desafio_senai\\projects\\technology-solutions-api\\api\\vendor\\laravel\\framework\\src\\Illuminate\\Database\\Migrations\\Migrator.php(211): Illuminate\\Database\\Migrations\\Migrator->runUp('D:\\\\Users\\\\Raphae...', 2, false)
#17 D:\\Users\\Raphael\\Desktop\\desafio_senai\\projects\\technology-solutions-api\\api\\vendor\\laravel\\framework\\src\\Illuminate\\Database\\Migrations\\Migrator.php(138): Illuminate\\Database\\Migrations\\Migrator->runPending(Array, Array)
#18 D:\\Users\\Raphael\\Desktop\\desafio_senai\\projects\\technology-solutions-api\\api\\vendor\\laravel\\framework\\src\\Illuminate\\Database\\Console\\Migrations\\MigrateCommand.php(117): Illuminate\\Database\\Migrations\\Migrator->run(Array, Array)
#19 D:\\Users\\Raphael\\Desktop\\desafio_senai\\projects\\technology-solutions-api\\api\\vendor\\laravel\\framework\\src\\Illuminate\\Database\\Migrations\\Migrator.php(658): Illuminate\\Database\\Console\\Migrations\\MigrateCommand->Illuminate\\Database\\Console\\Migrations\\{closure}()
#20 D:\\Users\\Raphael\\Desktop\\desafio_senai\\projects\\technology-solutions-api\\api\\vendor\\laravel\\framework\\src\\Illuminate\\Database\\Console\\Migrations\\MigrateCommand.php(110): Illuminate\\Database\\Migrations\\Migrator->usingConnection(NULL, Object(Closure))
#21 D:\\Users\\Raphael\\Desktop\\desafio_senai\\projects\\technology-solutions-api\\api\\vendor\\laravel\\framework\\src\\Illuminate\\Database\\Console\\Migrations\\MigrateCommand.php(89): Illuminate\\Database\\Console\\Migrations\\MigrateCommand->runMigrations()
#22 D:\\Users\\Raphael\\Desktop\\desafio_senai\\projects\\technology-solutions-api\\api\\vendor\\laravel\\framework\\src\\Illuminate\\Container\\BoundMethod.php(36): Illuminate\\Database\\Console\\Migrations\\MigrateCommand->handle()
#23 D:\\Users\\Raphael\\Desktop\\desafio_senai\\projects\\technology-solutions-api\\api\\vendor\\laravel\\framework\\src\\Illuminate\\Container\\Util.php(43): Illuminate\\Container\\BoundMethod::Illuminate\\Container\\{closure}()
#24 D:\\Users\\Raphael\\Desktop\\desafio_senai\\projects\\technology-solutions-api\\api\\vendor\\laravel\\framework\\src\\Illuminate\\Container\\BoundMethod.php(95): Illuminate\\Container\\Util::unwrapIfClosure(Object(Closure))
#25 D:\\Users\\Raphael\\Desktop\\desafio_senai\\projects\\technology-solutions-api\\api\\vendor\\laravel\\framework\\src\\Illuminate\\Container\\BoundMethod.php(35): Illuminate\\Container\\BoundMethod::callBoundMethod(Object(Illuminate\\Foundation\\Application), Array, Object(Closure))
#26 D:\\Users\\Raphael\\Desktop\\desafio_senai\\projects\\technology-solutions-api\\api\\vendor\\laravel\\framework\\src\\Illuminate\\Container\\Container.php(754): Illuminate\\Container\\BoundMethod::call(Object(Illuminate\\Foundation\\Application), Array, Array, NULL)
#27 D:\\Users\\Raphael\\Desktop\\desafio_senai\\projects\\technology-solutions-api\\api\\vendor\\laravel\\framework\\src\\Illuminate\\Console\\Command.php(213): Illuminate\\Container\\Container->call(Array)
#28 D:\\Users\\Raphael\\Desktop\\desafio_senai\\projects\\technology-solutions-api\\api\\vendor\\symfony\\console\\Command\\Command.php(279): Illuminate\\Console\\Command->execute(Object(Symfony\\Component\\Console\\Input\\ArgvInput), Object(Illuminate\\Console\\OutputStyle))
#29 D:\\Users\\Raphael\\Desktop\\desafio_senai\\projects\\technology-solutions-api\\api\\vendor\\laravel\\framework\\src\\Illuminate\\Console\\Command.php(182): Symfony\\Component\\Console\\Command\\Command->run(Object(Symfony\\Component\\Console\\Input\\ArgvInput), Object(Illuminate\\Console\\OutputStyle))
#30 D:\\Users\\Raphael\\Desktop\\desafio_senai\\projects\\technology-solutions-api\\api\\vendor\\symfony\\console\\Application.php(1094): Illuminate\\Console\\Command->run(Object(Symfony\\Component\\Console\\Input\\ArgvInput), Object(Symfony\\Component\\Console\\Output\\ConsoleOutput))
#31 D:\\Users\\Raphael\\Desktop\\desafio_senai\\projects\\technology-solutions-api\\api\\vendor\\symfony\\console\\Application.php(342): Symfony\\Component\\Console\\Application->doRunCommand(Object(Illuminate\\Database\\Console\\Migrations\\MigrateCommand), Object(Symfony\\Component\\Console\\Input\\ArgvInput), Object(Symfony\\Component\\Console\\Output\\ConsoleOutput))
#32 D:\\Users\\Raphael\\Desktop\\desafio_senai\\projects\\technology-solutions-api\\api\\vendor\\symfony\\console\\Application.php(193): Symfony\\Component\\Console\\Application->doRun(Object(Symfony\\Component\\Console\\Input\\ArgvInput), Object(Symfony\\Component\\Console\\Output\\ConsoleOutput))
#33 D:\\Users\\Raphael\\Desktop\\desafio_senai\\projects\\technology-solutions-api\\api\\vendor\\laravel\\framework\\src\\Illuminate\\Foundation\\Console\\Kernel.php(198): Symfony\\Component\\Console\\Application->run(Object(Symfony\\Component\\Console\\Input\\ArgvInput), Object(Symfony\\Component\\Console\\Output\\ConsoleOutput))
#34 D:\\Users\\Raphael\\Desktop\\desafio_senai\\projects\\technology-solutions-api\\api\\vendor\\laravel\\framework\\src\\Illuminate\\Foundation\\Application.php(1235): Illuminate\\Foundation\\Console\\Kernel->handle(Object(Symfony\\Component\\Console\\Input\\ArgvInput), Object(Symfony\\Component\\Console\\Output\\ConsoleOutput))
#35 D:\\Users\\Raphael\\Desktop\\desafio_senai\\projects\\technology-solutions-api\\api\\artisan(16): Illuminate\\Foundation\\Application->handleCommand(Object(Symfony\\Component\\Console\\Input\\ArgvInput))
#36 {main}
"} 
[2025-02-27 13:08:36] local.ERROR: SQLSTATE[42S01]: Base table or view already exists: 1050 Table 'telefones' already exists (Connection: mysql, SQL: create table `telefones` (`id` bigint unsigned not null auto_increment primary key, `user_id` bigint unsigned not null, `ddd` varchar(2) not null, `celular` varchar(15) null, `created_at` timestamp null, `updated_at` timestamp null) default character set utf8mb4 collate 'utf8mb4_unicode_ci') {"exception":"[object] (Illuminate\\Database\\QueryException(code: 42S01): SQLSTATE[42S01]: Base table or view already exists: 1050 Table 'telefones' already exists (Connection: mysql, SQL: create table `telefones` (`id` bigint unsigned not null auto_increment primary key, `user_id` bigint unsigned not null, `ddd` varchar(2) not null, `celular` varchar(15) null, `created_at` timestamp null, `updated_at` timestamp null) default character set utf8mb4 collate 'utf8mb4_unicode_ci') at D:\\Users\\Raphael\\Desktop\\desafio_senai\\projects\\technology-solutions-api\\api\\vendor\\laravel\\framework\\src\\Illuminate\\Database\\Connection.php:823)
[stacktrace]
#0 D:\\Users\\Raphael\\Desktop\\desafio_senai\\projects\\technology-solutions-api\\api\\vendor\\laravel\\framework\\src\\Illuminate\\Database\\Connection.php(777): Illuminate\\Database\\Connection->runQueryCallback('create table `t...', Array, Object(Closure))
#1 D:\\Users\\Raphael\\Desktop\\desafio_senai\\projects\\technology-solutions-api\\api\\vendor\\laravel\\framework\\src\\Illuminate\\Database\\Connection.php(558): Illuminate\\Database\\Connection->run('create table `t...', Array, Object(Closure))
#2 D:\\Users\\Raphael\\Desktop\\desafio_senai\\projects\\technology-solutions-api\\api\\vendor\\laravel\\framework\\src\\Illuminate\\Database\\Schema\\Blueprint.php(120): Illuminate\\Database\\Connection->statement('create table `t...')
#3 D:\\Users\\Raphael\\Desktop\\desafio_senai\\projects\\technology-solutions-api\\api\\vendor\\laravel\\framework\\src\\Illuminate\\Database\\Schema\\Builder.php(619): Illuminate\\Database\\Schema\\Blueprint->build()
#4 D:\\Users\\Raphael\\Desktop\\desafio_senai\\projects\\technology-solutions-api\\api\\vendor\\laravel\\framework\\src\\Illuminate\\Database\\Schema\\Builder.php(473): Illuminate\\Database\\Schema\\Builder->build(Object(Illuminate\\Database\\Schema\\Blueprint))
#5 D:\\Users\\Raphael\\Desktop\\desafio_senai\\projects\\technology-solutions-api\\api\\vendor\\laravel\\framework\\src\\Illuminate\\Support\\Facades\\Facade.php(361): Illuminate\\Database\\Schema\\Builder->create('telefones', Object(Closure))
#6 D:\\Users\\Raphael\\Desktop\\desafio_senai\\projects\\technology-solutions-api\\api\\database\\migrations\\2025_02_27_120844_create_telefones.php(15): Illuminate\\Support\\Facades\\Facade::__callStatic('create', Array)
#7 D:\\Users\\Raphael\\Desktop\\desafio_senai\\projects\\technology-solutions-api\\api\\vendor\\laravel\\framework\\src\\Illuminate\\Database\\Migrations\\Migrator.php(507): Illuminate\\Database\\Migrations\\Migration@anonymous->up()
#8 D:\\Users\\Raphael\\Desktop\\desafio_senai\\projects\\technology-solutions-api\\api\\vendor\\laravel\\framework\\src\\Illuminate\\Database\\Migrations\\Migrator.php(432): Illuminate\\Database\\Migrations\\Migrator->runMethod(Object(Illuminate\\Database\\MySqlConnection), Object(Illuminate\\Database\\Migrations\\Migration@anonymous), 'up')
#9 D:\\Users\\Raphael\\Desktop\\desafio_senai\\projects\\technology-solutions-api\\api\\vendor\\laravel\\framework\\src\\Illuminate\\Database\\Migrations\\Migrator.php(441): Illuminate\\Database\\Migrations\\Migrator->Illuminate\\Database\\Migrations\\{closure}()
#10 D:\\Users\\Raphael\\Desktop\\desafio_senai\\projects\\technology-solutions-api\\api\\vendor\\laravel\\framework\\src\\Illuminate\\Database\\Migrations\\Migrator.php(244): Illuminate\\Database\\Migrations\\Migrator->runMigration(Object(Illuminate\\Database\\Migrations\\Migration@anonymous), 'up')
#11 D:\\Users\\Raphael\\Desktop\\desafio_senai\\projects\\technology-solutions-api\\api\\vendor\\laravel\\framework\\src\\Illuminate\\Console\\View\\Components\\Task.php(40): Illuminate\\Database\\Migrations\\Migrator->Illuminate\\Database\\Migrations\\{closure}()
#12 D:\\Users\\Raphael\\Desktop\\desafio_senai\\projects\\technology-solutions-api\\api\\vendor\\laravel\\framework\\src\\Illuminate\\Database\\Migrations\\Migrator.php(798): Illuminate\\Console\\View\\Components\\Task->render('2025_02_27_1208...', Object(Closure))
#13 D:\\Users\\Raphael\\Desktop\\desafio_senai\\projects\\technology-solutions-api\\api\\vendor\\laravel\\framework\\src\\Illuminate\\Database\\Migrations\\Migrator.php(244): Illuminate\\Database\\Migrations\\Migrator->write('Illuminate\\\\Cons...', '2025_02_27_1208...', Object(Closure))
#14 D:\\Users\\Raphael\\Desktop\\desafio_senai\\projects\\technology-solutions-api\\api\\vendor\\laravel\\framework\\src\\Illuminate\\Database\\Migrations\\Migrator.php(211): Illuminate\\Database\\Migrations\\Migrator->runUp('D:\\\\Users\\\\Raphae...', 3, false)
#15 D:\\Users\\Raphael\\Desktop\\desafio_senai\\projects\\technology-solutions-api\\api\\vendor\\laravel\\framework\\src\\Illuminate\\Database\\Migrations\\Migrator.php(138): Illuminate\\Database\\Migrations\\Migrator->runPending(Array, Array)
#16 D:\\Users\\Raphael\\Desktop\\desafio_senai\\projects\\technology-solutions-api\\api\\vendor\\laravel\\framework\\src\\Illuminate\\Database\\Console\\Migrations\\MigrateCommand.php(117): Illuminate\\Database\\Migrations\\Migrator->run(Array, Array)
#17 D:\\Users\\Raphael\\Desktop\\desafio_senai\\projects\\technology-solutions-api\\api\\vendor\\laravel\\framework\\src\\Illuminate\\Database\\Migrations\\Migrator.php(658): Illuminate\\Database\\Console\\Migrations\\MigrateCommand->Illuminate\\Database\\Console\\Migrations\\{closure}()
#18 D:\\Users\\Raphael\\Desktop\\desafio_senai\\projects\\technology-solutions-api\\api\\vendor\\laravel\\framework\\src\\Illuminate\\Database\\Console\\Migrations\\MigrateCommand.php(110): Illuminate\\Database\\Migrations\\Migrator->usingConnection(NULL, Object(Closure))
#19 D:\\Users\\Raphael\\Desktop\\desafio_senai\\projects\\technology-solutions-api\\api\\vendor\\laravel\\framework\\src\\Illuminate\\Database\\Console\\Migrations\\MigrateCommand.php(89): Illuminate\\Database\\Console\\Migrations\\MigrateCommand->runMigrations()
#20 D:\\Users\\Raphael\\Desktop\\desafio_senai\\projects\\technology-solutions-api\\api\\vendor\\laravel\\framework\\src\\Illuminate\\Container\\BoundMethod.php(36): Illuminate\\Database\\Console\\Migrations\\MigrateCommand->handle()
#21 D:\\Users\\Raphael\\Desktop\\desafio_senai\\projects\\technology-solutions-api\\api\\vendor\\laravel\\framework\\src\\Illuminate\\Container\\Util.php(43): Illuminate\\Container\\BoundMethod::Illuminate\\Container\\{closure}()
#22 D:\\Users\\Raphael\\Desktop\\desafio_senai\\projects\\technology-solutions-api\\api\\vendor\\laravel\\framework\\src\\Illuminate\\Container\\BoundMethod.php(95): Illuminate\\Container\\Util::unwrapIfClosure(Object(Closure))
#23 D:\\Users\\Raphael\\Desktop\\desafio_senai\\projects\\technology-solutions-api\\api\\vendor\\laravel\\framework\\src\\Illuminate\\Container\\BoundMethod.php(35): Illuminate\\Container\\BoundMethod::callBoundMethod(Object(Illuminate\\Foundation\\Application), Array, Object(Closure))
#24 D:\\Users\\Raphael\\Desktop\\desafio_senai\\projects\\technology-solutions-api\\api\\vendor\\laravel\\framework\\src\\Illuminate\\Container\\Container.php(754): Illuminate\\Container\\BoundMethod::call(Object(Illuminate\\Foundation\\Application), Array, Array, NULL)
#25 D:\\Users\\Raphael\\Desktop\\desafio_senai\\projects\\technology-solutions-api\\api\\vendor\\laravel\\framework\\src\\Illuminate\\Console\\Command.php(213): Illuminate\\Container\\Container->call(Array)
#26 D:\\Users\\Raphael\\Desktop\\desafio_senai\\projects\\technology-solutions-api\\api\\vendor\\symfony\\console\\Command\\Command.php(279): Illuminate\\Console\\Command->execute(Object(Symfony\\Component\\Console\\Input\\ArgvInput), Object(Illuminate\\Console\\OutputStyle))
#27 D:\\Users\\Raphael\\Desktop\\desafio_senai\\projects\\technology-solutions-api\\api\\vendor\\laravel\\framework\\src\\Illuminate\\Console\\Command.php(182): Symfony\\Component\\Console\\Command\\Command->run(Object(Symfony\\Component\\Console\\Input\\ArgvInput), Object(Illuminate\\Console\\OutputStyle))
#28 D:\\Users\\Raphael\\Desktop\\desafio_senai\\projects\\technology-solutions-api\\api\\vendor\\symfony\\console\\Application.php(1094): Illuminate\\Console\\Command->run(Object(Symfony\\Component\\Console\\Input\\ArgvInput), Object(Symfony\\Component\\Console\\Output\\ConsoleOutput))
#29 D:\\Users\\Raphael\\Desktop\\desafio_senai\\projects\\technology-solutions-api\\api\\vendor\\symfony\\console\\Application.php(342): Symfony\\Component\\Console\\Application->doRunCommand(Object(Illuminate\\Database\\Console\\Migrations\\MigrateCommand), Object(Symfony\\Component\\Console\\Input\\ArgvInput), Object(Symfony\\Component\\Console\\Output\\ConsoleOutput))
#30 D:\\Users\\Raphael\\Desktop\\desafio_senai\\projects\\technology-solutions-api\\api\\vendor\\symfony\\console\\Application.php(193): Symfony\\Component\\Console\\Application->doRun(Object(Symfony\\Component\\Console\\Input\\ArgvInput), Object(Symfony\\Component\\Console\\Output\\ConsoleOutput))
#31 D:\\Users\\Raphael\\Desktop\\desafio_senai\\projects\\technology-solutions-api\\api\\vendor\\laravel\\framework\\src\\Illuminate\\Foundation\\Console\\Kernel.php(198): Symfony\\Component\\Console\\Application->run(Object(Symfony\\Component\\Console\\Input\\ArgvInput), Object(Symfony\\Component\\Console\\Output\\ConsoleOutput))
#32 D:\\Users\\Raphael\\Desktop\\desafio_senai\\projects\\technology-solutions-api\\api\\vendor\\laravel\\framework\\src\\Illuminate\\Foundation\\Application.php(1235): Illuminate\\Foundation\\Console\\Kernel->handle(Object(Symfony\\Component\\Console\\Input\\ArgvInput), Object(Symfony\\Component\\Console\\Output\\ConsoleOutput))
#33 D:\\Users\\Raphael\\Desktop\\desafio_senai\\projects\\technology-solutions-api\\api\\artisan(16): Illuminate\\Foundation\\Application->handleCommand(Object(Symfony\\Component\\Console\\Input\\ArgvInput))
#34 {main}

[previous exception] [object] (PDOException(code: 42S01): SQLSTATE[42S01]: Base table or view already exists: 1050 Table 'telefones' already exists at D:\\Users\\Raphael\\Desktop\\desafio_senai\\projects\\technology-solutions-api\\api\\vendor\\laravel\\framework\\src\\Illuminate\\Database\\Connection.php:569)
[stacktrace]
#0 D:\\Users\\Raphael\\Desktop\\desafio_senai\\projects\\technology-solutions-api\\api\\vendor\\laravel\\framework\\src\\Illuminate\\Database\\Connection.php(569): PDOStatement->execute()
#1 D:\\Users\\Raphael\\Desktop\\desafio_senai\\projects\\technology-solutions-api\\api\\vendor\\laravel\\framework\\src\\Illuminate\\Database\\Connection.php(810): Illuminate\\Database\\Connection->Illuminate\\Database\\{closure}('create table `t...', Array)
#2 D:\\Users\\Raphael\\Desktop\\desafio_senai\\projects\\technology-solutions-api\\api\\vendor\\laravel\\framework\\src\\Illuminate\\Database\\Connection.php(777): Illuminate\\Database\\Connection->runQueryCallback('create table `t...', Array, Object(Closure))
#3 D:\\Users\\Raphael\\Desktop\\desafio_senai\\projects\\technology-solutions-api\\api\\vendor\\laravel\\framework\\src\\Illuminate\\Database\\Connection.php(558): Illuminate\\Database\\Connection->run('create table `t...', Array, Object(Closure))
#4 D:\\Users\\Raphael\\Desktop\\desafio_senai\\projects\\technology-solutions-api\\api\\vendor\\laravel\\framework\\src\\Illuminate\\Database\\Schema\\Blueprint.php(120): Illuminate\\Database\\Connection->statement('create table `t...')
#5 D:\\Users\\Raphael\\Desktop\\desafio_senai\\projects\\technology-solutions-api\\api\\vendor\\laravel\\framework\\src\\Illuminate\\Database\\Schema\\Builder.php(619): Illuminate\\Database\\Schema\\Blueprint->build()
#6 D:\\Users\\Raphael\\Desktop\\desafio_senai\\projects\\technology-solutions-api\\api\\vendor\\laravel\\framework\\src\\Illuminate\\Database\\Schema\\Builder.php(473): Illuminate\\Database\\Schema\\Builder->build(Object(Illuminate\\Database\\Schema\\Blueprint))
#7 D:\\Users\\Raphael\\Desktop\\desafio_senai\\projects\\technology-solutions-api\\api\\vendor\\laravel\\framework\\src\\Illuminate\\Support\\Facades\\Facade.php(361): Illuminate\\Database\\Schema\\Builder->create('telefones', Object(Closure))
#8 D:\\Users\\Raphael\\Desktop\\desafio_senai\\projects\\technology-solutions-api\\api\\database\\migrations\\2025_02_27_120844_create_telefones.php(15): Illuminate\\Support\\Facades\\Facade::__callStatic('create', Array)
#9 D:\\Users\\Raphael\\Desktop\\desafio_senai\\projects\\technology-solutions-api\\api\\vendor\\laravel\\framework\\src\\Illuminate\\Database\\Migrations\\Migrator.php(507): Illuminate\\Database\\Migrations\\Migration@anonymous->up()
#10 D:\\Users\\Raphael\\Desktop\\desafio_senai\\projects\\technology-solutions-api\\api\\vendor\\laravel\\framework\\src\\Illuminate\\Database\\Migrations\\Migrator.php(432): Illuminate\\Database\\Migrations\\Migrator->runMethod(Object(Illuminate\\Database\\MySqlConnection), Object(Illuminate\\Database\\Migrations\\Migration@anonymous), 'up')
#11 D:\\Users\\Raphael\\Desktop\\desafio_senai\\projects\\technology-solutions-api\\api\\vendor\\laravel\\framework\\src\\Illuminate\\Database\\Migrations\\Migrator.php(441): Illuminate\\Database\\Migrations\\Migrator->Illuminate\\Database\\Migrations\\{closure}()
#12 D:\\Users\\Raphael\\Desktop\\desafio_senai\\projects\\technology-solutions-api\\api\\vendor\\laravel\\framework\\src\\Illuminate\\Database\\Migrations\\Migrator.php(244): Illuminate\\Database\\Migrations\\Migrator->runMigration(Object(Illuminate\\Database\\Migrations\\Migration@anonymous), 'up')
#13 D:\\Users\\Raphael\\Desktop\\desafio_senai\\projects\\technology-solutions-api\\api\\vendor\\laravel\\framework\\src\\Illuminate\\Console\\View\\Components\\Task.php(40): Illuminate\\Database\\Migrations\\Migrator->Illuminate\\Database\\Migrations\\{closure}()
#14 D:\\Users\\Raphael\\Desktop\\desafio_senai\\projects\\technology-solutions-api\\api\\vendor\\laravel\\framework\\src\\Illuminate\\Database\\Migrations\\Migrator.php(798): Illuminate\\Console\\View\\Components\\Task->render('2025_02_27_1208...', Object(Closure))
#15 D:\\Users\\Raphael\\Desktop\\desafio_senai\\projects\\technology-solutions-api\\api\\vendor\\laravel\\framework\\src\\Illuminate\\Database\\Migrations\\Migrator.php(244): Illuminate\\Database\\Migrations\\Migrator->write('Illuminate\\\\Cons...', '2025_02_27_1208...', Object(Closure))
#16 D:\\Users\\Raphael\\Desktop\\desafio_senai\\projects\\technology-solutions-api\\api\\vendor\\laravel\\framework\\src\\Illuminate\\Database\\Migrations\\Migrator.php(211): Illuminate\\Database\\Migrations\\Migrator->runUp('D:\\\\Users\\\\Raphae...', 3, false)
#17 D:\\Users\\Raphael\\Desktop\\desafio_senai\\projects\\technology-solutions-api\\api\\vendor\\laravel\\framework\\src\\Illuminate\\Database\\Migrations\\Migrator.php(138): Illuminate\\Database\\Migrations\\Migrator->runPending(Array, Array)
#18 D:\\Users\\Raphael\\Desktop\\desafio_senai\\projects\\technology-solutions-api\\api\\vendor\\laravel\\framework\\src\\Illuminate\\Database\\Console\\Migrations\\MigrateCommand.php(117): Illuminate\\Database\\Migrations\\Migrator->run(Array, Array)
#19 D:\\Users\\Raphael\\Desktop\\desafio_senai\\projects\\technology-solutions-api\\api\\vendor\\laravel\\framework\\src\\Illuminate\\Database\\Migrations\\Migrator.php(658): Illuminate\\Database\\Console\\Migrations\\MigrateCommand->Illuminate\\Database\\Console\\Migrations\\{closure}()
#20 D:\\Users\\Raphael\\Desktop\\desafio_senai\\projects\\technology-solutions-api\\api\\vendor\\laravel\\framework\\src\\Illuminate\\Database\\Console\\Migrations\\MigrateCommand.php(110): Illuminate\\Database\\Migrations\\Migrator->usingConnection(NULL, Object(Closure))
#21 D:\\Users\\Raphael\\Desktop\\desafio_senai\\projects\\technology-solutions-api\\api\\vendor\\laravel\\framework\\src\\Illuminate\\Database\\Console\\Migrations\\MigrateCommand.php(89): Illuminate\\Database\\Console\\Migrations\\MigrateCommand->runMigrations()
#22 D:\\Users\\Raphael\\Desktop\\desafio_senai\\projects\\technology-solutions-api\\api\\vendor\\laravel\\framework\\src\\Illuminate\\Container\\BoundMethod.php(36): Illuminate\\Database\\Console\\Migrations\\MigrateCommand->handle()
#23 D:\\Users\\Raphael\\Desktop\\desafio_senai\\projects\\technology-solutions-api\\api\\vendor\\laravel\\framework\\src\\Illuminate\\Container\\Util.php(43): Illuminate\\Container\\BoundMethod::Illuminate\\Container\\{closure}()
#24 D:\\Users\\Raphael\\Desktop\\desafio_senai\\projects\\technology-solutions-api\\api\\vendor\\laravel\\framework\\src\\Illuminate\\Container\\BoundMethod.php(95): Illuminate\\Container\\Util::unwrapIfClosure(Object(Closure))
#25 D:\\Users\\Raphael\\Desktop\\desafio_senai\\projects\\technology-solutions-api\\api\\vendor\\laravel\\framework\\src\\Illuminate\\Container\\BoundMethod.php(35): Illuminate\\Container\\BoundMethod::callBoundMethod(Object(Illuminate\\Foundation\\Application), Array, Object(Closure))
#26 D:\\Users\\Raphael\\Desktop\\desafio_senai\\projects\\technology-solutions-api\\api\\vendor\\laravel\\framework\\src\\Illuminate\\Container\\Container.php(754): Illuminate\\Container\\BoundMethod::call(Object(Illuminate\\Foundation\\Application), Array, Array, NULL)
#27 D:\\Users\\Raphael\\Desktop\\desafio_senai\\projects\\technology-solutions-api\\api\\vendor\\laravel\\framework\\src\\Illuminate\\Console\\Command.php(213): Illuminate\\Container\\Container->call(Array)
#28 D:\\Users\\Raphael\\Desktop\\desafio_senai\\projects\\technology-solutions-api\\api\\vendor\\symfony\\console\\Command\\Command.php(279): Illuminate\\Console\\Command->execute(Object(Symfony\\Component\\Console\\Input\\ArgvInput), Object(Illuminate\\Console\\OutputStyle))
#29 D:\\Users\\Raphael\\Desktop\\desafio_senai\\projects\\technology-solutions-api\\api\\vendor\\laravel\\framework\\src\\Illuminate\\Console\\Command.php(182): Symfony\\Component\\Console\\Command\\Command->run(Object(Symfony\\Component\\Console\\Input\\ArgvInput), Object(Illuminate\\Console\\OutputStyle))
#30 D:\\Users\\Raphael\\Desktop\\desafio_senai\\projects\\technology-solutions-api\\api\\vendor\\symfony\\console\\Application.php(1094): Illuminate\\Console\\Command->run(Object(Symfony\\Component\\Console\\Input\\ArgvInput), Object(Symfony\\Component\\Console\\Output\\ConsoleOutput))
#31 D:\\Users\\Raphael\\Desktop\\desafio_senai\\projects\\technology-solutions-api\\api\\vendor\\symfony\\console\\Application.php(342): Symfony\\Component\\Console\\Application->doRunCommand(Object(Illuminate\\Database\\Console\\Migrations\\MigrateCommand), Object(Symfony\\Component\\Console\\Input\\ArgvInput), Object(Symfony\\Component\\Console\\Output\\ConsoleOutput))
#32 D:\\Users\\Raphael\\Desktop\\desafio_senai\\projects\\technology-solutions-api\\api\\vendor\\symfony\\console\\Application.php(193): Symfony\\Component\\Console\\Application->doRun(Object(Symfony\\Component\\Console\\Input\\ArgvInput), Object(Symfony\\Component\\Console\\Output\\ConsoleOutput))
#33 D:\\Users\\Raphael\\Desktop\\desafio_senai\\projects\\technology-solutions-api\\api\\vendor\\laravel\\framework\\src\\Illuminate\\Foundation\\Console\\Kernel.php(198): Symfony\\Component\\Console\\Application->run(Object(Symfony\\Component\\Console\\Input\\ArgvInput), Object(Symfony\\Component\\Console\\Output\\ConsoleOutput))
#34 D:\\Users\\Raphael\\Desktop\\desafio_senai\\projects\\technology-solutions-api\\api\\vendor\\laravel\\framework\\src\\Illuminate\\Foundation\\Application.php(1235): Illuminate\\Foundation\\Console\\Kernel->handle(Object(Symfony\\Component\\Console\\Input\\ArgvInput), Object(Symfony\\Component\\Console\\Output\\ConsoleOutput))
#35 D:\\Users\\Raphael\\Desktop\\desafio_senai\\projects\\technology-solutions-api\\api\\artisan(16): Illuminate\\Foundation\\Application->handleCommand(Object(Symfony\\Component\\Console\\Input\\ArgvInput))
#36 {main}
"} 
[2025-02-27 13:09:02] local.ERROR: SQLSTATE[42S02]: Base table or view not found: 1146 Table 'technology_solutions_db.users' doesn't exist (Connection: mysql, SQL: alter table `users` drop foreign key `users_user_type_id_foreign`) {"exception":"[object] (Illuminate\\Database\\QueryException(code: 42S02): SQLSTATE[42S02]: Base table or view not found: 1146 Table 'technology_solutions_db.users' doesn't exist (Connection: mysql, SQL: alter table `users` drop foreign key `users_user_type_id_foreign`) at D:\\Users\\Raphael\\Desktop\\desafio_senai\\projects\\technology-solutions-api\\api\\vendor\\laravel\\framework\\src\\Illuminate\\Database\\Connection.php:823)
[stacktrace]
#0 D:\\Users\\Raphael\\Desktop\\desafio_senai\\projects\\technology-solutions-api\\api\\vendor\\laravel\\framework\\src\\Illuminate\\Database\\Connection.php(777): Illuminate\\Database\\Connection->runQueryCallback('alter table `us...', Array, Object(Closure))
#1 D:\\Users\\Raphael\\Desktop\\desafio_senai\\projects\\technology-solutions-api\\api\\vendor\\laravel\\framework\\src\\Illuminate\\Database\\Connection.php(558): Illuminate\\Database\\Connection->run('alter table `us...', Array, Object(Closure))
#2 D:\\Users\\Raphael\\Desktop\\desafio_senai\\projects\\technology-solutions-api\\api\\vendor\\laravel\\framework\\src\\Illuminate\\Database\\Schema\\Blueprint.php(120): Illuminate\\Database\\Connection->statement('alter table `us...')
#3 D:\\Users\\Raphael\\Desktop\\desafio_senai\\projects\\technology-solutions-api\\api\\vendor\\laravel\\framework\\src\\Illuminate\\Database\\Schema\\Builder.php(619): Illuminate\\Database\\Schema\\Blueprint->build()
#4 D:\\Users\\Raphael\\Desktop\\desafio_senai\\projects\\technology-solutions-api\\api\\vendor\\laravel\\framework\\src\\Illuminate\\Database\\Schema\\Builder.php(461): Illuminate\\Database\\Schema\\Builder->build(Object(Illuminate\\Database\\Schema\\Blueprint))
#5 D:\\Users\\Raphael\\Desktop\\desafio_senai\\projects\\technology-solutions-api\\api\\vendor\\laravel\\framework\\src\\Illuminate\\Support\\Facades\\Facade.php(361): Illuminate\\Database\\Schema\\Builder->table('users', Object(Closure))
#6 D:\\Users\\Raphael\\Desktop\\desafio_senai\\projects\\technology-solutions-api\\api\\database\\migrations\\0001_01_01_000000_create_users_table.php(49): Illuminate\\Support\\Facades\\Facade::__callStatic('table', Array)
#7 D:\\Users\\Raphael\\Desktop\\desafio_senai\\projects\\technology-solutions-api\\api\\vendor\\laravel\\framework\\src\\Illuminate\\Database\\Migrations\\Migrator.php(507): Illuminate\\Database\\Migrations\\Migration@anonymous->down()
#8 D:\\Users\\Raphael\\Desktop\\desafio_senai\\projects\\technology-solutions-api\\api\\vendor\\laravel\\framework\\src\\Illuminate\\Database\\Migrations\\Migrator.php(432): Illuminate\\Database\\Migrations\\Migrator->runMethod(Object(Illuminate\\Database\\MySqlConnection), Object(Illuminate\\Database\\Migrations\\Migration@anonymous), 'down')
#9 D:\\Users\\Raphael\\Desktop\\desafio_senai\\projects\\technology-solutions-api\\api\\vendor\\laravel\\framework\\src\\Illuminate\\Database\\Migrations\\Migrator.php(441): Illuminate\\Database\\Migrations\\Migrator->Illuminate\\Database\\Migrations\\{closure}()
#10 D:\\Users\\Raphael\\Desktop\\desafio_senai\\projects\\technology-solutions-api\\api\\vendor\\laravel\\framework\\src\\Illuminate\\Database\\Migrations\\Migrator.php(407): Illuminate\\Database\\Migrations\\Migrator->runMigration(Object(Illuminate\\Database\\Migrations\\Migration@anonymous), 'down')
#11 D:\\Users\\Raphael\\Desktop\\desafio_senai\\projects\\technology-solutions-api\\api\\vendor\\laravel\\framework\\src\\Illuminate\\Console\\View\\Components\\Task.php(40): Illuminate\\Database\\Migrations\\Migrator->Illuminate\\Database\\Migrations\\{closure}()
#12 D:\\Users\\Raphael\\Desktop\\desafio_senai\\projects\\technology-solutions-api\\api\\vendor\\laravel\\framework\\src\\Illuminate\\Database\\Migrations\\Migrator.php(798): Illuminate\\Console\\View\\Components\\Task->render('0001_01_01_0000...', Object(Closure))
#13 D:\\Users\\Raphael\\Desktop\\desafio_senai\\projects\\technology-solutions-api\\api\\vendor\\laravel\\framework\\src\\Illuminate\\Database\\Migrations\\Migrator.php(407): Illuminate\\Database\\Migrations\\Migrator->write('Illuminate\\\\Cons...', '0001_01_01_0000...', Object(Closure))
#14 D:\\Users\\Raphael\\Desktop\\desafio_senai\\projects\\technology-solutions-api\\api\\vendor\\laravel\\framework\\src\\Illuminate\\Database\\Migrations\\Migrator.php(330): Illuminate\\Database\\Migrations\\Migrator->runDown('D:\\\\Users\\\\Raphae...', Object(stdClass), false)
#15 D:\\Users\\Raphael\\Desktop\\desafio_senai\\projects\\technology-solutions-api\\api\\vendor\\laravel\\framework\\src\\Illuminate\\Database\\Migrations\\Migrator.php(381): Illuminate\\Database\\Migrations\\Migrator->rollbackMigrations(Array, Array, Array)
#16 D:\\Users\\Raphael\\Desktop\\desafio_senai\\projects\\technology-solutions-api\\api\\vendor\\laravel\\framework\\src\\Illuminate\\Database\\Migrations\\Migrator.php(361): Illuminate\\Database\\Migrations\\Migrator->resetMigrations(Array, Array, false)
#17 D:\\Users\\Raphael\\Desktop\\desafio_senai\\projects\\technology-solutions-api\\api\\vendor\\laravel\\framework\\src\\Illuminate\\Database\\Console\\Migrations\\ResetCommand.php(71): Illuminate\\Database\\Migrations\\Migrator->reset(Array, false)
#18 D:\\Users\\Raphael\\Desktop\\desafio_senai\\projects\\technology-solutions-api\\api\\vendor\\laravel\\framework\\src\\Illuminate\\Database\\Migrations\\Migrator.php(658): Illuminate\\Database\\Console\\Migrations\\ResetCommand->Illuminate\\Database\\Console\\Migrations\\{closure}()
#19 D:\\Users\\Raphael\\Desktop\\desafio_senai\\projects\\technology-solutions-api\\api\\vendor\\laravel\\framework\\src\\Illuminate\\Database\\Console\\Migrations\\ResetCommand.php(63): Illuminate\\Database\\Migrations\\Migrator->usingConnection(NULL, Object(Closure))
#20 D:\\Users\\Raphael\\Desktop\\desafio_senai\\projects\\technology-solutions-api\\api\\vendor\\laravel\\framework\\src\\Illuminate\\Container\\BoundMethod.php(36): Illuminate\\Database\\Console\\Migrations\\ResetCommand->handle()
#21 D:\\Users\\Raphael\\Desktop\\desafio_senai\\projects\\technology-solutions-api\\api\\vendor\\laravel\\framework\\src\\Illuminate\\Container\\Util.php(43): Illuminate\\Container\\BoundMethod::Illuminate\\Container\\{closure}()
#22 D:\\Users\\Raphael\\Desktop\\desafio_senai\\projects\\technology-solutions-api\\api\\vendor\\laravel\\framework\\src\\Illuminate\\Container\\BoundMethod.php(95): Illuminate\\Container\\Util::unwrapIfClosure(Object(Closure))
#23 D:\\Users\\Raphael\\Desktop\\desafio_senai\\projects\\technology-solutions-api\\api\\vendor\\laravel\\framework\\src\\Illuminate\\Container\\BoundMethod.php(35): Illuminate\\Container\\BoundMethod::callBoundMethod(Object(Illuminate\\Foundation\\Application), Array, Object(Closure))
#24 D:\\Users\\Raphael\\Desktop\\desafio_senai\\projects\\technology-solutions-api\\api\\vendor\\laravel\\framework\\src\\Illuminate\\Container\\Container.php(754): Illuminate\\Container\\BoundMethod::call(Object(Illuminate\\Foundation\\Application), Array, Array, NULL)
#25 D:\\Users\\Raphael\\Desktop\\desafio_senai\\projects\\technology-solutions-api\\api\\vendor\\laravel\\framework\\src\\Illuminate\\Console\\Command.php(213): Illuminate\\Container\\Container->call(Array)
#26 D:\\Users\\Raphael\\Desktop\\desafio_senai\\projects\\technology-solutions-api\\api\\vendor\\symfony\\console\\Command\\Command.php(279): Illuminate\\Console\\Command->execute(Object(Symfony\\Component\\Console\\Input\\ArgvInput), Object(Illuminate\\Console\\OutputStyle))
#27 D:\\Users\\Raphael\\Desktop\\desafio_senai\\projects\\technology-solutions-api\\api\\vendor\\laravel\\framework\\src\\Illuminate\\Console\\Command.php(182): Symfony\\Component\\Console\\Command\\Command->run(Object(Symfony\\Component\\Console\\Input\\ArgvInput), Object(Illuminate\\Console\\OutputStyle))
#28 D:\\Users\\Raphael\\Desktop\\desafio_senai\\projects\\technology-solutions-api\\api\\vendor\\symfony\\console\\Application.php(1094): Illuminate\\Console\\Command->run(Object(Symfony\\Component\\Console\\Input\\ArgvInput), Object(Symfony\\Component\\Console\\Output\\ConsoleOutput))
#29 D:\\Users\\Raphael\\Desktop\\desafio_senai\\projects\\technology-solutions-api\\api\\vendor\\symfony\\console\\Application.php(342): Symfony\\Component\\Console\\Application->doRunCommand(Object(Illuminate\\Database\\Console\\Migrations\\ResetCommand), Object(Symfony\\Component\\Console\\Input\\ArgvInput), Object(Symfony\\Component\\Console\\Output\\ConsoleOutput))
#30 D:\\Users\\Raphael\\Desktop\\desafio_senai\\projects\\technology-solutions-api\\api\\vendor\\symfony\\console\\Application.php(193): Symfony\\Component\\Console\\Application->doRun(Object(Symfony\\Component\\Console\\Input\\ArgvInput), Object(Symfony\\Component\\Console\\Output\\ConsoleOutput))
#31 D:\\Users\\Raphael\\Desktop\\desafio_senai\\projects\\technology-solutions-api\\api\\vendor\\laravel\\framework\\src\\Illuminate\\Foundation\\Console\\Kernel.php(198): Symfony\\Component\\Console\\Application->run(Object(Symfony\\Component\\Console\\Input\\ArgvInput), Object(Symfony\\Component\\Console\\Output\\ConsoleOutput))
#32 D:\\Users\\Raphael\\Desktop\\desafio_senai\\projects\\technology-solutions-api\\api\\vendor\\laravel\\framework\\src\\Illuminate\\Foundation\\Application.php(1235): Illuminate\\Foundation\\Console\\Kernel->handle(Object(Symfony\\Component\\Console\\Input\\ArgvInput), Object(Symfony\\Component\\Console\\Output\\ConsoleOutput))
#33 D:\\Users\\Raphael\\Desktop\\desafio_senai\\projects\\technology-solutions-api\\api\\artisan(16): Illuminate\\Foundation\\Application->handleCommand(Object(Symfony\\Component\\Console\\Input\\ArgvInput))
#34 {main}

[previous exception] [object] (PDOException(code: 42S02): SQLSTATE[42S02]: Base table or view not found: 1146 Table 'technology_solutions_db.users' doesn't exist at D:\\Users\\Raphael\\Desktop\\desafio_senai\\projects\\technology-solutions-api\\api\\vendor\\laravel\\framework\\src\\Illuminate\\Database\\Connection.php:569)
[stacktrace]
#0 D:\\Users\\Raphael\\Desktop\\desafio_senai\\projects\\technology-solutions-api\\api\\vendor\\laravel\\framework\\src\\Illuminate\\Database\\Connection.php(569): PDOStatement->execute()
#1 D:\\Users\\Raphael\\Desktop\\desafio_senai\\projects\\technology-solutions-api\\api\\vendor\\laravel\\framework\\src\\Illuminate\\Database\\Connection.php(810): Illuminate\\Database\\Connection->Illuminate\\Database\\{closure}('alter table `us...', Array)
#2 D:\\Users\\Raphael\\Desktop\\desafio_senai\\projects\\technology-solutions-api\\api\\vendor\\laravel\\framework\\src\\Illuminate\\Database\\Connection.php(777): Illuminate\\Database\\Connection->runQueryCallback('alter table `us...', Array, Object(Closure))
#3 D:\\Users\\Raphael\\Desktop\\desafio_senai\\projects\\technology-solutions-api\\api\\vendor\\laravel\\framework\\src\\Illuminate\\Database\\Connection.php(558): Illuminate\\Database\\Connection->run('alter table `us...', Array, Object(Closure))
#4 D:\\Users\\Raphael\\Desktop\\desafio_senai\\projects\\technology-solutions-api\\api\\vendor\\laravel\\framework\\src\\Illuminate\\Database\\Schema\\Blueprint.php(120): Illuminate\\Database\\Connection->statement('alter table `us...')
#5 D:\\Users\\Raphael\\Desktop\\desafio_senai\\projects\\technology-solutions-api\\api\\vendor\\laravel\\framework\\src\\Illuminate\\Database\\Schema\\Builder.php(619): Illuminate\\Database\\Schema\\Blueprint->build()
#6 D:\\Users\\Raphael\\Desktop\\desafio_senai\\projects\\technology-solutions-api\\api\\vendor\\laravel\\framework\\src\\Illuminate\\Database\\Schema\\Builder.php(461): Illuminate\\Database\\Schema\\Builder->build(Object(Illuminate\\Database\\Schema\\Blueprint))
#7 D:\\Users\\Raphael\\Desktop\\desafio_senai\\projects\\technology-solutions-api\\api\\vendor\\laravel\\framework\\src\\Illuminate\\Support\\Facades\\Facade.php(361): Illuminate\\Database\\Schema\\Builder->table('users', Object(Closure))
#8 D:\\Users\\Raphael\\Desktop\\desafio_senai\\projects\\technology-solutions-api\\api\\database\\migrations\\0001_01_01_000000_create_users_table.php(49): Illuminate\\Support\\Facades\\Facade::__callStatic('table', Array)
#9 D:\\Users\\Raphael\\Desktop\\desafio_senai\\projects\\technology-solutions-api\\api\\vendor\\laravel\\framework\\src\\Illuminate\\Database\\Migrations\\Migrator.php(507): Illuminate\\Database\\Migrations\\Migration@anonymous->down()
#10 D:\\Users\\Raphael\\Desktop\\desafio_senai\\projects\\technology-solutions-api\\api\\vendor\\laravel\\framework\\src\\Illuminate\\Database\\Migrations\\Migrator.php(432): Illuminate\\Database\\Migrations\\Migrator->runMethod(Object(Illuminate\\Database\\MySqlConnection), Object(Illuminate\\Database\\Migrations\\Migration@anonymous), 'down')
#11 D:\\Users\\Raphael\\Desktop\\desafio_senai\\projects\\technology-solutions-api\\api\\vendor\\laravel\\framework\\src\\Illuminate\\Database\\Migrations\\Migrator.php(441): Illuminate\\Database\\Migrations\\Migrator->Illuminate\\Database\\Migrations\\{closure}()
#12 D:\\Users\\Raphael\\Desktop\\desafio_senai\\projects\\technology-solutions-api\\api\\vendor\\laravel\\framework\\src\\Illuminate\\Database\\Migrations\\Migrator.php(407): Illuminate\\Database\\Migrations\\Migrator->runMigration(Object(Illuminate\\Database\\Migrations\\Migration@anonymous), 'down')
#13 D:\\Users\\Raphael\\Desktop\\desafio_senai\\projects\\technology-solutions-api\\api\\vendor\\laravel\\framework\\src\\Illuminate\\Console\\View\\Components\\Task.php(40): Illuminate\\Database\\Migrations\\Migrator->Illuminate\\Database\\Migrations\\{closure}()
#14 D:\\Users\\Raphael\\Desktop\\desafio_senai\\projects\\technology-solutions-api\\api\\vendor\\laravel\\framework\\src\\Illuminate\\Database\\Migrations\\Migrator.php(798): Illuminate\\Console\\View\\Components\\Task->render('0001_01_01_0000...', Object(Closure))
#15 D:\\Users\\Raphael\\Desktop\\desafio_senai\\projects\\technology-solutions-api\\api\\vendor\\laravel\\framework\\src\\Illuminate\\Database\\Migrations\\Migrator.php(407): Illuminate\\Database\\Migrations\\Migrator->write('Illuminate\\\\Cons...', '0001_01_01_0000...', Object(Closure))
#16 D:\\Users\\Raphael\\Desktop\\desafio_senai\\projects\\technology-solutions-api\\api\\vendor\\laravel\\framework\\src\\Illuminate\\Database\\Migrations\\Migrator.php(330): Illuminate\\Database\\Migrations\\Migrator->runDown('D:\\\\Users\\\\Raphae...', Object(stdClass), false)
#17 D:\\Users\\Raphael\\Desktop\\desafio_senai\\projects\\technology-solutions-api\\api\\vendor\\laravel\\framework\\src\\Illuminate\\Database\\Migrations\\Migrator.php(381): Illuminate\\Database\\Migrations\\Migrator->rollbackMigrations(Array, Array, Array)
#18 D:\\Users\\Raphael\\Desktop\\desafio_senai\\projects\\technology-solutions-api\\api\\vendor\\laravel\\framework\\src\\Illuminate\\Database\\Migrations\\Migrator.php(361): Illuminate\\Database\\Migrations\\Migrator->resetMigrations(Array, Array, false)
#19 D:\\Users\\Raphael\\Desktop\\desafio_senai\\projects\\technology-solutions-api\\api\\vendor\\laravel\\framework\\src\\Illuminate\\Database\\Console\\Migrations\\ResetCommand.php(71): Illuminate\\Database\\Migrations\\Migrator->reset(Array, false)
#20 D:\\Users\\Raphael\\Desktop\\desafio_senai\\projects\\technology-solutions-api\\api\\vendor\\laravel\\framework\\src\\Illuminate\\Database\\Migrations\\Migrator.php(658): Illuminate\\Database\\Console\\Migrations\\ResetCommand->Illuminate\\Database\\Console\\Migrations\\{closure}()
#21 D:\\Users\\Raphael\\Desktop\\desafio_senai\\projects\\technology-solutions-api\\api\\vendor\\laravel\\framework\\src\\Illuminate\\Database\\Console\\Migrations\\ResetCommand.php(63): Illuminate\\Database\\Migrations\\Migrator->usingConnection(NULL, Object(Closure))
#22 D:\\Users\\Raphael\\Desktop\\desafio_senai\\projects\\technology-solutions-api\\api\\vendor\\laravel\\framework\\src\\Illuminate\\Container\\BoundMethod.php(36): Illuminate\\Database\\Console\\Migrations\\ResetCommand->handle()
#23 D:\\Users\\Raphael\\Desktop\\desafio_senai\\projects\\technology-solutions-api\\api\\vendor\\laravel\\framework\\src\\Illuminate\\Container\\Util.php(43): Illuminate\\Container\\BoundMethod::Illuminate\\Container\\{closure}()
#24 D:\\Users\\Raphael\\Desktop\\desafio_senai\\projects\\technology-solutions-api\\api\\vendor\\laravel\\framework\\src\\Illuminate\\Container\\BoundMethod.php(95): Illuminate\\Container\\Util::unwrapIfClosure(Object(Closure))
#25 D:\\Users\\Raphael\\Desktop\\desafio_senai\\projects\\technology-solutions-api\\api\\vendor\\laravel\\framework\\src\\Illuminate\\Container\\BoundMethod.php(35): Illuminate\\Container\\BoundMethod::callBoundMethod(Object(Illuminate\\Foundation\\Application), Array, Object(Closure))
#26 D:\\Users\\Raphael\\Desktop\\desafio_senai\\projects\\technology-solutions-api\\api\\vendor\\laravel\\framework\\src\\Illuminate\\Container\\Container.php(754): Illuminate\\Container\\BoundMethod::call(Object(Illuminate\\Foundation\\Application), Array, Array, NULL)
#27 D:\\Users\\Raphael\\Desktop\\desafio_senai\\projects\\technology-solutions-api\\api\\vendor\\laravel\\framework\\src\\Illuminate\\Console\\Command.php(213): Illuminate\\Container\\Container->call(Array)
#28 D:\\Users\\Raphael\\Desktop\\desafio_senai\\projects\\technology-solutions-api\\api\\vendor\\symfony\\console\\Command\\Command.php(279): Illuminate\\Console\\Command->execute(Object(Symfony\\Component\\Console\\Input\\ArgvInput), Object(Illuminate\\Console\\OutputStyle))
#29 D:\\Users\\Raphael\\Desktop\\desafio_senai\\projects\\technology-solutions-api\\api\\vendor\\laravel\\framework\\src\\Illuminate\\Console\\Command.php(182): Symfony\\Component\\Console\\Command\\Command->run(Object(Symfony\\Component\\Console\\Input\\ArgvInput), Object(Illuminate\\Console\\OutputStyle))
#30 D:\\Users\\Raphael\\Desktop\\desafio_senai\\projects\\technology-solutions-api\\api\\vendor\\symfony\\console\\Application.php(1094): Illuminate\\Console\\Command->run(Object(Symfony\\Component\\Console\\Input\\ArgvInput), Object(Symfony\\Component\\Console\\Output\\ConsoleOutput))
#31 D:\\Users\\Raphael\\Desktop\\desafio_senai\\projects\\technology-solutions-api\\api\\vendor\\symfony\\console\\Application.php(342): Symfony\\Component\\Console\\Application->doRunCommand(Object(Illuminate\\Database\\Console\\Migrations\\ResetCommand), Object(Symfony\\Component\\Console\\Input\\ArgvInput), Object(Symfony\\Component\\Console\\Output\\ConsoleOutput))
#32 D:\\Users\\Raphael\\Desktop\\desafio_senai\\projects\\technology-solutions-api\\api\\vendor\\symfony\\console\\Application.php(193): Symfony\\Component\\Console\\Application->doRun(Object(Symfony\\Component\\Console\\Input\\ArgvInput), Object(Symfony\\Component\\Console\\Output\\ConsoleOutput))
#33 D:\\Users\\Raphael\\Desktop\\desafio_senai\\projects\\technology-solutions-api\\api\\vendor\\laravel\\framework\\src\\Illuminate\\Foundation\\Console\\Kernel.php(198): Symfony\\Component\\Console\\Application->run(Object(Symfony\\Component\\Console\\Input\\ArgvInput), Object(Symfony\\Component\\Console\\Output\\ConsoleOutput))
#34 D:\\Users\\Raphael\\Desktop\\desafio_senai\\projects\\technology-solutions-api\\api\\vendor\\laravel\\framework\\src\\Illuminate\\Foundation\\Application.php(1235): Illuminate\\Foundation\\Console\\Kernel->handle(Object(Symfony\\Component\\Console\\Input\\ArgvInput), Object(Symfony\\Component\\Console\\Output\\ConsoleOutput))
#35 D:\\Users\\Raphael\\Desktop\\desafio_senai\\projects\\technology-solutions-api\\api\\artisan(16): Illuminate\\Foundation\\Application->handleCommand(Object(Symfony\\Component\\Console\\Input\\ArgvInput))
#36 {main}
"} 
[2025-02-27 13:09:34] local.ERROR: SQLSTATE[42000]: Syntax error or access violation: 1072 Key column 'usuario_id' doesn't exist in table (Connection: mysql, SQL: alter table `historico_alteracoes_perfil` add constraint `historico_alteracoes_perfil_usuario_id_foreign` foreign key (`usuario_id`) references `users` (`id`) on delete cascade) {"exception":"[object] (Illuminate\\Database\\QueryException(code: 42000): SQLSTATE[42000]: Syntax error or access violation: 1072 Key column 'usuario_id' doesn't exist in table (Connection: mysql, SQL: alter table `historico_alteracoes_perfil` add constraint `historico_alteracoes_perfil_usuario_id_foreign` foreign key (`usuario_id`) references `users` (`id`) on delete cascade) at D:\\Users\\Raphael\\Desktop\\desafio_senai\\projects\\technology-solutions-api\\api\\vendor\\laravel\\framework\\src\\Illuminate\\Database\\Connection.php:823)
[stacktrace]
#0 D:\\Users\\Raphael\\Desktop\\desafio_senai\\projects\\technology-solutions-api\\api\\vendor\\laravel\\framework\\src\\Illuminate\\Database\\Connection.php(777): Illuminate\\Database\\Connection->runQueryCallback('alter table `hi...', Array, Object(Closure))
#1 D:\\Users\\Raphael\\Desktop\\desafio_senai\\projects\\technology-solutions-api\\api\\vendor\\laravel\\framework\\src\\Illuminate\\Database\\Connection.php(558): Illuminate\\Database\\Connection->run('alter table `hi...', Array, Object(Closure))
#2 D:\\Users\\Raphael\\Desktop\\desafio_senai\\projects\\technology-solutions-api\\api\\vendor\\laravel\\framework\\src\\Illuminate\\Database\\Schema\\Blueprint.php(120): Illuminate\\Database\\Connection->statement('alter table `hi...')
#3 D:\\Users\\Raphael\\Desktop\\desafio_senai\\projects\\technology-solutions-api\\api\\vendor\\laravel\\framework\\src\\Illuminate\\Database\\Schema\\Builder.php(619): Illuminate\\Database\\Schema\\Blueprint->build()
#4 D:\\Users\\Raphael\\Desktop\\desafio_senai\\projects\\technology-solutions-api\\api\\vendor\\laravel\\framework\\src\\Illuminate\\Database\\Schema\\Builder.php(473): Illuminate\\Database\\Schema\\Builder->build(Object(Illuminate\\Database\\Schema\\Blueprint))
#5 D:\\Users\\Raphael\\Desktop\\desafio_senai\\projects\\technology-solutions-api\\api\\vendor\\laravel\\framework\\src\\Illuminate\\Support\\Facades\\Facade.php(361): Illuminate\\Database\\Schema\\Builder->create('historico_alter...', Object(Closure))
#6 D:\\Users\\Raphael\\Desktop\\desafio_senai\\projects\\technology-solutions-api\\api\\database\\migrations\\2025_02_27_121211_create_historico_alteracoes_perfil.php(14): Illuminate\\Support\\Facades\\Facade::__callStatic('create', Array)
#7 D:\\Users\\Raphael\\Desktop\\desafio_senai\\projects\\technology-solutions-api\\api\\vendor\\laravel\\framework\\src\\Illuminate\\Database\\Migrations\\Migrator.php(507): Illuminate\\Database\\Migrations\\Migration@anonymous->up()
#8 D:\\Users\\Raphael\\Desktop\\desafio_senai\\projects\\technology-solutions-api\\api\\vendor\\laravel\\framework\\src\\Illuminate\\Database\\Migrations\\Migrator.php(432): Illuminate\\Database\\Migrations\\Migrator->runMethod(Object(Illuminate\\Database\\MySqlConnection), Object(Illuminate\\Database\\Migrations\\Migration@anonymous), 'up')
#9 D:\\Users\\Raphael\\Desktop\\desafio_senai\\projects\\technology-solutions-api\\api\\vendor\\laravel\\framework\\src\\Illuminate\\Database\\Migrations\\Migrator.php(441): Illuminate\\Database\\Migrations\\Migrator->Illuminate\\Database\\Migrations\\{closure}()
#10 D:\\Users\\Raphael\\Desktop\\desafio_senai\\projects\\technology-solutions-api\\api\\vendor\\laravel\\framework\\src\\Illuminate\\Database\\Migrations\\Migrator.php(244): Illuminate\\Database\\Migrations\\Migrator->runMigration(Object(Illuminate\\Database\\Migrations\\Migration@anonymous), 'up')
#11 D:\\Users\\Raphael\\Desktop\\desafio_senai\\projects\\technology-solutions-api\\api\\vendor\\laravel\\framework\\src\\Illuminate\\Console\\View\\Components\\Task.php(40): Illuminate\\Database\\Migrations\\Migrator->Illuminate\\Database\\Migrations\\{closure}()
#12 D:\\Users\\Raphael\\Desktop\\desafio_senai\\projects\\technology-solutions-api\\api\\vendor\\laravel\\framework\\src\\Illuminate\\Database\\Migrations\\Migrator.php(798): Illuminate\\Console\\View\\Components\\Task->render('2025_02_27_1212...', Object(Closure))
#13 D:\\Users\\Raphael\\Desktop\\desafio_senai\\projects\\technology-solutions-api\\api\\vendor\\laravel\\framework\\src\\Illuminate\\Database\\Migrations\\Migrator.php(244): Illuminate\\Database\\Migrations\\Migrator->write('Illuminate\\\\Cons...', '2025_02_27_1212...', Object(Closure))
#14 D:\\Users\\Raphael\\Desktop\\desafio_senai\\projects\\technology-solutions-api\\api\\vendor\\laravel\\framework\\src\\Illuminate\\Database\\Migrations\\Migrator.php(211): Illuminate\\Database\\Migrations\\Migrator->runUp('D:\\\\Users\\\\Raphae...', 1, false)
#15 D:\\Users\\Raphael\\Desktop\\desafio_senai\\projects\\technology-solutions-api\\api\\vendor\\laravel\\framework\\src\\Illuminate\\Database\\Migrations\\Migrator.php(138): Illuminate\\Database\\Migrations\\Migrator->runPending(Array, Array)
#16 D:\\Users\\Raphael\\Desktop\\desafio_senai\\projects\\technology-solutions-api\\api\\vendor\\laravel\\framework\\src\\Illuminate\\Database\\Console\\Migrations\\MigrateCommand.php(117): Illuminate\\Database\\Migrations\\Migrator->run(Array, Array)
#17 D:\\Users\\Raphael\\Desktop\\desafio_senai\\projects\\technology-solutions-api\\api\\vendor\\laravel\\framework\\src\\Illuminate\\Database\\Migrations\\Migrator.php(658): Illuminate\\Database\\Console\\Migrations\\MigrateCommand->Illuminate\\Database\\Console\\Migrations\\{closure}()
#18 D:\\Users\\Raphael\\Desktop\\desafio_senai\\projects\\technology-solutions-api\\api\\vendor\\laravel\\framework\\src\\Illuminate\\Database\\Console\\Migrations\\MigrateCommand.php(110): Illuminate\\Database\\Migrations\\Migrator->usingConnection(NULL, Object(Closure))
#19 D:\\Users\\Raphael\\Desktop\\desafio_senai\\projects\\technology-solutions-api\\api\\vendor\\laravel\\framework\\src\\Illuminate\\Database\\Console\\Migrations\\MigrateCommand.php(89): Illuminate\\Database\\Console\\Migrations\\MigrateCommand->runMigrations()
#20 D:\\Users\\Raphael\\Desktop\\desafio_senai\\projects\\technology-solutions-api\\api\\vendor\\laravel\\framework\\src\\Illuminate\\Container\\BoundMethod.php(36): Illuminate\\Database\\Console\\Migrations\\MigrateCommand->handle()
#21 D:\\Users\\Raphael\\Desktop\\desafio_senai\\projects\\technology-solutions-api\\api\\vendor\\laravel\\framework\\src\\Illuminate\\Container\\Util.php(43): Illuminate\\Container\\BoundMethod::Illuminate\\Container\\{closure}()
#22 D:\\Users\\Raphael\\Desktop\\desafio_senai\\projects\\technology-solutions-api\\api\\vendor\\laravel\\framework\\src\\Illuminate\\Container\\BoundMethod.php(95): Illuminate\\Container\\Util::unwrapIfClosure(Object(Closure))
#23 D:\\Users\\Raphael\\Desktop\\desafio_senai\\projects\\technology-solutions-api\\api\\vendor\\laravel\\framework\\src\\Illuminate\\Container\\BoundMethod.php(35): Illuminate\\Container\\BoundMethod::callBoundMethod(Object(Illuminate\\Foundation\\Application), Array, Object(Closure))
#24 D:\\Users\\Raphael\\Desktop\\desafio_senai\\projects\\technology-solutions-api\\api\\vendor\\laravel\\framework\\src\\Illuminate\\Container\\Container.php(754): Illuminate\\Container\\BoundMethod::call(Object(Illuminate\\Foundation\\Application), Array, Array, NULL)
#25 D:\\Users\\Raphael\\Desktop\\desafio_senai\\projects\\technology-solutions-api\\api\\vendor\\laravel\\framework\\src\\Illuminate\\Console\\Command.php(213): Illuminate\\Container\\Container->call(Array)
#26 D:\\Users\\Raphael\\Desktop\\desafio_senai\\projects\\technology-solutions-api\\api\\vendor\\symfony\\console\\Command\\Command.php(279): Illuminate\\Console\\Command->execute(Object(Symfony\\Component\\Console\\Input\\ArgvInput), Object(Illuminate\\Console\\OutputStyle))
#27 D:\\Users\\Raphael\\Desktop\\desafio_senai\\projects\\technology-solutions-api\\api\\vendor\\laravel\\framework\\src\\Illuminate\\Console\\Command.php(182): Symfony\\Component\\Console\\Command\\Command->run(Object(Symfony\\Component\\Console\\Input\\ArgvInput), Object(Illuminate\\Console\\OutputStyle))
#28 D:\\Users\\Raphael\\Desktop\\desafio_senai\\projects\\technology-solutions-api\\api\\vendor\\symfony\\console\\Application.php(1094): Illuminate\\Console\\Command->run(Object(Symfony\\Component\\Console\\Input\\ArgvInput), Object(Symfony\\Component\\Console\\Output\\ConsoleOutput))
#29 D:\\Users\\Raphael\\Desktop\\desafio_senai\\projects\\technology-solutions-api\\api\\vendor\\symfony\\console\\Application.php(342): Symfony\\Component\\Console\\Application->doRunCommand(Object(Illuminate\\Database\\Console\\Migrations\\MigrateCommand), Object(Symfony\\Component\\Console\\Input\\ArgvInput), Object(Symfony\\Component\\Console\\Output\\ConsoleOutput))
#30 D:\\Users\\Raphael\\Desktop\\desafio_senai\\projects\\technology-solutions-api\\api\\vendor\\symfony\\console\\Application.php(193): Symfony\\Component\\Console\\Application->doRun(Object(Symfony\\Component\\Console\\Input\\ArgvInput), Object(Symfony\\Component\\Console\\Output\\ConsoleOutput))
#31 D:\\Users\\Raphael\\Desktop\\desafio_senai\\projects\\technology-solutions-api\\api\\vendor\\laravel\\framework\\src\\Illuminate\\Foundation\\Console\\Kernel.php(198): Symfony\\Component\\Console\\Application->run(Object(Symfony\\Component\\Console\\Input\\ArgvInput), Object(Symfony\\Component\\Console\\Output\\ConsoleOutput))
#32 D:\\Users\\Raphael\\Desktop\\desafio_senai\\projects\\technology-solutions-api\\api\\vendor\\laravel\\framework\\src\\Illuminate\\Foundation\\Application.php(1235): Illuminate\\Foundation\\Console\\Kernel->handle(Object(Symfony\\Component\\Console\\Input\\ArgvInput), Object(Symfony\\Component\\Console\\Output\\ConsoleOutput))
#33 D:\\Users\\Raphael\\Desktop\\desafio_senai\\projects\\technology-solutions-api\\api\\artisan(16): Illuminate\\Foundation\\Application->handleCommand(Object(Symfony\\Component\\Console\\Input\\ArgvInput))
#34 {main}

[previous exception] [object] (PDOException(code: 42000): SQLSTATE[42000]: Syntax error or access violation: 1072 Key column 'usuario_id' doesn't exist in table at D:\\Users\\Raphael\\Desktop\\desafio_senai\\projects\\technology-solutions-api\\api\\vendor\\laravel\\framework\\src\\Illuminate\\Database\\Connection.php:569)
[stacktrace]
#0 D:\\Users\\Raphael\\Desktop\\desafio_senai\\projects\\technology-solutions-api\\api\\vendor\\laravel\\framework\\src\\Illuminate\\Database\\Connection.php(569): PDOStatement->execute()
#1 D:\\Users\\Raphael\\Desktop\\desafio_senai\\projects\\technology-solutions-api\\api\\vendor\\laravel\\framework\\src\\Illuminate\\Database\\Connection.php(810): Illuminate\\Database\\Connection->Illuminate\\Database\\{closure}('alter table `hi...', Array)
#2 D:\\Users\\Raphael\\Desktop\\desafio_senai\\projects\\technology-solutions-api\\api\\vendor\\laravel\\framework\\src\\Illuminate\\Database\\Connection.php(777): Illuminate\\Database\\Connection->runQueryCallback('alter table `hi...', Array, Object(Closure))
#3 D:\\Users\\Raphael\\Desktop\\desafio_senai\\projects\\technology-solutions-api\\api\\vendor\\laravel\\framework\\src\\Illuminate\\Database\\Connection.php(558): Illuminate\\Database\\Connection->run('alter table `hi...', Array, Object(Closure))
#4 D:\\Users\\Raphael\\Desktop\\desafio_senai\\projects\\technology-solutions-api\\api\\vendor\\laravel\\framework\\src\\Illuminate\\Database\\Schema\\Blueprint.php(120): Illuminate\\Database\\Connection->statement('alter table `hi...')
#5 D:\\Users\\Raphael\\Desktop\\desafio_senai\\projects\\technology-solutions-api\\api\\vendor\\laravel\\framework\\src\\Illuminate\\Database\\Schema\\Builder.php(619): Illuminate\\Database\\Schema\\Blueprint->build()
#6 D:\\Users\\Raphael\\Desktop\\desafio_senai\\projects\\technology-solutions-api\\api\\vendor\\laravel\\framework\\src\\Illuminate\\Database\\Schema\\Builder.php(473): Illuminate\\Database\\Schema\\Builder->build(Object(Illuminate\\Database\\Schema\\Blueprint))
#7 D:\\Users\\Raphael\\Desktop\\desafio_senai\\projects\\technology-solutions-api\\api\\vendor\\laravel\\framework\\src\\Illuminate\\Support\\Facades\\Facade.php(361): Illuminate\\Database\\Schema\\Builder->create('historico_alter...', Object(Closure))
#8 D:\\Users\\Raphael\\Desktop\\desafio_senai\\projects\\technology-solutions-api\\api\\database\\migrations\\2025_02_27_121211_create_historico_alteracoes_perfil.php(14): Illuminate\\Support\\Facades\\Facade::__callStatic('create', Array)
#9 D:\\Users\\Raphael\\Desktop\\desafio_senai\\projects\\technology-solutions-api\\api\\vendor\\laravel\\framework\\src\\Illuminate\\Database\\Migrations\\Migrator.php(507): Illuminate\\Database\\Migrations\\Migration@anonymous->up()
#10 D:\\Users\\Raphael\\Desktop\\desafio_senai\\projects\\technology-solutions-api\\api\\vendor\\laravel\\framework\\src\\Illuminate\\Database\\Migrations\\Migrator.php(432): Illuminate\\Database\\Migrations\\Migrator->runMethod(Object(Illuminate\\Database\\MySqlConnection), Object(Illuminate\\Database\\Migrations\\Migration@anonymous), 'up')
#11 D:\\Users\\Raphael\\Desktop\\desafio_senai\\projects\\technology-solutions-api\\api\\vendor\\laravel\\framework\\src\\Illuminate\\Database\\Migrations\\Migrator.php(441): Illuminate\\Database\\Migrations\\Migrator->Illuminate\\Database\\Migrations\\{closure}()
#12 D:\\Users\\Raphael\\Desktop\\desafio_senai\\projects\\technology-solutions-api\\api\\vendor\\laravel\\framework\\src\\Illuminate\\Database\\Migrations\\Migrator.php(244): Illuminate\\Database\\Migrations\\Migrator->runMigration(Object(Illuminate\\Database\\Migrations\\Migration@anonymous), 'up')
#13 D:\\Users\\Raphael\\Desktop\\desafio_senai\\projects\\technology-solutions-api\\api\\vendor\\laravel\\framework\\src\\Illuminate\\Console\\View\\Components\\Task.php(40): Illuminate\\Database\\Migrations\\Migrator->Illuminate\\Database\\Migrations\\{closure}()
#14 D:\\Users\\Raphael\\Desktop\\desafio_senai\\projects\\technology-solutions-api\\api\\vendor\\laravel\\framework\\src\\Illuminate\\Database\\Migrations\\Migrator.php(798): Illuminate\\Console\\View\\Components\\Task->render('2025_02_27_1212...', Object(Closure))
#15 D:\\Users\\Raphael\\Desktop\\desafio_senai\\projects\\technology-solutions-api\\api\\vendor\\laravel\\framework\\src\\Illuminate\\Database\\Migrations\\Migrator.php(244): Illuminate\\Database\\Migrations\\Migrator->write('Illuminate\\\\Cons...', '2025_02_27_1212...', Object(Closure))
#16 D:\\Users\\Raphael\\Desktop\\desafio_senai\\projects\\technology-solutions-api\\api\\vendor\\laravel\\framework\\src\\Illuminate\\Database\\Migrations\\Migrator.php(211): Illuminate\\Database\\Migrations\\Migrator->runUp('D:\\\\Users\\\\Raphae...', 1, false)
#17 D:\\Users\\Raphael\\Desktop\\desafio_senai\\projects\\technology-solutions-api\\api\\vendor\\laravel\\framework\\src\\Illuminate\\Database\\Migrations\\Migrator.php(138): Illuminate\\Database\\Migrations\\Migrator->runPending(Array, Array)
#18 D:\\Users\\Raphael\\Desktop\\desafio_senai\\projects\\technology-solutions-api\\api\\vendor\\laravel\\framework\\src\\Illuminate\\Database\\Console\\Migrations\\MigrateCommand.php(117): Illuminate\\Database\\Migrations\\Migrator->run(Array, Array)
#19 D:\\Users\\Raphael\\Desktop\\desafio_senai\\projects\\technology-solutions-api\\api\\vendor\\laravel\\framework\\src\\Illuminate\\Database\\Migrations\\Migrator.php(658): Illuminate\\Database\\Console\\Migrations\\MigrateCommand->Illuminate\\Database\\Console\\Migrations\\{closure}()
#20 D:\\Users\\Raphael\\Desktop\\desafio_senai\\projects\\technology-solutions-api\\api\\vendor\\laravel\\framework\\src\\Illuminate\\Database\\Console\\Migrations\\MigrateCommand.php(110): Illuminate\\Database\\Migrations\\Migrator->usingConnection(NULL, Object(Closure))
#21 D:\\Users\\Raphael\\Desktop\\desafio_senai\\projects\\technology-solutions-api\\api\\vendor\\laravel\\framework\\src\\Illuminate\\Database\\Console\\Migrations\\MigrateCommand.php(89): Illuminate\\Database\\Console\\Migrations\\MigrateCommand->runMigrations()
#22 D:\\Users\\Raphael\\Desktop\\desafio_senai\\projects\\technology-solutions-api\\api\\vendor\\laravel\\framework\\src\\Illuminate\\Container\\BoundMethod.php(36): Illuminate\\Database\\Console\\Migrations\\MigrateCommand->handle()
#23 D:\\Users\\Raphael\\Desktop\\desafio_senai\\projects\\technology-solutions-api\\api\\vendor\\laravel\\framework\\src\\Illuminate\\Container\\Util.php(43): Illuminate\\Container\\BoundMethod::Illuminate\\Container\\{closure}()
#24 D:\\Users\\Raphael\\Desktop\\desafio_senai\\projects\\technology-solutions-api\\api\\vendor\\laravel\\framework\\src\\Illuminate\\Container\\BoundMethod.php(95): Illuminate\\Container\\Util::unwrapIfClosure(Object(Closure))
#25 D:\\Users\\Raphael\\Desktop\\desafio_senai\\projects\\technology-solutions-api\\api\\vendor\\laravel\\framework\\src\\Illuminate\\Container\\BoundMethod.php(35): Illuminate\\Container\\BoundMethod::callBoundMethod(Object(Illuminate\\Foundation\\Application), Array, Object(Closure))
#26 D:\\Users\\Raphael\\Desktop\\desafio_senai\\projects\\technology-solutions-api\\api\\vendor\\laravel\\framework\\src\\Illuminate\\Container\\Container.php(754): Illuminate\\Container\\BoundMethod::call(Object(Illuminate\\Foundation\\Application), Array, Array, NULL)
#27 D:\\Users\\Raphael\\Desktop\\desafio_senai\\projects\\technology-solutions-api\\api\\vendor\\laravel\\framework\\src\\Illuminate\\Console\\Command.php(213): Illuminate\\Container\\Container->call(Array)
#28 D:\\Users\\Raphael\\Desktop\\desafio_senai\\projects\\technology-solutions-api\\api\\vendor\\symfony\\console\\Command\\Command.php(279): Illuminate\\Console\\Command->execute(Object(Symfony\\Component\\Console\\Input\\ArgvInput), Object(Illuminate\\Console\\OutputStyle))
#29 D:\\Users\\Raphael\\Desktop\\desafio_senai\\projects\\technology-solutions-api\\api\\vendor\\laravel\\framework\\src\\Illuminate\\Console\\Command.php(182): Symfony\\Component\\Console\\Command\\Command->run(Object(Symfony\\Component\\Console\\Input\\ArgvInput), Object(Illuminate\\Console\\OutputStyle))
#30 D:\\Users\\Raphael\\Desktop\\desafio_senai\\projects\\technology-solutions-api\\api\\vendor\\symfony\\console\\Application.php(1094): Illuminate\\Console\\Command->run(Object(Symfony\\Component\\Console\\Input\\ArgvInput), Object(Symfony\\Component\\Console\\Output\\ConsoleOutput))
#31 D:\\Users\\Raphael\\Desktop\\desafio_senai\\projects\\technology-solutions-api\\api\\vendor\\symfony\\console\\Application.php(342): Symfony\\Component\\Console\\Application->doRunCommand(Object(Illuminate\\Database\\Console\\Migrations\\MigrateCommand), Object(Symfony\\Component\\Console\\Input\\ArgvInput), Object(Symfony\\Component\\Console\\Output\\ConsoleOutput))
#32 D:\\Users\\Raphael\\Desktop\\desafio_senai\\projects\\technology-solutions-api\\api\\vendor\\symfony\\console\\Application.php(193): Symfony\\Component\\Console\\Application->doRun(Object(Symfony\\Component\\Console\\Input\\ArgvInput), Object(Symfony\\Component\\Console\\Output\\ConsoleOutput))
#33 D:\\Users\\Raphael\\Desktop\\desafio_senai\\projects\\technology-solutions-api\\api\\vendor\\laravel\\framework\\src\\Illuminate\\Foundation\\Console\\Kernel.php(198): Symfony\\Component\\Console\\Application->run(Object(Symfony\\Component\\Console\\Input\\ArgvInput), Object(Symfony\\Component\\Console\\Output\\ConsoleOutput))
#34 D:\\Users\\Raphael\\Desktop\\desafio_senai\\projects\\technology-solutions-api\\api\\vendor\\laravel\\framework\\src\\Illuminate\\Foundation\\Application.php(1235): Illuminate\\Foundation\\Console\\Kernel->handle(Object(Symfony\\Component\\Console\\Input\\ArgvInput), Object(Symfony\\Component\\Console\\Output\\ConsoleOutput))
#35 D:\\Users\\Raphael\\Desktop\\desafio_senai\\projects\\technology-solutions-api\\api\\artisan(16): Illuminate\\Foundation\\Application->handleCommand(Object(Symfony\\Component\\Console\\Input\\ArgvInput))
#36 {main}
"} 
[2025-02-27 13:13:07] local.ERROR: SQLSTATE[HY000]: General error: 1005 Can't create table `technology_solutions_db`.`historico_alteracoes_perfil` (errno: 150 "Foreign key constraint is incorrectly formed") (Connection: mysql, SQL: alter table `historico_alteracoes_perfil` add constraint `historico_alteracoes_perfil_user_type_old_id_foreign` foreign key (`user_type_old_id`) references `status_convites` (`id`) on delete set null) {"exception":"[object] (Illuminate\\Database\\QueryException(code: HY000): SQLSTATE[HY000]: General error: 1005 Can't create table `technology_solutions_db`.`historico_alteracoes_perfil` (errno: 150 \"Foreign key constraint is incorrectly formed\") (Connection: mysql, SQL: alter table `historico_alteracoes_perfil` add constraint `historico_alteracoes_perfil_user_type_old_id_foreign` foreign key (`user_type_old_id`) references `status_convites` (`id`) on delete set null) at D:\\Users\\Raphael\\Desktop\\desafio_senai\\projects\\technology-solutions-api\\api\\vendor\\laravel\\framework\\src\\Illuminate\\Database\\Connection.php:823)
[stacktrace]
#0 D:\\Users\\Raphael\\Desktop\\desafio_senai\\projects\\technology-solutions-api\\api\\vendor\\laravel\\framework\\src\\Illuminate\\Database\\Connection.php(777): Illuminate\\Database\\Connection->runQueryCallback('alter table `hi...', Array, Object(Closure))
#1 D:\\Users\\Raphael\\Desktop\\desafio_senai\\projects\\technology-solutions-api\\api\\vendor\\laravel\\framework\\src\\Illuminate\\Database\\Connection.php(558): Illuminate\\Database\\Connection->run('alter table `hi...', Array, Object(Closure))
#2 D:\\Users\\Raphael\\Desktop\\desafio_senai\\projects\\technology-solutions-api\\api\\vendor\\laravel\\framework\\src\\Illuminate\\Database\\Schema\\Blueprint.php(120): Illuminate\\Database\\Connection->statement('alter table `hi...')
#3 D:\\Users\\Raphael\\Desktop\\desafio_senai\\projects\\technology-solutions-api\\api\\vendor\\laravel\\framework\\src\\Illuminate\\Database\\Schema\\Builder.php(619): Illuminate\\Database\\Schema\\Blueprint->build()
#4 D:\\Users\\Raphael\\Desktop\\desafio_senai\\projects\\technology-solutions-api\\api\\vendor\\laravel\\framework\\src\\Illuminate\\Database\\Schema\\Builder.php(473): Illuminate\\Database\\Schema\\Builder->build(Object(Illuminate\\Database\\Schema\\Blueprint))
#5 D:\\Users\\Raphael\\Desktop\\desafio_senai\\projects\\technology-solutions-api\\api\\vendor\\laravel\\framework\\src\\Illuminate\\Support\\Facades\\Facade.php(361): Illuminate\\Database\\Schema\\Builder->create('historico_alter...', Object(Closure))
#6 D:\\Users\\Raphael\\Desktop\\desafio_senai\\projects\\technology-solutions-api\\api\\database\\migrations\\2025_02_27_121211_create_historico_alteracoes_perfil.php(14): Illuminate\\Support\\Facades\\Facade::__callStatic('create', Array)
#7 D:\\Users\\Raphael\\Desktop\\desafio_senai\\projects\\technology-solutions-api\\api\\vendor\\laravel\\framework\\src\\Illuminate\\Database\\Migrations\\Migrator.php(507): Illuminate\\Database\\Migrations\\Migration@anonymous->up()
#8 D:\\Users\\Raphael\\Desktop\\desafio_senai\\projects\\technology-solutions-api\\api\\vendor\\laravel\\framework\\src\\Illuminate\\Database\\Migrations\\Migrator.php(432): Illuminate\\Database\\Migrations\\Migrator->runMethod(Object(Illuminate\\Database\\MySqlConnection), Object(Illuminate\\Database\\Migrations\\Migration@anonymous), 'up')
#9 D:\\Users\\Raphael\\Desktop\\desafio_senai\\projects\\technology-solutions-api\\api\\vendor\\laravel\\framework\\src\\Illuminate\\Database\\Migrations\\Migrator.php(441): Illuminate\\Database\\Migrations\\Migrator->Illuminate\\Database\\Migrations\\{closure}()
#10 D:\\Users\\Raphael\\Desktop\\desafio_senai\\projects\\technology-solutions-api\\api\\vendor\\laravel\\framework\\src\\Illuminate\\Database\\Migrations\\Migrator.php(244): Illuminate\\Database\\Migrations\\Migrator->runMigration(Object(Illuminate\\Database\\Migrations\\Migration@anonymous), 'up')
#11 D:\\Users\\Raphael\\Desktop\\desafio_senai\\projects\\technology-solutions-api\\api\\vendor\\laravel\\framework\\src\\Illuminate\\Console\\View\\Components\\Task.php(40): Illuminate\\Database\\Migrations\\Migrator->Illuminate\\Database\\Migrations\\{closure}()
#12 D:\\Users\\Raphael\\Desktop\\desafio_senai\\projects\\technology-solutions-api\\api\\vendor\\laravel\\framework\\src\\Illuminate\\Database\\Migrations\\Migrator.php(798): Illuminate\\Console\\View\\Components\\Task->render('2025_02_27_1212...', Object(Closure))
#13 D:\\Users\\Raphael\\Desktop\\desafio_senai\\projects\\technology-solutions-api\\api\\vendor\\laravel\\framework\\src\\Illuminate\\Database\\Migrations\\Migrator.php(244): Illuminate\\Database\\Migrations\\Migrator->write('Illuminate\\\\Cons...', '2025_02_27_1212...', Object(Closure))
#14 D:\\Users\\Raphael\\Desktop\\desafio_senai\\projects\\technology-solutions-api\\api\\vendor\\laravel\\framework\\src\\Illuminate\\Database\\Migrations\\Migrator.php(211): Illuminate\\Database\\Migrations\\Migrator->runUp('D:\\\\Users\\\\Raphae...', 1, false)
#15 D:\\Users\\Raphael\\Desktop\\desafio_senai\\projects\\technology-solutions-api\\api\\vendor\\laravel\\framework\\src\\Illuminate\\Database\\Migrations\\Migrator.php(138): Illuminate\\Database\\Migrations\\Migrator->runPending(Array, Array)
#16 D:\\Users\\Raphael\\Desktop\\desafio_senai\\projects\\technology-solutions-api\\api\\vendor\\laravel\\framework\\src\\Illuminate\\Database\\Console\\Migrations\\MigrateCommand.php(117): Illuminate\\Database\\Migrations\\Migrator->run(Array, Array)
#17 D:\\Users\\Raphael\\Desktop\\desafio_senai\\projects\\technology-solutions-api\\api\\vendor\\laravel\\framework\\src\\Illuminate\\Database\\Migrations\\Migrator.php(658): Illuminate\\Database\\Console\\Migrations\\MigrateCommand->Illuminate\\Database\\Console\\Migrations\\{closure}()
#18 D:\\Users\\Raphael\\Desktop\\desafio_senai\\projects\\technology-solutions-api\\api\\vendor\\laravel\\framework\\src\\Illuminate\\Database\\Console\\Migrations\\MigrateCommand.php(110): Illuminate\\Database\\Migrations\\Migrator->usingConnection(NULL, Object(Closure))
#19 D:\\Users\\Raphael\\Desktop\\desafio_senai\\projects\\technology-solutions-api\\api\\vendor\\laravel\\framework\\src\\Illuminate\\Database\\Console\\Migrations\\MigrateCommand.php(89): Illuminate\\Database\\Console\\Migrations\\MigrateCommand->runMigrations()
#20 D:\\Users\\Raphael\\Desktop\\desafio_senai\\projects\\technology-solutions-api\\api\\vendor\\laravel\\framework\\src\\Illuminate\\Container\\BoundMethod.php(36): Illuminate\\Database\\Console\\Migrations\\MigrateCommand->handle()
#21 D:\\Users\\Raphael\\Desktop\\desafio_senai\\projects\\technology-solutions-api\\api\\vendor\\laravel\\framework\\src\\Illuminate\\Container\\Util.php(43): Illuminate\\Container\\BoundMethod::Illuminate\\Container\\{closure}()
#22 D:\\Users\\Raphael\\Desktop\\desafio_senai\\projects\\technology-solutions-api\\api\\vendor\\laravel\\framework\\src\\Illuminate\\Container\\BoundMethod.php(95): Illuminate\\Container\\Util::unwrapIfClosure(Object(Closure))
#23 D:\\Users\\Raphael\\Desktop\\desafio_senai\\projects\\technology-solutions-api\\api\\vendor\\laravel\\framework\\src\\Illuminate\\Container\\BoundMethod.php(35): Illuminate\\Container\\BoundMethod::callBoundMethod(Object(Illuminate\\Foundation\\Application), Array, Object(Closure))
#24 D:\\Users\\Raphael\\Desktop\\desafio_senai\\projects\\technology-solutions-api\\api\\vendor\\laravel\\framework\\src\\Illuminate\\Container\\Container.php(754): Illuminate\\Container\\BoundMethod::call(Object(Illuminate\\Foundation\\Application), Array, Array, NULL)
#25 D:\\Users\\Raphael\\Desktop\\desafio_senai\\projects\\technology-solutions-api\\api\\vendor\\laravel\\framework\\src\\Illuminate\\Console\\Command.php(213): Illuminate\\Container\\Container->call(Array)
#26 D:\\Users\\Raphael\\Desktop\\desafio_senai\\projects\\technology-solutions-api\\api\\vendor\\symfony\\console\\Command\\Command.php(279): Illuminate\\Console\\Command->execute(Object(Symfony\\Component\\Console\\Input\\ArgvInput), Object(Illuminate\\Console\\OutputStyle))
#27 D:\\Users\\Raphael\\Desktop\\desafio_senai\\projects\\technology-solutions-api\\api\\vendor\\laravel\\framework\\src\\Illuminate\\Console\\Command.php(182): Symfony\\Component\\Console\\Command\\Command->run(Object(Symfony\\Component\\Console\\Input\\ArgvInput), Object(Illuminate\\Console\\OutputStyle))
#28 D:\\Users\\Raphael\\Desktop\\desafio_senai\\projects\\technology-solutions-api\\api\\vendor\\symfony\\console\\Application.php(1094): Illuminate\\Console\\Command->run(Object(Symfony\\Component\\Console\\Input\\ArgvInput), Object(Symfony\\Component\\Console\\Output\\ConsoleOutput))
#29 D:\\Users\\Raphael\\Desktop\\desafio_senai\\projects\\technology-solutions-api\\api\\vendor\\symfony\\console\\Application.php(342): Symfony\\Component\\Console\\Application->doRunCommand(Object(Illuminate\\Database\\Console\\Migrations\\MigrateCommand), Object(Symfony\\Component\\Console\\Input\\ArgvInput), Object(Symfony\\Component\\Console\\Output\\ConsoleOutput))
#30 D:\\Users\\Raphael\\Desktop\\desafio_senai\\projects\\technology-solutions-api\\api\\vendor\\symfony\\console\\Application.php(193): Symfony\\Component\\Console\\Application->doRun(Object(Symfony\\Component\\Console\\Input\\ArgvInput), Object(Symfony\\Component\\Console\\Output\\ConsoleOutput))
#31 D:\\Users\\Raphael\\Desktop\\desafio_senai\\projects\\technology-solutions-api\\api\\vendor\\laravel\\framework\\src\\Illuminate\\Foundation\\Console\\Kernel.php(198): Symfony\\Component\\Console\\Application->run(Object(Symfony\\Component\\Console\\Input\\ArgvInput), Object(Symfony\\Component\\Console\\Output\\ConsoleOutput))
#32 D:\\Users\\Raphael\\Desktop\\desafio_senai\\projects\\technology-solutions-api\\api\\vendor\\laravel\\framework\\src\\Illuminate\\Foundation\\Application.php(1235): Illuminate\\Foundation\\Console\\Kernel->handle(Object(Symfony\\Component\\Console\\Input\\ArgvInput), Object(Symfony\\Component\\Console\\Output\\ConsoleOutput))
#33 D:\\Users\\Raphael\\Desktop\\desafio_senai\\projects\\technology-solutions-api\\api\\artisan(16): Illuminate\\Foundation\\Application->handleCommand(Object(Symfony\\Component\\Console\\Input\\ArgvInput))
#34 {main}

[previous exception] [object] (PDOException(code: HY000): SQLSTATE[HY000]: General error: 1005 Can't create table `technology_solutions_db`.`historico_alteracoes_perfil` (errno: 150 \"Foreign key constraint is incorrectly formed\") at D:\\Users\\Raphael\\Desktop\\desafio_senai\\projects\\technology-solutions-api\\api\\vendor\\laravel\\framework\\src\\Illuminate\\Database\\Connection.php:569)
[stacktrace]
#0 D:\\Users\\Raphael\\Desktop\\desafio_senai\\projects\\technology-solutions-api\\api\\vendor\\laravel\\framework\\src\\Illuminate\\Database\\Connection.php(569): PDOStatement->execute()
#1 D:\\Users\\Raphael\\Desktop\\desafio_senai\\projects\\technology-solutions-api\\api\\vendor\\laravel\\framework\\src\\Illuminate\\Database\\Connection.php(810): Illuminate\\Database\\Connection->Illuminate\\Database\\{closure}('alter table `hi...', Array)
#2 D:\\Users\\Raphael\\Desktop\\desafio_senai\\projects\\technology-solutions-api\\api\\vendor\\laravel\\framework\\src\\Illuminate\\Database\\Connection.php(777): Illuminate\\Database\\Connection->runQueryCallback('alter table `hi...', Array, Object(Closure))
#3 D:\\Users\\Raphael\\Desktop\\desafio_senai\\projects\\technology-solutions-api\\api\\vendor\\laravel\\framework\\src\\Illuminate\\Database\\Connection.php(558): Illuminate\\Database\\Connection->run('alter table `hi...', Array, Object(Closure))
#4 D:\\Users\\Raphael\\Desktop\\desafio_senai\\projects\\technology-solutions-api\\api\\vendor\\laravel\\framework\\src\\Illuminate\\Database\\Schema\\Blueprint.php(120): Illuminate\\Database\\Connection->statement('alter table `hi...')
#5 D:\\Users\\Raphael\\Desktop\\desafio_senai\\projects\\technology-solutions-api\\api\\vendor\\laravel\\framework\\src\\Illuminate\\Database\\Schema\\Builder.php(619): Illuminate\\Database\\Schema\\Blueprint->build()
#6 D:\\Users\\Raphael\\Desktop\\desafio_senai\\projects\\technology-solutions-api\\api\\vendor\\laravel\\framework\\src\\Illuminate\\Database\\Schema\\Builder.php(473): Illuminate\\Database\\Schema\\Builder->build(Object(Illuminate\\Database\\Schema\\Blueprint))
#7 D:\\Users\\Raphael\\Desktop\\desafio_senai\\projects\\technology-solutions-api\\api\\vendor\\laravel\\framework\\src\\Illuminate\\Support\\Facades\\Facade.php(361): Illuminate\\Database\\Schema\\Builder->create('historico_alter...', Object(Closure))
#8 D:\\Users\\Raphael\\Desktop\\desafio_senai\\projects\\technology-solutions-api\\api\\database\\migrations\\2025_02_27_121211_create_historico_alteracoes_perfil.php(14): Illuminate\\Support\\Facades\\Facade::__callStatic('create', Array)
#9 D:\\Users\\Raphael\\Desktop\\desafio_senai\\projects\\technology-solutions-api\\api\\vendor\\laravel\\framework\\src\\Illuminate\\Database\\Migrations\\Migrator.php(507): Illuminate\\Database\\Migrations\\Migration@anonymous->up()
#10 D:\\Users\\Raphael\\Desktop\\desafio_senai\\projects\\technology-solutions-api\\api\\vendor\\laravel\\framework\\src\\Illuminate\\Database\\Migrations\\Migrator.php(432): Illuminate\\Database\\Migrations\\Migrator->runMethod(Object(Illuminate\\Database\\MySqlConnection), Object(Illuminate\\Database\\Migrations\\Migration@anonymous), 'up')
#11 D:\\Users\\Raphael\\Desktop\\desafio_senai\\projects\\technology-solutions-api\\api\\vendor\\laravel\\framework\\src\\Illuminate\\Database\\Migrations\\Migrator.php(441): Illuminate\\Database\\Migrations\\Migrator->Illuminate\\Database\\Migrations\\{closure}()
#12 D:\\Users\\Raphael\\Desktop\\desafio_senai\\projects\\technology-solutions-api\\api\\vendor\\laravel\\framework\\src\\Illuminate\\Database\\Migrations\\Migrator.php(244): Illuminate\\Database\\Migrations\\Migrator->runMigration(Object(Illuminate\\Database\\Migrations\\Migration@anonymous), 'up')
#13 D:\\Users\\Raphael\\Desktop\\desafio_senai\\projects\\technology-solutions-api\\api\\vendor\\laravel\\framework\\src\\Illuminate\\Console\\View\\Components\\Task.php(40): Illuminate\\Database\\Migrations\\Migrator->Illuminate\\Database\\Migrations\\{closure}()
#14 D:\\Users\\Raphael\\Desktop\\desafio_senai\\projects\\technology-solutions-api\\api\\vendor\\laravel\\framework\\src\\Illuminate\\Database\\Migrations\\Migrator.php(798): Illuminate\\Console\\View\\Components\\Task->render('2025_02_27_1212...', Object(Closure))
#15 D:\\Users\\Raphael\\Desktop\\desafio_senai\\projects\\technology-solutions-api\\api\\vendor\\laravel\\framework\\src\\Illuminate\\Database\\Migrations\\Migrator.php(244): Illuminate\\Database\\Migrations\\Migrator->write('Illuminate\\\\Cons...', '2025_02_27_1212...', Object(Closure))
#16 D:\\Users\\Raphael\\Desktop\\desafio_senai\\projects\\technology-solutions-api\\api\\vendor\\laravel\\framework\\src\\Illuminate\\Database\\Migrations\\Migrator.php(211): Illuminate\\Database\\Migrations\\Migrator->runUp('D:\\\\Users\\\\Raphae...', 1, false)
#17 D:\\Users\\Raphael\\Desktop\\desafio_senai\\projects\\technology-solutions-api\\api\\vendor\\laravel\\framework\\src\\Illuminate\\Database\\Migrations\\Migrator.php(138): Illuminate\\Database\\Migrations\\Migrator->runPending(Array, Array)
#18 D:\\Users\\Raphael\\Desktop\\desafio_senai\\projects\\technology-solutions-api\\api\\vendor\\laravel\\framework\\src\\Illuminate\\Database\\Console\\Migrations\\MigrateCommand.php(117): Illuminate\\Database\\Migrations\\Migrator->run(Array, Array)
#19 D:\\Users\\Raphael\\Desktop\\desafio_senai\\projects\\technology-solutions-api\\api\\vendor\\laravel\\framework\\src\\Illuminate\\Database\\Migrations\\Migrator.php(658): Illuminate\\Database\\Console\\Migrations\\MigrateCommand->Illuminate\\Database\\Console\\Migrations\\{closure}()
#20 D:\\Users\\Raphael\\Desktop\\desafio_senai\\projects\\technology-solutions-api\\api\\vendor\\laravel\\framework\\src\\Illuminate\\Database\\Console\\Migrations\\MigrateCommand.php(110): Illuminate\\Database\\Migrations\\Migrator->usingConnection(NULL, Object(Closure))
#21 D:\\Users\\Raphael\\Desktop\\desafio_senai\\projects\\technology-solutions-api\\api\\vendor\\laravel\\framework\\src\\Illuminate\\Database\\Console\\Migrations\\MigrateCommand.php(89): Illuminate\\Database\\Console\\Migrations\\MigrateCommand->runMigrations()
#22 D:\\Users\\Raphael\\Desktop\\desafio_senai\\projects\\technology-solutions-api\\api\\vendor\\laravel\\framework\\src\\Illuminate\\Container\\BoundMethod.php(36): Illuminate\\Database\\Console\\Migrations\\MigrateCommand->handle()
#23 D:\\Users\\Raphael\\Desktop\\desafio_senai\\projects\\technology-solutions-api\\api\\vendor\\laravel\\framework\\src\\Illuminate\\Container\\Util.php(43): Illuminate\\Container\\BoundMethod::Illuminate\\Container\\{closure}()
#24 D:\\Users\\Raphael\\Desktop\\desafio_senai\\projects\\technology-solutions-api\\api\\vendor\\laravel\\framework\\src\\Illuminate\\Container\\BoundMethod.php(95): Illuminate\\Container\\Util::unwrapIfClosure(Object(Closure))
#25 D:\\Users\\Raphael\\Desktop\\desafio_senai\\projects\\technology-solutions-api\\api\\vendor\\laravel\\framework\\src\\Illuminate\\Container\\BoundMethod.php(35): Illuminate\\Container\\BoundMethod::callBoundMethod(Object(Illuminate\\Foundation\\Application), Array, Object(Closure))
#26 D:\\Users\\Raphael\\Desktop\\desafio_senai\\projects\\technology-solutions-api\\api\\vendor\\laravel\\framework\\src\\Illuminate\\Container\\Container.php(754): Illuminate\\Container\\BoundMethod::call(Object(Illuminate\\Foundation\\Application), Array, Array, NULL)
#27 D:\\Users\\Raphael\\Desktop\\desafio_senai\\projects\\technology-solutions-api\\api\\vendor\\laravel\\framework\\src\\Illuminate\\Console\\Command.php(213): Illuminate\\Container\\Container->call(Array)
#28 D:\\Users\\Raphael\\Desktop\\desafio_senai\\projects\\technology-solutions-api\\api\\vendor\\symfony\\console\\Command\\Command.php(279): Illuminate\\Console\\Command->execute(Object(Symfony\\Component\\Console\\Input\\ArgvInput), Object(Illuminate\\Console\\OutputStyle))
#29 D:\\Users\\Raphael\\Desktop\\desafio_senai\\projects\\technology-solutions-api\\api\\vendor\\laravel\\framework\\src\\Illuminate\\Console\\Command.php(182): Symfony\\Component\\Console\\Command\\Command->run(Object(Symfony\\Component\\Console\\Input\\ArgvInput), Object(Illuminate\\Console\\OutputStyle))
#30 D:\\Users\\Raphael\\Desktop\\desafio_senai\\projects\\technology-solutions-api\\api\\vendor\\symfony\\console\\Application.php(1094): Illuminate\\Console\\Command->run(Object(Symfony\\Component\\Console\\Input\\ArgvInput), Object(Symfony\\Component\\Console\\Output\\ConsoleOutput))
#31 D:\\Users\\Raphael\\Desktop\\desafio_senai\\projects\\technology-solutions-api\\api\\vendor\\symfony\\console\\Application.php(342): Symfony\\Component\\Console\\Application->doRunCommand(Object(Illuminate\\Database\\Console\\Migrations\\MigrateCommand), Object(Symfony\\Component\\Console\\Input\\ArgvInput), Object(Symfony\\Component\\Console\\Output\\ConsoleOutput))
#32 D:\\Users\\Raphael\\Desktop\\desafio_senai\\projects\\technology-solutions-api\\api\\vendor\\symfony\\console\\Application.php(193): Symfony\\Component\\Console\\Application->doRun(Object(Symfony\\Component\\Console\\Input\\ArgvInput), Object(Symfony\\Component\\Console\\Output\\ConsoleOutput))
#33 D:\\Users\\Raphael\\Desktop\\desafio_senai\\projects\\technology-solutions-api\\api\\vendor\\laravel\\framework\\src\\Illuminate\\Foundation\\Console\\Kernel.php(198): Symfony\\Component\\Console\\Application->run(Object(Symfony\\Component\\Console\\Input\\ArgvInput), Object(Symfony\\Component\\Console\\Output\\ConsoleOutput))
#34 D:\\Users\\Raphael\\Desktop\\desafio_senai\\projects\\technology-solutions-api\\api\\vendor\\laravel\\framework\\src\\Illuminate\\Foundation\\Application.php(1235): Illuminate\\Foundation\\Console\\Kernel->handle(Object(Symfony\\Component\\Console\\Input\\ArgvInput), Object(Symfony\\Component\\Console\\Output\\ConsoleOutput))
#35 D:\\Users\\Raphael\\Desktop\\desafio_senai\\projects\\technology-solutions-api\\api\\artisan(16): Illuminate\\Foundation\\Application->handleCommand(Object(Symfony\\Component\\Console\\Input\\ArgvInput))
#36 {main}
"} 
[2025-02-27 13:15:12] local.ERROR: SQLSTATE[23000]: Integrity constraint violation: 1451 Cannot delete or update a parent row: a foreign key constraint fails (Connection: mysql, SQL: drop table if exists `users`) {"exception":"[object] (Illuminate\\Database\\QueryException(code: 23000): SQLSTATE[23000]: Integrity constraint violation: 1451 Cannot delete or update a parent row: a foreign key constraint fails (Connection: mysql, SQL: drop table if exists `users`) at D:\\Users\\Raphael\\Desktop\\desafio_senai\\projects\\technology-solutions-api\\api\\vendor\\laravel\\framework\\src\\Illuminate\\Database\\Connection.php:823)
[stacktrace]
#0 D:\\Users\\Raphael\\Desktop\\desafio_senai\\projects\\technology-solutions-api\\api\\vendor\\laravel\\framework\\src\\Illuminate\\Database\\Connection.php(777): Illuminate\\Database\\Connection->runQueryCallback('drop table if e...', Array, Object(Closure))
#1 D:\\Users\\Raphael\\Desktop\\desafio_senai\\projects\\technology-solutions-api\\api\\vendor\\laravel\\framework\\src\\Illuminate\\Database\\Connection.php(558): Illuminate\\Database\\Connection->run('drop table if e...', Array, Object(Closure))
#2 D:\\Users\\Raphael\\Desktop\\desafio_senai\\projects\\technology-solutions-api\\api\\vendor\\laravel\\framework\\src\\Illuminate\\Database\\Schema\\Blueprint.php(120): Illuminate\\Database\\Connection->statement('drop table if e...')
#3 D:\\Users\\Raphael\\Desktop\\desafio_senai\\projects\\technology-solutions-api\\api\\vendor\\laravel\\framework\\src\\Illuminate\\Database\\Schema\\Builder.php(619): Illuminate\\Database\\Schema\\Blueprint->build()
#4 D:\\Users\\Raphael\\Desktop\\desafio_senai\\projects\\technology-solutions-api\\api\\vendor\\laravel\\framework\\src\\Illuminate\\Database\\Schema\\Builder.php(501): Illuminate\\Database\\Schema\\Builder->build(Object(Illuminate\\Database\\Schema\\Blueprint))
#5 D:\\Users\\Raphael\\Desktop\\desafio_senai\\projects\\technology-solutions-api\\api\\vendor\\laravel\\framework\\src\\Illuminate\\Support\\Facades\\Facade.php(361): Illuminate\\Database\\Schema\\Builder->dropIfExists('users')
#6 D:\\Users\\Raphael\\Desktop\\desafio_senai\\projects\\technology-solutions-api\\api\\database\\migrations\\0001_01_01_000000_create_users_table.php(56): Illuminate\\Support\\Facades\\Facade::__callStatic('dropIfExists', Array)
#7 D:\\Users\\Raphael\\Desktop\\desafio_senai\\projects\\technology-solutions-api\\api\\vendor\\laravel\\framework\\src\\Illuminate\\Database\\Migrations\\Migrator.php(507): Illuminate\\Database\\Migrations\\Migration@anonymous->down()
#8 D:\\Users\\Raphael\\Desktop\\desafio_senai\\projects\\technology-solutions-api\\api\\vendor\\laravel\\framework\\src\\Illuminate\\Database\\Migrations\\Migrator.php(432): Illuminate\\Database\\Migrations\\Migrator->runMethod(Object(Illuminate\\Database\\MySqlConnection), Object(Illuminate\\Database\\Migrations\\Migration@anonymous), 'down')
#9 D:\\Users\\Raphael\\Desktop\\desafio_senai\\projects\\technology-solutions-api\\api\\vendor\\laravel\\framework\\src\\Illuminate\\Database\\Migrations\\Migrator.php(441): Illuminate\\Database\\Migrations\\Migrator->Illuminate\\Database\\Migrations\\{closure}()
#10 D:\\Users\\Raphael\\Desktop\\desafio_senai\\projects\\technology-solutions-api\\api\\vendor\\laravel\\framework\\src\\Illuminate\\Database\\Migrations\\Migrator.php(407): Illuminate\\Database\\Migrations\\Migrator->runMigration(Object(Illuminate\\Database\\Migrations\\Migration@anonymous), 'down')
#11 D:\\Users\\Raphael\\Desktop\\desafio_senai\\projects\\technology-solutions-api\\api\\vendor\\laravel\\framework\\src\\Illuminate\\Console\\View\\Components\\Task.php(40): Illuminate\\Database\\Migrations\\Migrator->Illuminate\\Database\\Migrations\\{closure}()
#12 D:\\Users\\Raphael\\Desktop\\desafio_senai\\projects\\technology-solutions-api\\api\\vendor\\laravel\\framework\\src\\Illuminate\\Database\\Migrations\\Migrator.php(798): Illuminate\\Console\\View\\Components\\Task->render('0001_01_01_0000...', Object(Closure))
#13 D:\\Users\\Raphael\\Desktop\\desafio_senai\\projects\\technology-solutions-api\\api\\vendor\\laravel\\framework\\src\\Illuminate\\Database\\Migrations\\Migrator.php(407): Illuminate\\Database\\Migrations\\Migrator->write('Illuminate\\\\Cons...', '0001_01_01_0000...', Object(Closure))
#14 D:\\Users\\Raphael\\Desktop\\desafio_senai\\projects\\technology-solutions-api\\api\\vendor\\laravel\\framework\\src\\Illuminate\\Database\\Migrations\\Migrator.php(330): Illuminate\\Database\\Migrations\\Migrator->runDown('D:\\\\Users\\\\Raphae...', Object(stdClass), false)
#15 D:\\Users\\Raphael\\Desktop\\desafio_senai\\projects\\technology-solutions-api\\api\\vendor\\laravel\\framework\\src\\Illuminate\\Database\\Migrations\\Migrator.php(381): Illuminate\\Database\\Migrations\\Migrator->rollbackMigrations(Array, Array, Array)
#16 D:\\Users\\Raphael\\Desktop\\desafio_senai\\projects\\technology-solutions-api\\api\\vendor\\laravel\\framework\\src\\Illuminate\\Database\\Migrations\\Migrator.php(361): Illuminate\\Database\\Migrations\\Migrator->resetMigrations(Array, Array, false)
#17 D:\\Users\\Raphael\\Desktop\\desafio_senai\\projects\\technology-solutions-api\\api\\vendor\\laravel\\framework\\src\\Illuminate\\Database\\Console\\Migrations\\ResetCommand.php(71): Illuminate\\Database\\Migrations\\Migrator->reset(Array, false)
#18 D:\\Users\\Raphael\\Desktop\\desafio_senai\\projects\\technology-solutions-api\\api\\vendor\\laravel\\framework\\src\\Illuminate\\Database\\Migrations\\Migrator.php(658): Illuminate\\Database\\Console\\Migrations\\ResetCommand->Illuminate\\Database\\Console\\Migrations\\{closure}()
#19 D:\\Users\\Raphael\\Desktop\\desafio_senai\\projects\\technology-solutions-api\\api\\vendor\\laravel\\framework\\src\\Illuminate\\Database\\Console\\Migrations\\ResetCommand.php(63): Illuminate\\Database\\Migrations\\Migrator->usingConnection(NULL, Object(Closure))
#20 D:\\Users\\Raphael\\Desktop\\desafio_senai\\projects\\technology-solutions-api\\api\\vendor\\laravel\\framework\\src\\Illuminate\\Container\\BoundMethod.php(36): Illuminate\\Database\\Console\\Migrations\\ResetCommand->handle()
#21 D:\\Users\\Raphael\\Desktop\\desafio_senai\\projects\\technology-solutions-api\\api\\vendor\\laravel\\framework\\src\\Illuminate\\Container\\Util.php(43): Illuminate\\Container\\BoundMethod::Illuminate\\Container\\{closure}()
#22 D:\\Users\\Raphael\\Desktop\\desafio_senai\\projects\\technology-solutions-api\\api\\vendor\\laravel\\framework\\src\\Illuminate\\Container\\BoundMethod.php(95): Illuminate\\Container\\Util::unwrapIfClosure(Object(Closure))
#23 D:\\Users\\Raphael\\Desktop\\desafio_senai\\projects\\technology-solutions-api\\api\\vendor\\laravel\\framework\\src\\Illuminate\\Container\\BoundMethod.php(35): Illuminate\\Container\\BoundMethod::callBoundMethod(Object(Illuminate\\Foundation\\Application), Array, Object(Closure))
#24 D:\\Users\\Raphael\\Desktop\\desafio_senai\\projects\\technology-solutions-api\\api\\vendor\\laravel\\framework\\src\\Illuminate\\Container\\Container.php(754): Illuminate\\Container\\BoundMethod::call(Object(Illuminate\\Foundation\\Application), Array, Array, NULL)
#25 D:\\Users\\Raphael\\Desktop\\desafio_senai\\projects\\technology-solutions-api\\api\\vendor\\laravel\\framework\\src\\Illuminate\\Console\\Command.php(213): Illuminate\\Container\\Container->call(Array)
#26 D:\\Users\\Raphael\\Desktop\\desafio_senai\\projects\\technology-solutions-api\\api\\vendor\\symfony\\console\\Command\\Command.php(279): Illuminate\\Console\\Command->execute(Object(Symfony\\Component\\Console\\Input\\ArgvInput), Object(Illuminate\\Console\\OutputStyle))
#27 D:\\Users\\Raphael\\Desktop\\desafio_senai\\projects\\technology-solutions-api\\api\\vendor\\laravel\\framework\\src\\Illuminate\\Console\\Command.php(182): Symfony\\Component\\Console\\Command\\Command->run(Object(Symfony\\Component\\Console\\Input\\ArgvInput), Object(Illuminate\\Console\\OutputStyle))
#28 D:\\Users\\Raphael\\Desktop\\desafio_senai\\projects\\technology-solutions-api\\api\\vendor\\symfony\\console\\Application.php(1094): Illuminate\\Console\\Command->run(Object(Symfony\\Component\\Console\\Input\\ArgvInput), Object(Symfony\\Component\\Console\\Output\\ConsoleOutput))
#29 D:\\Users\\Raphael\\Desktop\\desafio_senai\\projects\\technology-solutions-api\\api\\vendor\\symfony\\console\\Application.php(342): Symfony\\Component\\Console\\Application->doRunCommand(Object(Illuminate\\Database\\Console\\Migrations\\ResetCommand), Object(Symfony\\Component\\Console\\Input\\ArgvInput), Object(Symfony\\Component\\Console\\Output\\ConsoleOutput))
#30 D:\\Users\\Raphael\\Desktop\\desafio_senai\\projects\\technology-solutions-api\\api\\vendor\\symfony\\console\\Application.php(193): Symfony\\Component\\Console\\Application->doRun(Object(Symfony\\Component\\Console\\Input\\ArgvInput), Object(Symfony\\Component\\Console\\Output\\ConsoleOutput))
#31 D:\\Users\\Raphael\\Desktop\\desafio_senai\\projects\\technology-solutions-api\\api\\vendor\\laravel\\framework\\src\\Illuminate\\Foundation\\Console\\Kernel.php(198): Symfony\\Component\\Console\\Application->run(Object(Symfony\\Component\\Console\\Input\\ArgvInput), Object(Symfony\\Component\\Console\\Output\\ConsoleOutput))
#32 D:\\Users\\Raphael\\Desktop\\desafio_senai\\projects\\technology-solutions-api\\api\\vendor\\laravel\\framework\\src\\Illuminate\\Foundation\\Application.php(1235): Illuminate\\Foundation\\Console\\Kernel->handle(Object(Symfony\\Component\\Console\\Input\\ArgvInput), Object(Symfony\\Component\\Console\\Output\\ConsoleOutput))
#33 D:\\Users\\Raphael\\Desktop\\desafio_senai\\projects\\technology-solutions-api\\api\\artisan(16): Illuminate\\Foundation\\Application->handleCommand(Object(Symfony\\Component\\Console\\Input\\ArgvInput))
#34 {main}

[previous exception] [object] (PDOException(code: 23000): SQLSTATE[23000]: Integrity constraint violation: 1451 Cannot delete or update a parent row: a foreign key constraint fails at D:\\Users\\Raphael\\Desktop\\desafio_senai\\projects\\technology-solutions-api\\api\\vendor\\laravel\\framework\\src\\Illuminate\\Database\\Connection.php:569)
[stacktrace]
#0 D:\\Users\\Raphael\\Desktop\\desafio_senai\\projects\\technology-solutions-api\\api\\vendor\\laravel\\framework\\src\\Illuminate\\Database\\Connection.php(569): PDOStatement->execute()
#1 D:\\Users\\Raphael\\Desktop\\desafio_senai\\projects\\technology-solutions-api\\api\\vendor\\laravel\\framework\\src\\Illuminate\\Database\\Connection.php(810): Illuminate\\Database\\Connection->Illuminate\\Database\\{closure}('drop table if e...', Array)
#2 D:\\Users\\Raphael\\Desktop\\desafio_senai\\projects\\technology-solutions-api\\api\\vendor\\laravel\\framework\\src\\Illuminate\\Database\\Connection.php(777): Illuminate\\Database\\Connection->runQueryCallback('drop table if e...', Array, Object(Closure))
#3 D:\\Users\\Raphael\\Desktop\\desafio_senai\\projects\\technology-solutions-api\\api\\vendor\\laravel\\framework\\src\\Illuminate\\Database\\Connection.php(558): Illuminate\\Database\\Connection->run('drop table if e...', Array, Object(Closure))
#4 D:\\Users\\Raphael\\Desktop\\desafio_senai\\projects\\technology-solutions-api\\api\\vendor\\laravel\\framework\\src\\Illuminate\\Database\\Schema\\Blueprint.php(120): Illuminate\\Database\\Connection->statement('drop table if e...')
#5 D:\\Users\\Raphael\\Desktop\\desafio_senai\\projects\\technology-solutions-api\\api\\vendor\\laravel\\framework\\src\\Illuminate\\Database\\Schema\\Builder.php(619): Illuminate\\Database\\Schema\\Blueprint->build()
#6 D:\\Users\\Raphael\\Desktop\\desafio_senai\\projects\\technology-solutions-api\\api\\vendor\\laravel\\framework\\src\\Illuminate\\Database\\Schema\\Builder.php(501): Illuminate\\Database\\Schema\\Builder->build(Object(Illuminate\\Database\\Schema\\Blueprint))
#7 D:\\Users\\Raphael\\Desktop\\desafio_senai\\projects\\technology-solutions-api\\api\\vendor\\laravel\\framework\\src\\Illuminate\\Support\\Facades\\Facade.php(361): Illuminate\\Database\\Schema\\Builder->dropIfExists('users')
#8 D:\\Users\\Raphael\\Desktop\\desafio_senai\\projects\\technology-solutions-api\\api\\database\\migrations\\0001_01_01_000000_create_users_table.php(56): Illuminate\\Support\\Facades\\Facade::__callStatic('dropIfExists', Array)
#9 D:\\Users\\Raphael\\Desktop\\desafio_senai\\projects\\technology-solutions-api\\api\\vendor\\laravel\\framework\\src\\Illuminate\\Database\\Migrations\\Migrator.php(507): Illuminate\\Database\\Migrations\\Migration@anonymous->down()
#10 D:\\Users\\Raphael\\Desktop\\desafio_senai\\projects\\technology-solutions-api\\api\\vendor\\laravel\\framework\\src\\Illuminate\\Database\\Migrations\\Migrator.php(432): Illuminate\\Database\\Migrations\\Migrator->runMethod(Object(Illuminate\\Database\\MySqlConnection), Object(Illuminate\\Database\\Migrations\\Migration@anonymous), 'down')
#11 D:\\Users\\Raphael\\Desktop\\desafio_senai\\projects\\technology-solutions-api\\api\\vendor\\laravel\\framework\\src\\Illuminate\\Database\\Migrations\\Migrator.php(441): Illuminate\\Database\\Migrations\\Migrator->Illuminate\\Database\\Migrations\\{closure}()
#12 D:\\Users\\Raphael\\Desktop\\desafio_senai\\projects\\technology-solutions-api\\api\\vendor\\laravel\\framework\\src\\Illuminate\\Database\\Migrations\\Migrator.php(407): Illuminate\\Database\\Migrations\\Migrator->runMigration(Object(Illuminate\\Database\\Migrations\\Migration@anonymous), 'down')
#13 D:\\Users\\Raphael\\Desktop\\desafio_senai\\projects\\technology-solutions-api\\api\\vendor\\laravel\\framework\\src\\Illuminate\\Console\\View\\Components\\Task.php(40): Illuminate\\Database\\Migrations\\Migrator->Illuminate\\Database\\Migrations\\{closure}()
#14 D:\\Users\\Raphael\\Desktop\\desafio_senai\\projects\\technology-solutions-api\\api\\vendor\\laravel\\framework\\src\\Illuminate\\Database\\Migrations\\Migrator.php(798): Illuminate\\Console\\View\\Components\\Task->render('0001_01_01_0000...', Object(Closure))
#15 D:\\Users\\Raphael\\Desktop\\desafio_senai\\projects\\technology-solutions-api\\api\\vendor\\laravel\\framework\\src\\Illuminate\\Database\\Migrations\\Migrator.php(407): Illuminate\\Database\\Migrations\\Migrator->write('Illuminate\\\\Cons...', '0001_01_01_0000...', Object(Closure))
#16 D:\\Users\\Raphael\\Desktop\\desafio_senai\\projects\\technology-solutions-api\\api\\vendor\\laravel\\framework\\src\\Illuminate\\Database\\Migrations\\Migrator.php(330): Illuminate\\Database\\Migrations\\Migrator->runDown('D:\\\\Users\\\\Raphae...', Object(stdClass), false)
#17 D:\\Users\\Raphael\\Desktop\\desafio_senai\\projects\\technology-solutions-api\\api\\vendor\\laravel\\framework\\src\\Illuminate\\Database\\Migrations\\Migrator.php(381): Illuminate\\Database\\Migrations\\Migrator->rollbackMigrations(Array, Array, Array)
#18 D:\\Users\\Raphael\\Desktop\\desafio_senai\\projects\\technology-solutions-api\\api\\vendor\\laravel\\framework\\src\\Illuminate\\Database\\Migrations\\Migrator.php(361): Illuminate\\Database\\Migrations\\Migrator->resetMigrations(Array, Array, false)
#19 D:\\Users\\Raphael\\Desktop\\desafio_senai\\projects\\technology-solutions-api\\api\\vendor\\laravel\\framework\\src\\Illuminate\\Database\\Console\\Migrations\\ResetCommand.php(71): Illuminate\\Database\\Migrations\\Migrator->reset(Array, false)
#20 D:\\Users\\Raphael\\Desktop\\desafio_senai\\projects\\technology-solutions-api\\api\\vendor\\laravel\\framework\\src\\Illuminate\\Database\\Migrations\\Migrator.php(658): Illuminate\\Database\\Console\\Migrations\\ResetCommand->Illuminate\\Database\\Console\\Migrations\\{closure}()
#21 D:\\Users\\Raphael\\Desktop\\desafio_senai\\projects\\technology-solutions-api\\api\\vendor\\laravel\\framework\\src\\Illuminate\\Database\\Console\\Migrations\\ResetCommand.php(63): Illuminate\\Database\\Migrations\\Migrator->usingConnection(NULL, Object(Closure))
#22 D:\\Users\\Raphael\\Desktop\\desafio_senai\\projects\\technology-solutions-api\\api\\vendor\\laravel\\framework\\src\\Illuminate\\Container\\BoundMethod.php(36): Illuminate\\Database\\Console\\Migrations\\ResetCommand->handle()
#23 D:\\Users\\Raphael\\Desktop\\desafio_senai\\projects\\technology-solutions-api\\api\\vendor\\laravel\\framework\\src\\Illuminate\\Container\\Util.php(43): Illuminate\\Container\\BoundMethod::Illuminate\\Container\\{closure}()
#24 D:\\Users\\Raphael\\Desktop\\desafio_senai\\projects\\technology-solutions-api\\api\\vendor\\laravel\\framework\\src\\Illuminate\\Container\\BoundMethod.php(95): Illuminate\\Container\\Util::unwrapIfClosure(Object(Closure))
#25 D:\\Users\\Raphael\\Desktop\\desafio_senai\\projects\\technology-solutions-api\\api\\vendor\\laravel\\framework\\src\\Illuminate\\Container\\BoundMethod.php(35): Illuminate\\Container\\BoundMethod::callBoundMethod(Object(Illuminate\\Foundation\\Application), Array, Object(Closure))
#26 D:\\Users\\Raphael\\Desktop\\desafio_senai\\projects\\technology-solutions-api\\api\\vendor\\laravel\\framework\\src\\Illuminate\\Container\\Container.php(754): Illuminate\\Container\\BoundMethod::call(Object(Illuminate\\Foundation\\Application), Array, Array, NULL)
#27 D:\\Users\\Raphael\\Desktop\\desafio_senai\\projects\\technology-solutions-api\\api\\vendor\\laravel\\framework\\src\\Illuminate\\Console\\Command.php(213): Illuminate\\Container\\Container->call(Array)
#28 D:\\Users\\Raphael\\Desktop\\desafio_senai\\projects\\technology-solutions-api\\api\\vendor\\symfony\\console\\Command\\Command.php(279): Illuminate\\Console\\Command->execute(Object(Symfony\\Component\\Console\\Input\\ArgvInput), Object(Illuminate\\Console\\OutputStyle))
#29 D:\\Users\\Raphael\\Desktop\\desafio_senai\\projects\\technology-solutions-api\\api\\vendor\\laravel\\framework\\src\\Illuminate\\Console\\Command.php(182): Symfony\\Component\\Console\\Command\\Command->run(Object(Symfony\\Component\\Console\\Input\\ArgvInput), Object(Illuminate\\Console\\OutputStyle))
#30 D:\\Users\\Raphael\\Desktop\\desafio_senai\\projects\\technology-solutions-api\\api\\vendor\\symfony\\console\\Application.php(1094): Illuminate\\Console\\Command->run(Object(Symfony\\Component\\Console\\Input\\ArgvInput), Object(Symfony\\Component\\Console\\Output\\ConsoleOutput))
#31 D:\\Users\\Raphael\\Desktop\\desafio_senai\\projects\\technology-solutions-api\\api\\vendor\\symfony\\console\\Application.php(342): Symfony\\Component\\Console\\Application->doRunCommand(Object(Illuminate\\Database\\Console\\Migrations\\ResetCommand), Object(Symfony\\Component\\Console\\Input\\ArgvInput), Object(Symfony\\Component\\Console\\Output\\ConsoleOutput))
#32 D:\\Users\\Raphael\\Desktop\\desafio_senai\\projects\\technology-solutions-api\\api\\vendor\\symfony\\console\\Application.php(193): Symfony\\Component\\Console\\Application->doRun(Object(Symfony\\Component\\Console\\Input\\ArgvInput), Object(Symfony\\Component\\Console\\Output\\ConsoleOutput))
#33 D:\\Users\\Raphael\\Desktop\\desafio_senai\\projects\\technology-solutions-api\\api\\vendor\\laravel\\framework\\src\\Illuminate\\Foundation\\Console\\Kernel.php(198): Symfony\\Component\\Console\\Application->run(Object(Symfony\\Component\\Console\\Input\\ArgvInput), Object(Symfony\\Component\\Console\\Output\\ConsoleOutput))
#34 D:\\Users\\Raphael\\Desktop\\desafio_senai\\projects\\technology-solutions-api\\api\\vendor\\laravel\\framework\\src\\Illuminate\\Foundation\\Application.php(1235): Illuminate\\Foundation\\Console\\Kernel->handle(Object(Symfony\\Component\\Console\\Input\\ArgvInput), Object(Symfony\\Component\\Console\\Output\\ConsoleOutput))
#35 D:\\Users\\Raphael\\Desktop\\desafio_senai\\projects\\technology-solutions-api\\api\\artisan(16): Illuminate\\Foundation\\Application->handleCommand(Object(Symfony\\Component\\Console\\Input\\ArgvInput))
#36 {main}
"} 
[2025-02-27 13:17:18] local.ERROR: SQLSTATE[42S02]: Base table or view not found: 1146 Table 'technology_solutions_db.cache' doesn't exist (Connection: mysql, SQL: delete from `cache`) {"exception":"[object] (Illuminate\\Database\\QueryException(code: 42S02): SQLSTATE[42S02]: Base table or view not found: 1146 Table 'technology_solutions_db.cache' doesn't exist (Connection: mysql, SQL: delete from `cache`) at D:\\Users\\Raphael\\Desktop\\desafio_senai\\projects\\technology-solutions-api\\api\\vendor\\laravel\\framework\\src\\Illuminate\\Database\\Connection.php:823)
[stacktrace]
#0 D:\\Users\\Raphael\\Desktop\\desafio_senai\\projects\\technology-solutions-api\\api\\vendor\\laravel\\framework\\src\\Illuminate\\Database\\Connection.php(777): Illuminate\\Database\\Connection->runQueryCallback('delete from `ca...', Array, Object(Closure))
#1 D:\\Users\\Raphael\\Desktop\\desafio_senai\\projects\\technology-solutions-api\\api\\vendor\\laravel\\framework\\src\\Illuminate\\Database\\Connection.php(582): Illuminate\\Database\\Connection->run('delete from `ca...', Array, Object(Closure))
#2 D:\\Users\\Raphael\\Desktop\\desafio_senai\\projects\\technology-solutions-api\\api\\vendor\\laravel\\framework\\src\\Illuminate\\Database\\Connection.php(546): Illuminate\\Database\\Connection->affectingStatement('delete from `ca...', Array)
#3 D:\\Users\\Raphael\\Desktop\\desafio_senai\\projects\\technology-solutions-api\\api\\vendor\\laravel\\framework\\src\\Illuminate\\Database\\Query\\Builder.php(4024): Illuminate\\Database\\Connection->delete('delete from `ca...', Array)
#4 D:\\Users\\Raphael\\Desktop\\desafio_senai\\projects\\technology-solutions-api\\api\\vendor\\laravel\\framework\\src\\Illuminate\\Cache\\DatabaseStore.php(422): Illuminate\\Database\\Query\\Builder->delete()
#5 D:\\Users\\Raphael\\Desktop\\desafio_senai\\projects\\technology-solutions-api\\api\\vendor\\laravel\\framework\\src\\Illuminate\\Cache\\Repository.php(792): Illuminate\\Cache\\DatabaseStore->flush()
#6 D:\\Users\\Raphael\\Desktop\\desafio_senai\\projects\\technology-solutions-api\\api\\vendor\\laravel\\framework\\src\\Illuminate\\Cache\\Console\\ClearCommand.php(69): Illuminate\\Cache\\Repository->__call('flush', Array)
#7 D:\\Users\\Raphael\\Desktop\\desafio_senai\\projects\\technology-solutions-api\\api\\vendor\\laravel\\framework\\src\\Illuminate\\Container\\BoundMethod.php(36): Illuminate\\Cache\\Console\\ClearCommand->handle()
#8 D:\\Users\\Raphael\\Desktop\\desafio_senai\\projects\\technology-solutions-api\\api\\vendor\\laravel\\framework\\src\\Illuminate\\Container\\Util.php(43): Illuminate\\Container\\BoundMethod::Illuminate\\Container\\{closure}()
#9 D:\\Users\\Raphael\\Desktop\\desafio_senai\\projects\\technology-solutions-api\\api\\vendor\\laravel\\framework\\src\\Illuminate\\Container\\BoundMethod.php(95): Illuminate\\Container\\Util::unwrapIfClosure(Object(Closure))
#10 D:\\Users\\Raphael\\Desktop\\desafio_senai\\projects\\technology-solutions-api\\api\\vendor\\laravel\\framework\\src\\Illuminate\\Container\\BoundMethod.php(35): Illuminate\\Container\\BoundMethod::callBoundMethod(Object(Illuminate\\Foundation\\Application), Array, Object(Closure))
#11 D:\\Users\\Raphael\\Desktop\\desafio_senai\\projects\\technology-solutions-api\\api\\vendor\\laravel\\framework\\src\\Illuminate\\Container\\Container.php(754): Illuminate\\Container\\BoundMethod::call(Object(Illuminate\\Foundation\\Application), Array, Array, NULL)
#12 D:\\Users\\Raphael\\Desktop\\desafio_senai\\projects\\technology-solutions-api\\api\\vendor\\laravel\\framework\\src\\Illuminate\\Console\\Command.php(213): Illuminate\\Container\\Container->call(Array)
#13 D:\\Users\\Raphael\\Desktop\\desafio_senai\\projects\\technology-solutions-api\\api\\vendor\\symfony\\console\\Command\\Command.php(279): Illuminate\\Console\\Command->execute(Object(Symfony\\Component\\Console\\Input\\ArgvInput), Object(Illuminate\\Console\\OutputStyle))
#14 D:\\Users\\Raphael\\Desktop\\desafio_senai\\projects\\technology-solutions-api\\api\\vendor\\laravel\\framework\\src\\Illuminate\\Console\\Command.php(182): Symfony\\Component\\Console\\Command\\Command->run(Object(Symfony\\Component\\Console\\Input\\ArgvInput), Object(Illuminate\\Console\\OutputStyle))
#15 D:\\Users\\Raphael\\Desktop\\desafio_senai\\projects\\technology-solutions-api\\api\\vendor\\symfony\\console\\Application.php(1094): Illuminate\\Console\\Command->run(Object(Symfony\\Component\\Console\\Input\\ArgvInput), Object(Symfony\\Component\\Console\\Output\\ConsoleOutput))
#16 D:\\Users\\Raphael\\Desktop\\desafio_senai\\projects\\technology-solutions-api\\api\\vendor\\symfony\\console\\Application.php(342): Symfony\\Component\\Console\\Application->doRunCommand(Object(Illuminate\\Cache\\Console\\ClearCommand), Object(Symfony\\Component\\Console\\Input\\ArgvInput), Object(Symfony\\Component\\Console\\Output\\ConsoleOutput))
#17 D:\\Users\\Raphael\\Desktop\\desafio_senai\\projects\\technology-solutions-api\\api\\vendor\\symfony\\console\\Application.php(193): Symfony\\Component\\Console\\Application->doRun(Object(Symfony\\Component\\Console\\Input\\ArgvInput), Object(Symfony\\Component\\Console\\Output\\ConsoleOutput))
#18 D:\\Users\\Raphael\\Desktop\\desafio_senai\\projects\\technology-solutions-api\\api\\vendor\\laravel\\framework\\src\\Illuminate\\Foundation\\Console\\Kernel.php(198): Symfony\\Component\\Console\\Application->run(Object(Symfony\\Component\\Console\\Input\\ArgvInput), Object(Symfony\\Component\\Console\\Output\\ConsoleOutput))
#19 D:\\Users\\Raphael\\Desktop\\desafio_senai\\projects\\technology-solutions-api\\api\\vendor\\laravel\\framework\\src\\Illuminate\\Foundation\\Application.php(1235): Illuminate\\Foundation\\Console\\Kernel->handle(Object(Symfony\\Component\\Console\\Input\\ArgvInput), Object(Symfony\\Component\\Console\\Output\\ConsoleOutput))
#20 D:\\Users\\Raphael\\Desktop\\desafio_senai\\projects\\technology-solutions-api\\api\\artisan(16): Illuminate\\Foundation\\Application->handleCommand(Object(Symfony\\Component\\Console\\Input\\ArgvInput))
#21 {main}

[previous exception] [object] (PDOException(code: 42S02): SQLSTATE[42S02]: Base table or view not found: 1146 Table 'technology_solutions_db.cache' doesn't exist at D:\\Users\\Raphael\\Desktop\\desafio_senai\\projects\\technology-solutions-api\\api\\vendor\\laravel\\framework\\src\\Illuminate\\Database\\Connection.php:590)
[stacktrace]
#0 D:\\Users\\Raphael\\Desktop\\desafio_senai\\projects\\technology-solutions-api\\api\\vendor\\laravel\\framework\\src\\Illuminate\\Database\\Connection.php(590): PDO->prepare('delete from `ca...')
#1 D:\\Users\\Raphael\\Desktop\\desafio_senai\\projects\\technology-solutions-api\\api\\vendor\\laravel\\framework\\src\\Illuminate\\Database\\Connection.php(810): Illuminate\\Database\\Connection->Illuminate\\Database\\{closure}('delete from `ca...', Array)
#2 D:\\Users\\Raphael\\Desktop\\desafio_senai\\projects\\technology-solutions-api\\api\\vendor\\laravel\\framework\\src\\Illuminate\\Database\\Connection.php(777): Illuminate\\Database\\Connection->runQueryCallback('delete from `ca...', Array, Object(Closure))
#3 D:\\Users\\Raphael\\Desktop\\desafio_senai\\projects\\technology-solutions-api\\api\\vendor\\laravel\\framework\\src\\Illuminate\\Database\\Connection.php(582): Illuminate\\Database\\Connection->run('delete from `ca...', Array, Object(Closure))
#4 D:\\Users\\Raphael\\Desktop\\desafio_senai\\projects\\technology-solutions-api\\api\\vendor\\laravel\\framework\\src\\Illuminate\\Database\\Connection.php(546): Illuminate\\Database\\Connection->affectingStatement('delete from `ca...', Array)
#5 D:\\Users\\Raphael\\Desktop\\desafio_senai\\projects\\technology-solutions-api\\api\\vendor\\laravel\\framework\\src\\Illuminate\\Database\\Query\\Builder.php(4024): Illuminate\\Database\\Connection->delete('delete from `ca...', Array)
#6 D:\\Users\\Raphael\\Desktop\\desafio_senai\\projects\\technology-solutions-api\\api\\vendor\\laravel\\framework\\src\\Illuminate\\Cache\\DatabaseStore.php(422): Illuminate\\Database\\Query\\Builder->delete()
#7 D:\\Users\\Raphael\\Desktop\\desafio_senai\\projects\\technology-solutions-api\\api\\vendor\\laravel\\framework\\src\\Illuminate\\Cache\\Repository.php(792): Illuminate\\Cache\\DatabaseStore->flush()
#8 D:\\Users\\Raphael\\Desktop\\desafio_senai\\projects\\technology-solutions-api\\api\\vendor\\laravel\\framework\\src\\Illuminate\\Cache\\Console\\ClearCommand.php(69): Illuminate\\Cache\\Repository->__call('flush', Array)
#9 D:\\Users\\Raphael\\Desktop\\desafio_senai\\projects\\technology-solutions-api\\api\\vendor\\laravel\\framework\\src\\Illuminate\\Container\\BoundMethod.php(36): Illuminate\\Cache\\Console\\ClearCommand->handle()
#10 D:\\Users\\Raphael\\Desktop\\desafio_senai\\projects\\technology-solutions-api\\api\\vendor\\laravel\\framework\\src\\Illuminate\\Container\\Util.php(43): Illuminate\\Container\\BoundMethod::Illuminate\\Container\\{closure}()
#11 D:\\Users\\Raphael\\Desktop\\desafio_senai\\projects\\technology-solutions-api\\api\\vendor\\laravel\\framework\\src\\Illuminate\\Container\\BoundMethod.php(95): Illuminate\\Container\\Util::unwrapIfClosure(Object(Closure))
#12 D:\\Users\\Raphael\\Desktop\\desafio_senai\\projects\\technology-solutions-api\\api\\vendor\\laravel\\framework\\src\\Illuminate\\Container\\BoundMethod.php(35): Illuminate\\Container\\BoundMethod::callBoundMethod(Object(Illuminate\\Foundation\\Application), Array, Object(Closure))
#13 D:\\Users\\Raphael\\Desktop\\desafio_senai\\projects\\technology-solutions-api\\api\\vendor\\laravel\\framework\\src\\Illuminate\\Container\\Container.php(754): Illuminate\\Container\\BoundMethod::call(Object(Illuminate\\Foundation\\Application), Array, Array, NULL)
#14 D:\\Users\\Raphael\\Desktop\\desafio_senai\\projects\\technology-solutions-api\\api\\vendor\\laravel\\framework\\src\\Illuminate\\Console\\Command.php(213): Illuminate\\Container\\Container->call(Array)
#15 D:\\Users\\Raphael\\Desktop\\desafio_senai\\projects\\technology-solutions-api\\api\\vendor\\symfony\\console\\Command\\Command.php(279): Illuminate\\Console\\Command->execute(Object(Symfony\\Component\\Console\\Input\\ArgvInput), Object(Illuminate\\Console\\OutputStyle))
#16 D:\\Users\\Raphael\\Desktop\\desafio_senai\\projects\\technology-solutions-api\\api\\vendor\\laravel\\framework\\src\\Illuminate\\Console\\Command.php(182): Symfony\\Component\\Console\\Command\\Command->run(Object(Symfony\\Component\\Console\\Input\\ArgvInput), Object(Illuminate\\Console\\OutputStyle))
#17 D:\\Users\\Raphael\\Desktop\\desafio_senai\\projects\\technology-solutions-api\\api\\vendor\\symfony\\console\\Application.php(1094): Illuminate\\Console\\Command->run(Object(Symfony\\Component\\Console\\Input\\ArgvInput), Object(Symfony\\Component\\Console\\Output\\ConsoleOutput))
#18 D:\\Users\\Raphael\\Desktop\\desafio_senai\\projects\\technology-solutions-api\\api\\vendor\\symfony\\console\\Application.php(342): Symfony\\Component\\Console\\Application->doRunCommand(Object(Illuminate\\Cache\\Console\\ClearCommand), Object(Symfony\\Component\\Console\\Input\\ArgvInput), Object(Symfony\\Component\\Console\\Output\\ConsoleOutput))
#19 D:\\Users\\Raphael\\Desktop\\desafio_senai\\projects\\technology-solutions-api\\api\\vendor\\symfony\\console\\Application.php(193): Symfony\\Component\\Console\\Application->doRun(Object(Symfony\\Component\\Console\\Input\\ArgvInput), Object(Symfony\\Component\\Console\\Output\\ConsoleOutput))
#20 D:\\Users\\Raphael\\Desktop\\desafio_senai\\projects\\technology-solutions-api\\api\\vendor\\laravel\\framework\\src\\Illuminate\\Foundation\\Console\\Kernel.php(198): Symfony\\Component\\Console\\Application->run(Object(Symfony\\Component\\Console\\Input\\ArgvInput), Object(Symfony\\Component\\Console\\Output\\ConsoleOutput))
#21 D:\\Users\\Raphael\\Desktop\\desafio_senai\\projects\\technology-solutions-api\\api\\vendor\\laravel\\framework\\src\\Illuminate\\Foundation\\Application.php(1235): Illuminate\\Foundation\\Console\\Kernel->handle(Object(Symfony\\Component\\Console\\Input\\ArgvInput), Object(Symfony\\Component\\Console\\Output\\ConsoleOutput))
#22 D:\\Users\\Raphael\\Desktop\\desafio_senai\\projects\\technology-solutions-api\\api\\artisan(16): Illuminate\\Foundation\\Application->handleCommand(Object(Symfony\\Component\\Console\\Input\\ArgvInput))
#23 {main}
"} 
[2025-02-27 13:17:37] local.ERROR: SQLSTATE[42000]: Syntax error or access violation: 1091 Can't DROP FOREIGN KEY `users_user_type_id_foreign`; check that it exists (Connection: mysql, SQL: alter table `users` drop foreign key `users_user_type_id_foreign`) {"exception":"[object] (Illuminate\\Database\\QueryException(code: 42000): SQLSTATE[42000]: Syntax error or access violation: 1091 Can't DROP FOREIGN KEY `users_user_type_id_foreign`; check that it exists (Connection: mysql, SQL: alter table `users` drop foreign key `users_user_type_id_foreign`) at D:\\Users\\Raphael\\Desktop\\desafio_senai\\projects\\technology-solutions-api\\api\\vendor\\laravel\\framework\\src\\Illuminate\\Database\\Connection.php:823)
[stacktrace]
#0 D:\\Users\\Raphael\\Desktop\\desafio_senai\\projects\\technology-solutions-api\\api\\vendor\\laravel\\framework\\src\\Illuminate\\Database\\Connection.php(777): Illuminate\\Database\\Connection->runQueryCallback('alter table `us...', Array, Object(Closure))
#1 D:\\Users\\Raphael\\Desktop\\desafio_senai\\projects\\technology-solutions-api\\api\\vendor\\laravel\\framework\\src\\Illuminate\\Database\\Connection.php(558): Illuminate\\Database\\Connection->run('alter table `us...', Array, Object(Closure))
#2 D:\\Users\\Raphael\\Desktop\\desafio_senai\\projects\\technology-solutions-api\\api\\vendor\\laravel\\framework\\src\\Illuminate\\Database\\Schema\\Blueprint.php(120): Illuminate\\Database\\Connection->statement('alter table `us...')
#3 D:\\Users\\Raphael\\Desktop\\desafio_senai\\projects\\technology-solutions-api\\api\\vendor\\laravel\\framework\\src\\Illuminate\\Database\\Schema\\Builder.php(619): Illuminate\\Database\\Schema\\Blueprint->build()
#4 D:\\Users\\Raphael\\Desktop\\desafio_senai\\projects\\technology-solutions-api\\api\\vendor\\laravel\\framework\\src\\Illuminate\\Database\\Schema\\Builder.php(461): Illuminate\\Database\\Schema\\Builder->build(Object(Illuminate\\Database\\Schema\\Blueprint))
#5 D:\\Users\\Raphael\\Desktop\\desafio_senai\\projects\\technology-solutions-api\\api\\vendor\\laravel\\framework\\src\\Illuminate\\Support\\Facades\\Facade.php(361): Illuminate\\Database\\Schema\\Builder->table('users', Object(Closure))
#6 D:\\Users\\Raphael\\Desktop\\desafio_senai\\projects\\technology-solutions-api\\api\\database\\migrations\\0001_01_01_000000_create_users_table.php(49): Illuminate\\Support\\Facades\\Facade::__callStatic('table', Array)
#7 D:\\Users\\Raphael\\Desktop\\desafio_senai\\projects\\technology-solutions-api\\api\\vendor\\laravel\\framework\\src\\Illuminate\\Database\\Migrations\\Migrator.php(507): Illuminate\\Database\\Migrations\\Migration@anonymous->down()
#8 D:\\Users\\Raphael\\Desktop\\desafio_senai\\projects\\technology-solutions-api\\api\\vendor\\laravel\\framework\\src\\Illuminate\\Database\\Migrations\\Migrator.php(432): Illuminate\\Database\\Migrations\\Migrator->runMethod(Object(Illuminate\\Database\\MySqlConnection), Object(Illuminate\\Database\\Migrations\\Migration@anonymous), 'down')
#9 D:\\Users\\Raphael\\Desktop\\desafio_senai\\projects\\technology-solutions-api\\api\\vendor\\laravel\\framework\\src\\Illuminate\\Database\\Migrations\\Migrator.php(441): Illuminate\\Database\\Migrations\\Migrator->Illuminate\\Database\\Migrations\\{closure}()
#10 D:\\Users\\Raphael\\Desktop\\desafio_senai\\projects\\technology-solutions-api\\api\\vendor\\laravel\\framework\\src\\Illuminate\\Database\\Migrations\\Migrator.php(407): Illuminate\\Database\\Migrations\\Migrator->runMigration(Object(Illuminate\\Database\\Migrations\\Migration@anonymous), 'down')
#11 D:\\Users\\Raphael\\Desktop\\desafio_senai\\projects\\technology-solutions-api\\api\\vendor\\laravel\\framework\\src\\Illuminate\\Console\\View\\Components\\Task.php(40): Illuminate\\Database\\Migrations\\Migrator->Illuminate\\Database\\Migrations\\{closure}()
#12 D:\\Users\\Raphael\\Desktop\\desafio_senai\\projects\\technology-solutions-api\\api\\vendor\\laravel\\framework\\src\\Illuminate\\Database\\Migrations\\Migrator.php(798): Illuminate\\Console\\View\\Components\\Task->render('0001_01_01_0000...', Object(Closure))
#13 D:\\Users\\Raphael\\Desktop\\desafio_senai\\projects\\technology-solutions-api\\api\\vendor\\laravel\\framework\\src\\Illuminate\\Database\\Migrations\\Migrator.php(407): Illuminate\\Database\\Migrations\\Migrator->write('Illuminate\\\\Cons...', '0001_01_01_0000...', Object(Closure))
#14 D:\\Users\\Raphael\\Desktop\\desafio_senai\\projects\\technology-solutions-api\\api\\vendor\\laravel\\framework\\src\\Illuminate\\Database\\Migrations\\Migrator.php(330): Illuminate\\Database\\Migrations\\Migrator->runDown('D:\\\\Users\\\\Raphae...', Object(stdClass), false)
#15 D:\\Users\\Raphael\\Desktop\\desafio_senai\\projects\\technology-solutions-api\\api\\vendor\\laravel\\framework\\src\\Illuminate\\Database\\Migrations\\Migrator.php(381): Illuminate\\Database\\Migrations\\Migrator->rollbackMigrations(Array, Array, Array)
#16 D:\\Users\\Raphael\\Desktop\\desafio_senai\\projects\\technology-solutions-api\\api\\vendor\\laravel\\framework\\src\\Illuminate\\Database\\Migrations\\Migrator.php(361): Illuminate\\Database\\Migrations\\Migrator->resetMigrations(Array, Array, false)
#17 D:\\Users\\Raphael\\Desktop\\desafio_senai\\projects\\technology-solutions-api\\api\\vendor\\laravel\\framework\\src\\Illuminate\\Database\\Console\\Migrations\\ResetCommand.php(71): Illuminate\\Database\\Migrations\\Migrator->reset(Array, false)
#18 D:\\Users\\Raphael\\Desktop\\desafio_senai\\projects\\technology-solutions-api\\api\\vendor\\laravel\\framework\\src\\Illuminate\\Database\\Migrations\\Migrator.php(658): Illuminate\\Database\\Console\\Migrations\\ResetCommand->Illuminate\\Database\\Console\\Migrations\\{closure}()
#19 D:\\Users\\Raphael\\Desktop\\desafio_senai\\projects\\technology-solutions-api\\api\\vendor\\laravel\\framework\\src\\Illuminate\\Database\\Console\\Migrations\\ResetCommand.php(63): Illuminate\\Database\\Migrations\\Migrator->usingConnection(NULL, Object(Closure))
#20 D:\\Users\\Raphael\\Desktop\\desafio_senai\\projects\\technology-solutions-api\\api\\vendor\\laravel\\framework\\src\\Illuminate\\Container\\BoundMethod.php(36): Illuminate\\Database\\Console\\Migrations\\ResetCommand->handle()
#21 D:\\Users\\Raphael\\Desktop\\desafio_senai\\projects\\technology-solutions-api\\api\\vendor\\laravel\\framework\\src\\Illuminate\\Container\\Util.php(43): Illuminate\\Container\\BoundMethod::Illuminate\\Container\\{closure}()
#22 D:\\Users\\Raphael\\Desktop\\desafio_senai\\projects\\technology-solutions-api\\api\\vendor\\laravel\\framework\\src\\Illuminate\\Container\\BoundMethod.php(95): Illuminate\\Container\\Util::unwrapIfClosure(Object(Closure))
#23 D:\\Users\\Raphael\\Desktop\\desafio_senai\\projects\\technology-solutions-api\\api\\vendor\\laravel\\framework\\src\\Illuminate\\Container\\BoundMethod.php(35): Illuminate\\Container\\BoundMethod::callBoundMethod(Object(Illuminate\\Foundation\\Application), Array, Object(Closure))
#24 D:\\Users\\Raphael\\Desktop\\desafio_senai\\projects\\technology-solutions-api\\api\\vendor\\laravel\\framework\\src\\Illuminate\\Container\\Container.php(754): Illuminate\\Container\\BoundMethod::call(Object(Illuminate\\Foundation\\Application), Array, Array, NULL)
#25 D:\\Users\\Raphael\\Desktop\\desafio_senai\\projects\\technology-solutions-api\\api\\vendor\\laravel\\framework\\src\\Illuminate\\Console\\Command.php(213): Illuminate\\Container\\Container->call(Array)
#26 D:\\Users\\Raphael\\Desktop\\desafio_senai\\projects\\technology-solutions-api\\api\\vendor\\symfony\\console\\Command\\Command.php(279): Illuminate\\Console\\Command->execute(Object(Symfony\\Component\\Console\\Input\\ArgvInput), Object(Illuminate\\Console\\OutputStyle))
#27 D:\\Users\\Raphael\\Desktop\\desafio_senai\\projects\\technology-solutions-api\\api\\vendor\\laravel\\framework\\src\\Illuminate\\Console\\Command.php(182): Symfony\\Component\\Console\\Command\\Command->run(Object(Symfony\\Component\\Console\\Input\\ArgvInput), Object(Illuminate\\Console\\OutputStyle))
#28 D:\\Users\\Raphael\\Desktop\\desafio_senai\\projects\\technology-solutions-api\\api\\vendor\\symfony\\console\\Application.php(1094): Illuminate\\Console\\Command->run(Object(Symfony\\Component\\Console\\Input\\ArgvInput), Object(Symfony\\Component\\Console\\Output\\ConsoleOutput))
#29 D:\\Users\\Raphael\\Desktop\\desafio_senai\\projects\\technology-solutions-api\\api\\vendor\\symfony\\console\\Application.php(342): Symfony\\Component\\Console\\Application->doRunCommand(Object(Illuminate\\Database\\Console\\Migrations\\ResetCommand), Object(Symfony\\Component\\Console\\Input\\ArgvInput), Object(Symfony\\Component\\Console\\Output\\ConsoleOutput))
#30 D:\\Users\\Raphael\\Desktop\\desafio_senai\\projects\\technology-solutions-api\\api\\vendor\\symfony\\console\\Application.php(193): Symfony\\Component\\Console\\Application->doRun(Object(Symfony\\Component\\Console\\Input\\ArgvInput), Object(Symfony\\Component\\Console\\Output\\ConsoleOutput))
#31 D:\\Users\\Raphael\\Desktop\\desafio_senai\\projects\\technology-solutions-api\\api\\vendor\\laravel\\framework\\src\\Illuminate\\Foundation\\Console\\Kernel.php(198): Symfony\\Component\\Console\\Application->run(Object(Symfony\\Component\\Console\\Input\\ArgvInput), Object(Symfony\\Component\\Console\\Output\\ConsoleOutput))
#32 D:\\Users\\Raphael\\Desktop\\desafio_senai\\projects\\technology-solutions-api\\api\\vendor\\laravel\\framework\\src\\Illuminate\\Foundation\\Application.php(1235): Illuminate\\Foundation\\Console\\Kernel->handle(Object(Symfony\\Component\\Console\\Input\\ArgvInput), Object(Symfony\\Component\\Console\\Output\\ConsoleOutput))
#33 D:\\Users\\Raphael\\Desktop\\desafio_senai\\projects\\technology-solutions-api\\api\\artisan(16): Illuminate\\Foundation\\Application->handleCommand(Object(Symfony\\Component\\Console\\Input\\ArgvInput))
#34 {main}

[previous exception] [object] (PDOException(code: 42000): SQLSTATE[42000]: Syntax error or access violation: 1091 Can't DROP FOREIGN KEY `users_user_type_id_foreign`; check that it exists at D:\\Users\\Raphael\\Desktop\\desafio_senai\\projects\\technology-solutions-api\\api\\vendor\\laravel\\framework\\src\\Illuminate\\Database\\Connection.php:569)
[stacktrace]
#0 D:\\Users\\Raphael\\Desktop\\desafio_senai\\projects\\technology-solutions-api\\api\\vendor\\laravel\\framework\\src\\Illuminate\\Database\\Connection.php(569): PDOStatement->execute()
#1 D:\\Users\\Raphael\\Desktop\\desafio_senai\\projects\\technology-solutions-api\\api\\vendor\\laravel\\framework\\src\\Illuminate\\Database\\Connection.php(810): Illuminate\\Database\\Connection->Illuminate\\Database\\{closure}('alter table `us...', Array)
#2 D:\\Users\\Raphael\\Desktop\\desafio_senai\\projects\\technology-solutions-api\\api\\vendor\\laravel\\framework\\src\\Illuminate\\Database\\Connection.php(777): Illuminate\\Database\\Connection->runQueryCallback('alter table `us...', Array, Object(Closure))
#3 D:\\Users\\Raphael\\Desktop\\desafio_senai\\projects\\technology-solutions-api\\api\\vendor\\laravel\\framework\\src\\Illuminate\\Database\\Connection.php(558): Illuminate\\Database\\Connection->run('alter table `us...', Array, Object(Closure))
#4 D:\\Users\\Raphael\\Desktop\\desafio_senai\\projects\\technology-solutions-api\\api\\vendor\\laravel\\framework\\src\\Illuminate\\Database\\Schema\\Blueprint.php(120): Illuminate\\Database\\Connection->statement('alter table `us...')
#5 D:\\Users\\Raphael\\Desktop\\desafio_senai\\projects\\technology-solutions-api\\api\\vendor\\laravel\\framework\\src\\Illuminate\\Database\\Schema\\Builder.php(619): Illuminate\\Database\\Schema\\Blueprint->build()
#6 D:\\Users\\Raphael\\Desktop\\desafio_senai\\projects\\technology-solutions-api\\api\\vendor\\laravel\\framework\\src\\Illuminate\\Database\\Schema\\Builder.php(461): Illuminate\\Database\\Schema\\Builder->build(Object(Illuminate\\Database\\Schema\\Blueprint))
#7 D:\\Users\\Raphael\\Desktop\\desafio_senai\\projects\\technology-solutions-api\\api\\vendor\\laravel\\framework\\src\\Illuminate\\Support\\Facades\\Facade.php(361): Illuminate\\Database\\Schema\\Builder->table('users', Object(Closure))
#8 D:\\Users\\Raphael\\Desktop\\desafio_senai\\projects\\technology-solutions-api\\api\\database\\migrations\\0001_01_01_000000_create_users_table.php(49): Illuminate\\Support\\Facades\\Facade::__callStatic('table', Array)
#9 D:\\Users\\Raphael\\Desktop\\desafio_senai\\projects\\technology-solutions-api\\api\\vendor\\laravel\\framework\\src\\Illuminate\\Database\\Migrations\\Migrator.php(507): Illuminate\\Database\\Migrations\\Migration@anonymous->down()
#10 D:\\Users\\Raphael\\Desktop\\desafio_senai\\projects\\technology-solutions-api\\api\\vendor\\laravel\\framework\\src\\Illuminate\\Database\\Migrations\\Migrator.php(432): Illuminate\\Database\\Migrations\\Migrator->runMethod(Object(Illuminate\\Database\\MySqlConnection), Object(Illuminate\\Database\\Migrations\\Migration@anonymous), 'down')
#11 D:\\Users\\Raphael\\Desktop\\desafio_senai\\projects\\technology-solutions-api\\api\\vendor\\laravel\\framework\\src\\Illuminate\\Database\\Migrations\\Migrator.php(441): Illuminate\\Database\\Migrations\\Migrator->Illuminate\\Database\\Migrations\\{closure}()
#12 D:\\Users\\Raphael\\Desktop\\desafio_senai\\projects\\technology-solutions-api\\api\\vendor\\laravel\\framework\\src\\Illuminate\\Database\\Migrations\\Migrator.php(407): Illuminate\\Database\\Migrations\\Migrator->runMigration(Object(Illuminate\\Database\\Migrations\\Migration@anonymous), 'down')
#13 D:\\Users\\Raphael\\Desktop\\desafio_senai\\projects\\technology-solutions-api\\api\\vendor\\laravel\\framework\\src\\Illuminate\\Console\\View\\Components\\Task.php(40): Illuminate\\Database\\Migrations\\Migrator->Illuminate\\Database\\Migrations\\{closure}()
#14 D:\\Users\\Raphael\\Desktop\\desafio_senai\\projects\\technology-solutions-api\\api\\vendor\\laravel\\framework\\src\\Illuminate\\Database\\Migrations\\Migrator.php(798): Illuminate\\Console\\View\\Components\\Task->render('0001_01_01_0000...', Object(Closure))
#15 D:\\Users\\Raphael\\Desktop\\desafio_senai\\projects\\technology-solutions-api\\api\\vendor\\laravel\\framework\\src\\Illuminate\\Database\\Migrations\\Migrator.php(407): Illuminate\\Database\\Migrations\\Migrator->write('Illuminate\\\\Cons...', '0001_01_01_0000...', Object(Closure))
#16 D:\\Users\\Raphael\\Desktop\\desafio_senai\\projects\\technology-solutions-api\\api\\vendor\\laravel\\framework\\src\\Illuminate\\Database\\Migrations\\Migrator.php(330): Illuminate\\Database\\Migrations\\Migrator->runDown('D:\\\\Users\\\\Raphae...', Object(stdClass), false)
#17 D:\\Users\\Raphael\\Desktop\\desafio_senai\\projects\\technology-solutions-api\\api\\vendor\\laravel\\framework\\src\\Illuminate\\Database\\Migrations\\Migrator.php(381): Illuminate\\Database\\Migrations\\Migrator->rollbackMigrations(Array, Array, Array)
#18 D:\\Users\\Raphael\\Desktop\\desafio_senai\\projects\\technology-solutions-api\\api\\vendor\\laravel\\framework\\src\\Illuminate\\Database\\Migrations\\Migrator.php(361): Illuminate\\Database\\Migrations\\Migrator->resetMigrations(Array, Array, false)
#19 D:\\Users\\Raphael\\Desktop\\desafio_senai\\projects\\technology-solutions-api\\api\\vendor\\laravel\\framework\\src\\Illuminate\\Database\\Console\\Migrations\\ResetCommand.php(71): Illuminate\\Database\\Migrations\\Migrator->reset(Array, false)
#20 D:\\Users\\Raphael\\Desktop\\desafio_senai\\projects\\technology-solutions-api\\api\\vendor\\laravel\\framework\\src\\Illuminate\\Database\\Migrations\\Migrator.php(658): Illuminate\\Database\\Console\\Migrations\\ResetCommand->Illuminate\\Database\\Console\\Migrations\\{closure}()
#21 D:\\Users\\Raphael\\Desktop\\desafio_senai\\projects\\technology-solutions-api\\api\\vendor\\laravel\\framework\\src\\Illuminate\\Database\\Console\\Migrations\\ResetCommand.php(63): Illuminate\\Database\\Migrations\\Migrator->usingConnection(NULL, Object(Closure))
#22 D:\\Users\\Raphael\\Desktop\\desafio_senai\\projects\\technology-solutions-api\\api\\vendor\\laravel\\framework\\src\\Illuminate\\Container\\BoundMethod.php(36): Illuminate\\Database\\Console\\Migrations\\ResetCommand->handle()
#23 D:\\Users\\Raphael\\Desktop\\desafio_senai\\projects\\technology-solutions-api\\api\\vendor\\laravel\\framework\\src\\Illuminate\\Container\\Util.php(43): Illuminate\\Container\\BoundMethod::Illuminate\\Container\\{closure}()
#24 D:\\Users\\Raphael\\Desktop\\desafio_senai\\projects\\technology-solutions-api\\api\\vendor\\laravel\\framework\\src\\Illuminate\\Container\\BoundMethod.php(95): Illuminate\\Container\\Util::unwrapIfClosure(Object(Closure))
#25 D:\\Users\\Raphael\\Desktop\\desafio_senai\\projects\\technology-solutions-api\\api\\vendor\\laravel\\framework\\src\\Illuminate\\Container\\BoundMethod.php(35): Illuminate\\Container\\BoundMethod::callBoundMethod(Object(Illuminate\\Foundation\\Application), Array, Object(Closure))
#26 D:\\Users\\Raphael\\Desktop\\desafio_senai\\projects\\technology-solutions-api\\api\\vendor\\laravel\\framework\\src\\Illuminate\\Container\\Container.php(754): Illuminate\\Container\\BoundMethod::call(Object(Illuminate\\Foundation\\Application), Array, Array, NULL)
#27 D:\\Users\\Raphael\\Desktop\\desafio_senai\\projects\\technology-solutions-api\\api\\vendor\\laravel\\framework\\src\\Illuminate\\Console\\Command.php(213): Illuminate\\Container\\Container->call(Array)
#28 D:\\Users\\Raphael\\Desktop\\desafio_senai\\projects\\technology-solutions-api\\api\\vendor\\symfony\\console\\Command\\Command.php(279): Illuminate\\Console\\Command->execute(Object(Symfony\\Component\\Console\\Input\\ArgvInput), Object(Illuminate\\Console\\OutputStyle))
#29 D:\\Users\\Raphael\\Desktop\\desafio_senai\\projects\\technology-solutions-api\\api\\vendor\\laravel\\framework\\src\\Illuminate\\Console\\Command.php(182): Symfony\\Component\\Console\\Command\\Command->run(Object(Symfony\\Component\\Console\\Input\\ArgvInput), Object(Illuminate\\Console\\OutputStyle))
#30 D:\\Users\\Raphael\\Desktop\\desafio_senai\\projects\\technology-solutions-api\\api\\vendor\\symfony\\console\\Application.php(1094): Illuminate\\Console\\Command->run(Object(Symfony\\Component\\Console\\Input\\ArgvInput), Object(Symfony\\Component\\Console\\Output\\ConsoleOutput))
#31 D:\\Users\\Raphael\\Desktop\\desafio_senai\\projects\\technology-solutions-api\\api\\vendor\\symfony\\console\\Application.php(342): Symfony\\Component\\Console\\Application->doRunCommand(Object(Illuminate\\Database\\Console\\Migrations\\ResetCommand), Object(Symfony\\Component\\Console\\Input\\ArgvInput), Object(Symfony\\Component\\Console\\Output\\ConsoleOutput))
#32 D:\\Users\\Raphael\\Desktop\\desafio_senai\\projects\\technology-solutions-api\\api\\vendor\\symfony\\console\\Application.php(193): Symfony\\Component\\Console\\Application->doRun(Object(Symfony\\Component\\Console\\Input\\ArgvInput), Object(Symfony\\Component\\Console\\Output\\ConsoleOutput))
#33 D:\\Users\\Raphael\\Desktop\\desafio_senai\\projects\\technology-solutions-api\\api\\vendor\\laravel\\framework\\src\\Illuminate\\Foundation\\Console\\Kernel.php(198): Symfony\\Component\\Console\\Application->run(Object(Symfony\\Component\\Console\\Input\\ArgvInput), Object(Symfony\\Component\\Console\\Output\\ConsoleOutput))
#34 D:\\Users\\Raphael\\Desktop\\desafio_senai\\projects\\technology-solutions-api\\api\\vendor\\laravel\\framework\\src\\Illuminate\\Foundation\\Application.php(1235): Illuminate\\Foundation\\Console\\Kernel->handle(Object(Symfony\\Component\\Console\\Input\\ArgvInput), Object(Symfony\\Component\\Console\\Output\\ConsoleOutput))
#35 D:\\Users\\Raphael\\Desktop\\desafio_senai\\projects\\technology-solutions-api\\api\\artisan(16): Illuminate\\Foundation\\Application->handleCommand(Object(Symfony\\Component\\Console\\Input\\ArgvInput))
#36 {main}
"} 
[2025-02-27 13:19:46] local.ERROR: SQLSTATE[HY000]: General error: 1005 Can't create table `technology_solutions_db`.`historico_alteracoes_perfil` (errno: 150 "Foreign key constraint is incorrectly formed") (Connection: mysql, SQL: alter table `historico_alteracoes_perfil` add constraint `historico_alteracoes_perfil_user_type_old_id_foreign` foreign key (`user_type_old_id`) references `user_types` (`id`) on delete set null) {"exception":"[object] (Illuminate\\Database\\QueryException(code: HY000): SQLSTATE[HY000]: General error: 1005 Can't create table `technology_solutions_db`.`historico_alteracoes_perfil` (errno: 150 \"Foreign key constraint is incorrectly formed\") (Connection: mysql, SQL: alter table `historico_alteracoes_perfil` add constraint `historico_alteracoes_perfil_user_type_old_id_foreign` foreign key (`user_type_old_id`) references `user_types` (`id`) on delete set null) at D:\\Users\\Raphael\\Desktop\\desafio_senai\\projects\\technology-solutions-api\\api\\vendor\\laravel\\framework\\src\\Illuminate\\Database\\Connection.php:823)
[stacktrace]
#0 D:\\Users\\Raphael\\Desktop\\desafio_senai\\projects\\technology-solutions-api\\api\\vendor\\laravel\\framework\\src\\Illuminate\\Database\\Connection.php(777): Illuminate\\Database\\Connection->runQueryCallback('alter table `hi...', Array, Object(Closure))
#1 D:\\Users\\Raphael\\Desktop\\desafio_senai\\projects\\technology-solutions-api\\api\\vendor\\laravel\\framework\\src\\Illuminate\\Database\\Connection.php(558): Illuminate\\Database\\Connection->run('alter table `hi...', Array, Object(Closure))
#2 D:\\Users\\Raphael\\Desktop\\desafio_senai\\projects\\technology-solutions-api\\api\\vendor\\laravel\\framework\\src\\Illuminate\\Database\\Schema\\Blueprint.php(120): Illuminate\\Database\\Connection->statement('alter table `hi...')
#3 D:\\Users\\Raphael\\Desktop\\desafio_senai\\projects\\technology-solutions-api\\api\\vendor\\laravel\\framework\\src\\Illuminate\\Database\\Schema\\Builder.php(619): Illuminate\\Database\\Schema\\Blueprint->build()
#4 D:\\Users\\Raphael\\Desktop\\desafio_senai\\projects\\technology-solutions-api\\api\\vendor\\laravel\\framework\\src\\Illuminate\\Database\\Schema\\Builder.php(473): Illuminate\\Database\\Schema\\Builder->build(Object(Illuminate\\Database\\Schema\\Blueprint))
#5 D:\\Users\\Raphael\\Desktop\\desafio_senai\\projects\\technology-solutions-api\\api\\vendor\\laravel\\framework\\src\\Illuminate\\Support\\Facades\\Facade.php(361): Illuminate\\Database\\Schema\\Builder->create('historico_alter...', Object(Closure))
#6 D:\\Users\\Raphael\\Desktop\\desafio_senai\\projects\\technology-solutions-api\\api\\database\\migrations\\2025_02_27_121211_create_historico_alteracoes_perfil.php(14): Illuminate\\Support\\Facades\\Facade::__callStatic('create', Array)
#7 D:\\Users\\Raphael\\Desktop\\desafio_senai\\projects\\technology-solutions-api\\api\\vendor\\laravel\\framework\\src\\Illuminate\\Database\\Migrations\\Migrator.php(507): Illuminate\\Database\\Migrations\\Migration@anonymous->up()
#8 D:\\Users\\Raphael\\Desktop\\desafio_senai\\projects\\technology-solutions-api\\api\\vendor\\laravel\\framework\\src\\Illuminate\\Database\\Migrations\\Migrator.php(432): Illuminate\\Database\\Migrations\\Migrator->runMethod(Object(Illuminate\\Database\\MySqlConnection), Object(Illuminate\\Database\\Migrations\\Migration@anonymous), 'up')
#9 D:\\Users\\Raphael\\Desktop\\desafio_senai\\projects\\technology-solutions-api\\api\\vendor\\laravel\\framework\\src\\Illuminate\\Database\\Migrations\\Migrator.php(441): Illuminate\\Database\\Migrations\\Migrator->Illuminate\\Database\\Migrations\\{closure}()
#10 D:\\Users\\Raphael\\Desktop\\desafio_senai\\projects\\technology-solutions-api\\api\\vendor\\laravel\\framework\\src\\Illuminate\\Database\\Migrations\\Migrator.php(244): Illuminate\\Database\\Migrations\\Migrator->runMigration(Object(Illuminate\\Database\\Migrations\\Migration@anonymous), 'up')
#11 D:\\Users\\Raphael\\Desktop\\desafio_senai\\projects\\technology-solutions-api\\api\\vendor\\laravel\\framework\\src\\Illuminate\\Console\\View\\Components\\Task.php(40): Illuminate\\Database\\Migrations\\Migrator->Illuminate\\Database\\Migrations\\{closure}()
#12 D:\\Users\\Raphael\\Desktop\\desafio_senai\\projects\\technology-solutions-api\\api\\vendor\\laravel\\framework\\src\\Illuminate\\Database\\Migrations\\Migrator.php(798): Illuminate\\Console\\View\\Components\\Task->render('2025_02_27_1212...', Object(Closure))
#13 D:\\Users\\Raphael\\Desktop\\desafio_senai\\projects\\technology-solutions-api\\api\\vendor\\laravel\\framework\\src\\Illuminate\\Database\\Migrations\\Migrator.php(244): Illuminate\\Database\\Migrations\\Migrator->write('Illuminate\\\\Cons...', '2025_02_27_1212...', Object(Closure))
#14 D:\\Users\\Raphael\\Desktop\\desafio_senai\\projects\\technology-solutions-api\\api\\vendor\\laravel\\framework\\src\\Illuminate\\Database\\Migrations\\Migrator.php(211): Illuminate\\Database\\Migrations\\Migrator->runUp('D:\\\\Users\\\\Raphae...', 1, false)
#15 D:\\Users\\Raphael\\Desktop\\desafio_senai\\projects\\technology-solutions-api\\api\\vendor\\laravel\\framework\\src\\Illuminate\\Database\\Migrations\\Migrator.php(138): Illuminate\\Database\\Migrations\\Migrator->runPending(Array, Array)
#16 D:\\Users\\Raphael\\Desktop\\desafio_senai\\projects\\technology-solutions-api\\api\\vendor\\laravel\\framework\\src\\Illuminate\\Database\\Console\\Migrations\\MigrateCommand.php(117): Illuminate\\Database\\Migrations\\Migrator->run(Array, Array)
#17 D:\\Users\\Raphael\\Desktop\\desafio_senai\\projects\\technology-solutions-api\\api\\vendor\\laravel\\framework\\src\\Illuminate\\Database\\Migrations\\Migrator.php(658): Illuminate\\Database\\Console\\Migrations\\MigrateCommand->Illuminate\\Database\\Console\\Migrations\\{closure}()
#18 D:\\Users\\Raphael\\Desktop\\desafio_senai\\projects\\technology-solutions-api\\api\\vendor\\laravel\\framework\\src\\Illuminate\\Database\\Console\\Migrations\\MigrateCommand.php(110): Illuminate\\Database\\Migrations\\Migrator->usingConnection(NULL, Object(Closure))
#19 D:\\Users\\Raphael\\Desktop\\desafio_senai\\projects\\technology-solutions-api\\api\\vendor\\laravel\\framework\\src\\Illuminate\\Database\\Console\\Migrations\\MigrateCommand.php(89): Illuminate\\Database\\Console\\Migrations\\MigrateCommand->runMigrations()
#20 D:\\Users\\Raphael\\Desktop\\desafio_senai\\projects\\technology-solutions-api\\api\\vendor\\laravel\\framework\\src\\Illuminate\\Container\\BoundMethod.php(36): Illuminate\\Database\\Console\\Migrations\\MigrateCommand->handle()
#21 D:\\Users\\Raphael\\Desktop\\desafio_senai\\projects\\technology-solutions-api\\api\\vendor\\laravel\\framework\\src\\Illuminate\\Container\\Util.php(43): Illuminate\\Container\\BoundMethod::Illuminate\\Container\\{closure}()
#22 D:\\Users\\Raphael\\Desktop\\desafio_senai\\projects\\technology-solutions-api\\api\\vendor\\laravel\\framework\\src\\Illuminate\\Container\\BoundMethod.php(95): Illuminate\\Container\\Util::unwrapIfClosure(Object(Closure))
#23 D:\\Users\\Raphael\\Desktop\\desafio_senai\\projects\\technology-solutions-api\\api\\vendor\\laravel\\framework\\src\\Illuminate\\Container\\BoundMethod.php(35): Illuminate\\Container\\BoundMethod::callBoundMethod(Object(Illuminate\\Foundation\\Application), Array, Object(Closure))
#24 D:\\Users\\Raphael\\Desktop\\desafio_senai\\projects\\technology-solutions-api\\api\\vendor\\laravel\\framework\\src\\Illuminate\\Container\\Container.php(754): Illuminate\\Container\\BoundMethod::call(Object(Illuminate\\Foundation\\Application), Array, Array, NULL)
#25 D:\\Users\\Raphael\\Desktop\\desafio_senai\\projects\\technology-solutions-api\\api\\vendor\\laravel\\framework\\src\\Illuminate\\Console\\Command.php(213): Illuminate\\Container\\Container->call(Array)
#26 D:\\Users\\Raphael\\Desktop\\desafio_senai\\projects\\technology-solutions-api\\api\\vendor\\symfony\\console\\Command\\Command.php(279): Illuminate\\Console\\Command->execute(Object(Symfony\\Component\\Console\\Input\\ArgvInput), Object(Illuminate\\Console\\OutputStyle))
#27 D:\\Users\\Raphael\\Desktop\\desafio_senai\\projects\\technology-solutions-api\\api\\vendor\\laravel\\framework\\src\\Illuminate\\Console\\Command.php(182): Symfony\\Component\\Console\\Command\\Command->run(Object(Symfony\\Component\\Console\\Input\\ArgvInput), Object(Illuminate\\Console\\OutputStyle))
#28 D:\\Users\\Raphael\\Desktop\\desafio_senai\\projects\\technology-solutions-api\\api\\vendor\\symfony\\console\\Application.php(1094): Illuminate\\Console\\Command->run(Object(Symfony\\Component\\Console\\Input\\ArgvInput), Object(Symfony\\Component\\Console\\Output\\ConsoleOutput))
#29 D:\\Users\\Raphael\\Desktop\\desafio_senai\\projects\\technology-solutions-api\\api\\vendor\\symfony\\console\\Application.php(342): Symfony\\Component\\Console\\Application->doRunCommand(Object(Illuminate\\Database\\Console\\Migrations\\MigrateCommand), Object(Symfony\\Component\\Console\\Input\\ArgvInput), Object(Symfony\\Component\\Console\\Output\\ConsoleOutput))
#30 D:\\Users\\Raphael\\Desktop\\desafio_senai\\projects\\technology-solutions-api\\api\\vendor\\symfony\\console\\Application.php(193): Symfony\\Component\\Console\\Application->doRun(Object(Symfony\\Component\\Console\\Input\\ArgvInput), Object(Symfony\\Component\\Console\\Output\\ConsoleOutput))
#31 D:\\Users\\Raphael\\Desktop\\desafio_senai\\projects\\technology-solutions-api\\api\\vendor\\laravel\\framework\\src\\Illuminate\\Foundation\\Console\\Kernel.php(198): Symfony\\Component\\Console\\Application->run(Object(Symfony\\Component\\Console\\Input\\ArgvInput), Object(Symfony\\Component\\Console\\Output\\ConsoleOutput))
#32 D:\\Users\\Raphael\\Desktop\\desafio_senai\\projects\\technology-solutions-api\\api\\vendor\\laravel\\framework\\src\\Illuminate\\Foundation\\Application.php(1235): Illuminate\\Foundation\\Console\\Kernel->handle(Object(Symfony\\Component\\Console\\Input\\ArgvInput), Object(Symfony\\Component\\Console\\Output\\ConsoleOutput))
#33 D:\\Users\\Raphael\\Desktop\\desafio_senai\\projects\\technology-solutions-api\\api\\artisan(16): Illuminate\\Foundation\\Application->handleCommand(Object(Symfony\\Component\\Console\\Input\\ArgvInput))
#34 {main}

[previous exception] [object] (PDOException(code: HY000): SQLSTATE[HY000]: General error: 1005 Can't create table `technology_solutions_db`.`historico_alteracoes_perfil` (errno: 150 \"Foreign key constraint is incorrectly formed\") at D:\\Users\\Raphael\\Desktop\\desafio_senai\\projects\\technology-solutions-api\\api\\vendor\\laravel\\framework\\src\\Illuminate\\Database\\Connection.php:569)
[stacktrace]
#0 D:\\Users\\Raphael\\Desktop\\desafio_senai\\projects\\technology-solutions-api\\api\\vendor\\laravel\\framework\\src\\Illuminate\\Database\\Connection.php(569): PDOStatement->execute()
#1 D:\\Users\\Raphael\\Desktop\\desafio_senai\\projects\\technology-solutions-api\\api\\vendor\\laravel\\framework\\src\\Illuminate\\Database\\Connection.php(810): Illuminate\\Database\\Connection->Illuminate\\Database\\{closure}('alter table `hi...', Array)
#2 D:\\Users\\Raphael\\Desktop\\desafio_senai\\projects\\technology-solutions-api\\api\\vendor\\laravel\\framework\\src\\Illuminate\\Database\\Connection.php(777): Illuminate\\Database\\Connection->runQueryCallback('alter table `hi...', Array, Object(Closure))
#3 D:\\Users\\Raphael\\Desktop\\desafio_senai\\projects\\technology-solutions-api\\api\\vendor\\laravel\\framework\\src\\Illuminate\\Database\\Connection.php(558): Illuminate\\Database\\Connection->run('alter table `hi...', Array, Object(Closure))
#4 D:\\Users\\Raphael\\Desktop\\desafio_senai\\projects\\technology-solutions-api\\api\\vendor\\laravel\\framework\\src\\Illuminate\\Database\\Schema\\Blueprint.php(120): Illuminate\\Database\\Connection->statement('alter table `hi...')
#5 D:\\Users\\Raphael\\Desktop\\desafio_senai\\projects\\technology-solutions-api\\api\\vendor\\laravel\\framework\\src\\Illuminate\\Database\\Schema\\Builder.php(619): Illuminate\\Database\\Schema\\Blueprint->build()
#6 D:\\Users\\Raphael\\Desktop\\desafio_senai\\projects\\technology-solutions-api\\api\\vendor\\laravel\\framework\\src\\Illuminate\\Database\\Schema\\Builder.php(473): Illuminate\\Database\\Schema\\Builder->build(Object(Illuminate\\Database\\Schema\\Blueprint))
#7 D:\\Users\\Raphael\\Desktop\\desafio_senai\\projects\\technology-solutions-api\\api\\vendor\\laravel\\framework\\src\\Illuminate\\Support\\Facades\\Facade.php(361): Illuminate\\Database\\Schema\\Builder->create('historico_alter...', Object(Closure))
#8 D:\\Users\\Raphael\\Desktop\\desafio_senai\\projects\\technology-solutions-api\\api\\database\\migrations\\2025_02_27_121211_create_historico_alteracoes_perfil.php(14): Illuminate\\Support\\Facades\\Facade::__callStatic('create', Array)
#9 D:\\Users\\Raphael\\Desktop\\desafio_senai\\projects\\technology-solutions-api\\api\\vendor\\laravel\\framework\\src\\Illuminate\\Database\\Migrations\\Migrator.php(507): Illuminate\\Database\\Migrations\\Migration@anonymous->up()
#10 D:\\Users\\Raphael\\Desktop\\desafio_senai\\projects\\technology-solutions-api\\api\\vendor\\laravel\\framework\\src\\Illuminate\\Database\\Migrations\\Migrator.php(432): Illuminate\\Database\\Migrations\\Migrator->runMethod(Object(Illuminate\\Database\\MySqlConnection), Object(Illuminate\\Database\\Migrations\\Migration@anonymous), 'up')
#11 D:\\Users\\Raphael\\Desktop\\desafio_senai\\projects\\technology-solutions-api\\api\\vendor\\laravel\\framework\\src\\Illuminate\\Database\\Migrations\\Migrator.php(441): Illuminate\\Database\\Migrations\\Migrator->Illuminate\\Database\\Migrations\\{closure}()
#12 D:\\Users\\Raphael\\Desktop\\desafio_senai\\projects\\technology-solutions-api\\api\\vendor\\laravel\\framework\\src\\Illuminate\\Database\\Migrations\\Migrator.php(244): Illuminate\\Database\\Migrations\\Migrator->runMigration(Object(Illuminate\\Database\\Migrations\\Migration@anonymous), 'up')
#13 D:\\Users\\Raphael\\Desktop\\desafio_senai\\projects\\technology-solutions-api\\api\\vendor\\laravel\\framework\\src\\Illuminate\\Console\\View\\Components\\Task.php(40): Illuminate\\Database\\Migrations\\Migrator->Illuminate\\Database\\Migrations\\{closure}()
#14 D:\\Users\\Raphael\\Desktop\\desafio_senai\\projects\\technology-solutions-api\\api\\vendor\\laravel\\framework\\src\\Illuminate\\Database\\Migrations\\Migrator.php(798): Illuminate\\Console\\View\\Components\\Task->render('2025_02_27_1212...', Object(Closure))
#15 D:\\Users\\Raphael\\Desktop\\desafio_senai\\projects\\technology-solutions-api\\api\\vendor\\laravel\\framework\\src\\Illuminate\\Database\\Migrations\\Migrator.php(244): Illuminate\\Database\\Migrations\\Migrator->write('Illuminate\\\\Cons...', '2025_02_27_1212...', Object(Closure))
#16 D:\\Users\\Raphael\\Desktop\\desafio_senai\\projects\\technology-solutions-api\\api\\vendor\\laravel\\framework\\src\\Illuminate\\Database\\Migrations\\Migrator.php(211): Illuminate\\Database\\Migrations\\Migrator->runUp('D:\\\\Users\\\\Raphae...', 1, false)
#17 D:\\Users\\Raphael\\Desktop\\desafio_senai\\projects\\technology-solutions-api\\api\\vendor\\laravel\\framework\\src\\Illuminate\\Database\\Migrations\\Migrator.php(138): Illuminate\\Database\\Migrations\\Migrator->runPending(Array, Array)
#18 D:\\Users\\Raphael\\Desktop\\desafio_senai\\projects\\technology-solutions-api\\api\\vendor\\laravel\\framework\\src\\Illuminate\\Database\\Console\\Migrations\\MigrateCommand.php(117): Illuminate\\Database\\Migrations\\Migrator->run(Array, Array)
#19 D:\\Users\\Raphael\\Desktop\\desafio_senai\\projects\\technology-solutions-api\\api\\vendor\\laravel\\framework\\src\\Illuminate\\Database\\Migrations\\Migrator.php(658): Illuminate\\Database\\Console\\Migrations\\MigrateCommand->Illuminate\\Database\\Console\\Migrations\\{closure}()
#20 D:\\Users\\Raphael\\Desktop\\desafio_senai\\projects\\technology-solutions-api\\api\\vendor\\laravel\\framework\\src\\Illuminate\\Database\\Console\\Migrations\\MigrateCommand.php(110): Illuminate\\Database\\Migrations\\Migrator->usingConnection(NULL, Object(Closure))
#21 D:\\Users\\Raphael\\Desktop\\desafio_senai\\projects\\technology-solutions-api\\api\\vendor\\laravel\\framework\\src\\Illuminate\\Database\\Console\\Migrations\\MigrateCommand.php(89): Illuminate\\Database\\Console\\Migrations\\MigrateCommand->runMigrations()
#22 D:\\Users\\Raphael\\Desktop\\desafio_senai\\projects\\technology-solutions-api\\api\\vendor\\laravel\\framework\\src\\Illuminate\\Container\\BoundMethod.php(36): Illuminate\\Database\\Console\\Migrations\\MigrateCommand->handle()
#23 D:\\Users\\Raphael\\Desktop\\desafio_senai\\projects\\technology-solutions-api\\api\\vendor\\laravel\\framework\\src\\Illuminate\\Container\\Util.php(43): Illuminate\\Container\\BoundMethod::Illuminate\\Container\\{closure}()
#24 D:\\Users\\Raphael\\Desktop\\desafio_senai\\projects\\technology-solutions-api\\api\\vendor\\laravel\\framework\\src\\Illuminate\\Container\\BoundMethod.php(95): Illuminate\\Container\\Util::unwrapIfClosure(Object(Closure))
#25 D:\\Users\\Raphael\\Desktop\\desafio_senai\\projects\\technology-solutions-api\\api\\vendor\\laravel\\framework\\src\\Illuminate\\Container\\BoundMethod.php(35): Illuminate\\Container\\BoundMethod::callBoundMethod(Object(Illuminate\\Foundation\\Application), Array, Object(Closure))
#26 D:\\Users\\Raphael\\Desktop\\desafio_senai\\projects\\technology-solutions-api\\api\\vendor\\laravel\\framework\\src\\Illuminate\\Container\\Container.php(754): Illuminate\\Container\\BoundMethod::call(Object(Illuminate\\Foundation\\Application), Array, Array, NULL)
#27 D:\\Users\\Raphael\\Desktop\\desafio_senai\\projects\\technology-solutions-api\\api\\vendor\\laravel\\framework\\src\\Illuminate\\Console\\Command.php(213): Illuminate\\Container\\Container->call(Array)
#28 D:\\Users\\Raphael\\Desktop\\desafio_senai\\projects\\technology-solutions-api\\api\\vendor\\symfony\\console\\Command\\Command.php(279): Illuminate\\Console\\Command->execute(Object(Symfony\\Component\\Console\\Input\\ArgvInput), Object(Illuminate\\Console\\OutputStyle))
#29 D:\\Users\\Raphael\\Desktop\\desafio_senai\\projects\\technology-solutions-api\\api\\vendor\\laravel\\framework\\src\\Illuminate\\Console\\Command.php(182): Symfony\\Component\\Console\\Command\\Command->run(Object(Symfony\\Component\\Console\\Input\\ArgvInput), Object(Illuminate\\Console\\OutputStyle))
#30 D:\\Users\\Raphael\\Desktop\\desafio_senai\\projects\\technology-solutions-api\\api\\vendor\\symfony\\console\\Application.php(1094): Illuminate\\Console\\Command->run(Object(Symfony\\Component\\Console\\Input\\ArgvInput), Object(Symfony\\Component\\Console\\Output\\ConsoleOutput))
#31 D:\\Users\\Raphael\\Desktop\\desafio_senai\\projects\\technology-solutions-api\\api\\vendor\\symfony\\console\\Application.php(342): Symfony\\Component\\Console\\Application->doRunCommand(Object(Illuminate\\Database\\Console\\Migrations\\MigrateCommand), Object(Symfony\\Component\\Console\\Input\\ArgvInput), Object(Symfony\\Component\\Console\\Output\\ConsoleOutput))
#32 D:\\Users\\Raphael\\Desktop\\desafio_senai\\projects\\technology-solutions-api\\api\\vendor\\symfony\\console\\Application.php(193): Symfony\\Component\\Console\\Application->doRun(Object(Symfony\\Component\\Console\\Input\\ArgvInput), Object(Symfony\\Component\\Console\\Output\\ConsoleOutput))
#33 D:\\Users\\Raphael\\Desktop\\desafio_senai\\projects\\technology-solutions-api\\api\\vendor\\laravel\\framework\\src\\Illuminate\\Foundation\\Console\\Kernel.php(198): Symfony\\Component\\Console\\Application->run(Object(Symfony\\Component\\Console\\Input\\ArgvInput), Object(Symfony\\Component\\Console\\Output\\ConsoleOutput))
#34 D:\\Users\\Raphael\\Desktop\\desafio_senai\\projects\\technology-solutions-api\\api\\vendor\\laravel\\framework\\src\\Illuminate\\Foundation\\Application.php(1235): Illuminate\\Foundation\\Console\\Kernel->handle(Object(Symfony\\Component\\Console\\Input\\ArgvInput), Object(Symfony\\Component\\Console\\Output\\ConsoleOutput))
#35 D:\\Users\\Raphael\\Desktop\\desafio_senai\\projects\\technology-solutions-api\\api\\artisan(16): Illuminate\\Foundation\\Application->handleCommand(Object(Symfony\\Component\\Console\\Input\\ArgvInput))
#36 {main}
"} 
[2025-02-27 13:19:58] local.ERROR: SQLSTATE[23000]: Integrity constraint violation: 1451 Cannot delete or update a parent row: a foreign key constraint fails (Connection: mysql, SQL: drop table if exists `users`) {"exception":"[object] (Illuminate\\Database\\QueryException(code: 23000): SQLSTATE[23000]: Integrity constraint violation: 1451 Cannot delete or update a parent row: a foreign key constraint fails (Connection: mysql, SQL: drop table if exists `users`) at D:\\Users\\Raphael\\Desktop\\desafio_senai\\projects\\technology-solutions-api\\api\\vendor\\laravel\\framework\\src\\Illuminate\\Database\\Connection.php:823)
[stacktrace]
#0 D:\\Users\\Raphael\\Desktop\\desafio_senai\\projects\\technology-solutions-api\\api\\vendor\\laravel\\framework\\src\\Illuminate\\Database\\Connection.php(777): Illuminate\\Database\\Connection->runQueryCallback('drop table if e...', Array, Object(Closure))
#1 D:\\Users\\Raphael\\Desktop\\desafio_senai\\projects\\technology-solutions-api\\api\\vendor\\laravel\\framework\\src\\Illuminate\\Database\\Connection.php(558): Illuminate\\Database\\Connection->run('drop table if e...', Array, Object(Closure))
#2 D:\\Users\\Raphael\\Desktop\\desafio_senai\\projects\\technology-solutions-api\\api\\vendor\\laravel\\framework\\src\\Illuminate\\Database\\Schema\\Blueprint.php(120): Illuminate\\Database\\Connection->statement('drop table if e...')
#3 D:\\Users\\Raphael\\Desktop\\desafio_senai\\projects\\technology-solutions-api\\api\\vendor\\laravel\\framework\\src\\Illuminate\\Database\\Schema\\Builder.php(619): Illuminate\\Database\\Schema\\Blueprint->build()
#4 D:\\Users\\Raphael\\Desktop\\desafio_senai\\projects\\technology-solutions-api\\api\\vendor\\laravel\\framework\\src\\Illuminate\\Database\\Schema\\Builder.php(501): Illuminate\\Database\\Schema\\Builder->build(Object(Illuminate\\Database\\Schema\\Blueprint))
#5 D:\\Users\\Raphael\\Desktop\\desafio_senai\\projects\\technology-solutions-api\\api\\vendor\\laravel\\framework\\src\\Illuminate\\Support\\Facades\\Facade.php(361): Illuminate\\Database\\Schema\\Builder->dropIfExists('users')
#6 D:\\Users\\Raphael\\Desktop\\desafio_senai\\projects\\technology-solutions-api\\api\\database\\migrations\\0001_01_01_000000_create_users_table.php(56): Illuminate\\Support\\Facades\\Facade::__callStatic('dropIfExists', Array)
#7 D:\\Users\\Raphael\\Desktop\\desafio_senai\\projects\\technology-solutions-api\\api\\vendor\\laravel\\framework\\src\\Illuminate\\Database\\Migrations\\Migrator.php(507): Illuminate\\Database\\Migrations\\Migration@anonymous->down()
#8 D:\\Users\\Raphael\\Desktop\\desafio_senai\\projects\\technology-solutions-api\\api\\vendor\\laravel\\framework\\src\\Illuminate\\Database\\Migrations\\Migrator.php(432): Illuminate\\Database\\Migrations\\Migrator->runMethod(Object(Illuminate\\Database\\MySqlConnection), Object(Illuminate\\Database\\Migrations\\Migration@anonymous), 'down')
#9 D:\\Users\\Raphael\\Desktop\\desafio_senai\\projects\\technology-solutions-api\\api\\vendor\\laravel\\framework\\src\\Illuminate\\Database\\Migrations\\Migrator.php(441): Illuminate\\Database\\Migrations\\Migrator->Illuminate\\Database\\Migrations\\{closure}()
#10 D:\\Users\\Raphael\\Desktop\\desafio_senai\\projects\\technology-solutions-api\\api\\vendor\\laravel\\framework\\src\\Illuminate\\Database\\Migrations\\Migrator.php(407): Illuminate\\Database\\Migrations\\Migrator->runMigration(Object(Illuminate\\Database\\Migrations\\Migration@anonymous), 'down')
#11 D:\\Users\\Raphael\\Desktop\\desafio_senai\\projects\\technology-solutions-api\\api\\vendor\\laravel\\framework\\src\\Illuminate\\Console\\View\\Components\\Task.php(40): Illuminate\\Database\\Migrations\\Migrator->Illuminate\\Database\\Migrations\\{closure}()
#12 D:\\Users\\Raphael\\Desktop\\desafio_senai\\projects\\technology-solutions-api\\api\\vendor\\laravel\\framework\\src\\Illuminate\\Database\\Migrations\\Migrator.php(798): Illuminate\\Console\\View\\Components\\Task->render('0001_01_01_0000...', Object(Closure))
#13 D:\\Users\\Raphael\\Desktop\\desafio_senai\\projects\\technology-solutions-api\\api\\vendor\\laravel\\framework\\src\\Illuminate\\Database\\Migrations\\Migrator.php(407): Illuminate\\Database\\Migrations\\Migrator->write('Illuminate\\\\Cons...', '0001_01_01_0000...', Object(Closure))
#14 D:\\Users\\Raphael\\Desktop\\desafio_senai\\projects\\technology-solutions-api\\api\\vendor\\laravel\\framework\\src\\Illuminate\\Database\\Migrations\\Migrator.php(330): Illuminate\\Database\\Migrations\\Migrator->runDown('D:\\\\Users\\\\Raphae...', Object(stdClass), false)
#15 D:\\Users\\Raphael\\Desktop\\desafio_senai\\projects\\technology-solutions-api\\api\\vendor\\laravel\\framework\\src\\Illuminate\\Database\\Migrations\\Migrator.php(381): Illuminate\\Database\\Migrations\\Migrator->rollbackMigrations(Array, Array, Array)
#16 D:\\Users\\Raphael\\Desktop\\desafio_senai\\projects\\technology-solutions-api\\api\\vendor\\laravel\\framework\\src\\Illuminate\\Database\\Migrations\\Migrator.php(361): Illuminate\\Database\\Migrations\\Migrator->resetMigrations(Array, Array, false)
#17 D:\\Users\\Raphael\\Desktop\\desafio_senai\\projects\\technology-solutions-api\\api\\vendor\\laravel\\framework\\src\\Illuminate\\Database\\Console\\Migrations\\ResetCommand.php(71): Illuminate\\Database\\Migrations\\Migrator->reset(Array, false)
#18 D:\\Users\\Raphael\\Desktop\\desafio_senai\\projects\\technology-solutions-api\\api\\vendor\\laravel\\framework\\src\\Illuminate\\Database\\Migrations\\Migrator.php(658): Illuminate\\Database\\Console\\Migrations\\ResetCommand->Illuminate\\Database\\Console\\Migrations\\{closure}()
#19 D:\\Users\\Raphael\\Desktop\\desafio_senai\\projects\\technology-solutions-api\\api\\vendor\\laravel\\framework\\src\\Illuminate\\Database\\Console\\Migrations\\ResetCommand.php(63): Illuminate\\Database\\Migrations\\Migrator->usingConnection(NULL, Object(Closure))
#20 D:\\Users\\Raphael\\Desktop\\desafio_senai\\projects\\technology-solutions-api\\api\\vendor\\laravel\\framework\\src\\Illuminate\\Container\\BoundMethod.php(36): Illuminate\\Database\\Console\\Migrations\\ResetCommand->handle()
#21 D:\\Users\\Raphael\\Desktop\\desafio_senai\\projects\\technology-solutions-api\\api\\vendor\\laravel\\framework\\src\\Illuminate\\Container\\Util.php(43): Illuminate\\Container\\BoundMethod::Illuminate\\Container\\{closure}()
#22 D:\\Users\\Raphael\\Desktop\\desafio_senai\\projects\\technology-solutions-api\\api\\vendor\\laravel\\framework\\src\\Illuminate\\Container\\BoundMethod.php(95): Illuminate\\Container\\Util::unwrapIfClosure(Object(Closure))
#23 D:\\Users\\Raphael\\Desktop\\desafio_senai\\projects\\technology-solutions-api\\api\\vendor\\laravel\\framework\\src\\Illuminate\\Container\\BoundMethod.php(35): Illuminate\\Container\\BoundMethod::callBoundMethod(Object(Illuminate\\Foundation\\Application), Array, Object(Closure))
#24 D:\\Users\\Raphael\\Desktop\\desafio_senai\\projects\\technology-solutions-api\\api\\vendor\\laravel\\framework\\src\\Illuminate\\Container\\Container.php(754): Illuminate\\Container\\BoundMethod::call(Object(Illuminate\\Foundation\\Application), Array, Array, NULL)
#25 D:\\Users\\Raphael\\Desktop\\desafio_senai\\projects\\technology-solutions-api\\api\\vendor\\laravel\\framework\\src\\Illuminate\\Console\\Command.php(213): Illuminate\\Container\\Container->call(Array)
#26 D:\\Users\\Raphael\\Desktop\\desafio_senai\\projects\\technology-solutions-api\\api\\vendor\\symfony\\console\\Command\\Command.php(279): Illuminate\\Console\\Command->execute(Object(Symfony\\Component\\Console\\Input\\ArgvInput), Object(Illuminate\\Console\\OutputStyle))
#27 D:\\Users\\Raphael\\Desktop\\desafio_senai\\projects\\technology-solutions-api\\api\\vendor\\laravel\\framework\\src\\Illuminate\\Console\\Command.php(182): Symfony\\Component\\Console\\Command\\Command->run(Object(Symfony\\Component\\Console\\Input\\ArgvInput), Object(Illuminate\\Console\\OutputStyle))
#28 D:\\Users\\Raphael\\Desktop\\desafio_senai\\projects\\technology-solutions-api\\api\\vendor\\symfony\\console\\Application.php(1094): Illuminate\\Console\\Command->run(Object(Symfony\\Component\\Console\\Input\\ArgvInput), Object(Symfony\\Component\\Console\\Output\\ConsoleOutput))
#29 D:\\Users\\Raphael\\Desktop\\desafio_senai\\projects\\technology-solutions-api\\api\\vendor\\symfony\\console\\Application.php(342): Symfony\\Component\\Console\\Application->doRunCommand(Object(Illuminate\\Database\\Console\\Migrations\\ResetCommand), Object(Symfony\\Component\\Console\\Input\\ArgvInput), Object(Symfony\\Component\\Console\\Output\\ConsoleOutput))
#30 D:\\Users\\Raphael\\Desktop\\desafio_senai\\projects\\technology-solutions-api\\api\\vendor\\symfony\\console\\Application.php(193): Symfony\\Component\\Console\\Application->doRun(Object(Symfony\\Component\\Console\\Input\\ArgvInput), Object(Symfony\\Component\\Console\\Output\\ConsoleOutput))
#31 D:\\Users\\Raphael\\Desktop\\desafio_senai\\projects\\technology-solutions-api\\api\\vendor\\laravel\\framework\\src\\Illuminate\\Foundation\\Console\\Kernel.php(198): Symfony\\Component\\Console\\Application->run(Object(Symfony\\Component\\Console\\Input\\ArgvInput), Object(Symfony\\Component\\Console\\Output\\ConsoleOutput))
#32 D:\\Users\\Raphael\\Desktop\\desafio_senai\\projects\\technology-solutions-api\\api\\vendor\\laravel\\framework\\src\\Illuminate\\Foundation\\Application.php(1235): Illuminate\\Foundation\\Console\\Kernel->handle(Object(Symfony\\Component\\Console\\Input\\ArgvInput), Object(Symfony\\Component\\Console\\Output\\ConsoleOutput))
#33 D:\\Users\\Raphael\\Desktop\\desafio_senai\\projects\\technology-solutions-api\\api\\artisan(16): Illuminate\\Foundation\\Application->handleCommand(Object(Symfony\\Component\\Console\\Input\\ArgvInput))
#34 {main}

[previous exception] [object] (PDOException(code: 23000): SQLSTATE[23000]: Integrity constraint violation: 1451 Cannot delete or update a parent row: a foreign key constraint fails at D:\\Users\\Raphael\\Desktop\\desafio_senai\\projects\\technology-solutions-api\\api\\vendor\\laravel\\framework\\src\\Illuminate\\Database\\Connection.php:569)
[stacktrace]
#0 D:\\Users\\Raphael\\Desktop\\desafio_senai\\projects\\technology-solutions-api\\api\\vendor\\laravel\\framework\\src\\Illuminate\\Database\\Connection.php(569): PDOStatement->execute()
#1 D:\\Users\\Raphael\\Desktop\\desafio_senai\\projects\\technology-solutions-api\\api\\vendor\\laravel\\framework\\src\\Illuminate\\Database\\Connection.php(810): Illuminate\\Database\\Connection->Illuminate\\Database\\{closure}('drop table if e...', Array)
#2 D:\\Users\\Raphael\\Desktop\\desafio_senai\\projects\\technology-solutions-api\\api\\vendor\\laravel\\framework\\src\\Illuminate\\Database\\Connection.php(777): Illuminate\\Database\\Connection->runQueryCallback('drop table if e...', Array, Object(Closure))
#3 D:\\Users\\Raphael\\Desktop\\desafio_senai\\projects\\technology-solutions-api\\api\\vendor\\laravel\\framework\\src\\Illuminate\\Database\\Connection.php(558): Illuminate\\Database\\Connection->run('drop table if e...', Array, Object(Closure))
#4 D:\\Users\\Raphael\\Desktop\\desafio_senai\\projects\\technology-solutions-api\\api\\vendor\\laravel\\framework\\src\\Illuminate\\Database\\Schema\\Blueprint.php(120): Illuminate\\Database\\Connection->statement('drop table if e...')
#5 D:\\Users\\Raphael\\Desktop\\desafio_senai\\projects\\technology-solutions-api\\api\\vendor\\laravel\\framework\\src\\Illuminate\\Database\\Schema\\Builder.php(619): Illuminate\\Database\\Schema\\Blueprint->build()
#6 D:\\Users\\Raphael\\Desktop\\desafio_senai\\projects\\technology-solutions-api\\api\\vendor\\laravel\\framework\\src\\Illuminate\\Database\\Schema\\Builder.php(501): Illuminate\\Database\\Schema\\Builder->build(Object(Illuminate\\Database\\Schema\\Blueprint))
#7 D:\\Users\\Raphael\\Desktop\\desafio_senai\\projects\\technology-solutions-api\\api\\vendor\\laravel\\framework\\src\\Illuminate\\Support\\Facades\\Facade.php(361): Illuminate\\Database\\Schema\\Builder->dropIfExists('users')
#8 D:\\Users\\Raphael\\Desktop\\desafio_senai\\projects\\technology-solutions-api\\api\\database\\migrations\\0001_01_01_000000_create_users_table.php(56): Illuminate\\Support\\Facades\\Facade::__callStatic('dropIfExists', Array)
#9 D:\\Users\\Raphael\\Desktop\\desafio_senai\\projects\\technology-solutions-api\\api\\vendor\\laravel\\framework\\src\\Illuminate\\Database\\Migrations\\Migrator.php(507): Illuminate\\Database\\Migrations\\Migration@anonymous->down()
#10 D:\\Users\\Raphael\\Desktop\\desafio_senai\\projects\\technology-solutions-api\\api\\vendor\\laravel\\framework\\src\\Illuminate\\Database\\Migrations\\Migrator.php(432): Illuminate\\Database\\Migrations\\Migrator->runMethod(Object(Illuminate\\Database\\MySqlConnection), Object(Illuminate\\Database\\Migrations\\Migration@anonymous), 'down')
#11 D:\\Users\\Raphael\\Desktop\\desafio_senai\\projects\\technology-solutions-api\\api\\vendor\\laravel\\framework\\src\\Illuminate\\Database\\Migrations\\Migrator.php(441): Illuminate\\Database\\Migrations\\Migrator->Illuminate\\Database\\Migrations\\{closure}()
#12 D:\\Users\\Raphael\\Desktop\\desafio_senai\\projects\\technology-solutions-api\\api\\vendor\\laravel\\framework\\src\\Illuminate\\Database\\Migrations\\Migrator.php(407): Illuminate\\Database\\Migrations\\Migrator->runMigration(Object(Illuminate\\Database\\Migrations\\Migration@anonymous), 'down')
#13 D:\\Users\\Raphael\\Desktop\\desafio_senai\\projects\\technology-solutions-api\\api\\vendor\\laravel\\framework\\src\\Illuminate\\Console\\View\\Components\\Task.php(40): Illuminate\\Database\\Migrations\\Migrator->Illuminate\\Database\\Migrations\\{closure}()
#14 D:\\Users\\Raphael\\Desktop\\desafio_senai\\projects\\technology-solutions-api\\api\\vendor\\laravel\\framework\\src\\Illuminate\\Database\\Migrations\\Migrator.php(798): Illuminate\\Console\\View\\Components\\Task->render('0001_01_01_0000...', Object(Closure))
#15 D:\\Users\\Raphael\\Desktop\\desafio_senai\\projects\\technology-solutions-api\\api\\vendor\\laravel\\framework\\src\\Illuminate\\Database\\Migrations\\Migrator.php(407): Illuminate\\Database\\Migrations\\Migrator->write('Illuminate\\\\Cons...', '0001_01_01_0000...', Object(Closure))
#16 D:\\Users\\Raphael\\Desktop\\desafio_senai\\projects\\technology-solutions-api\\api\\vendor\\laravel\\framework\\src\\Illuminate\\Database\\Migrations\\Migrator.php(330): Illuminate\\Database\\Migrations\\Migrator->runDown('D:\\\\Users\\\\Raphae...', Object(stdClass), false)
#17 D:\\Users\\Raphael\\Desktop\\desafio_senai\\projects\\technology-solutions-api\\api\\vendor\\laravel\\framework\\src\\Illuminate\\Database\\Migrations\\Migrator.php(381): Illuminate\\Database\\Migrations\\Migrator->rollbackMigrations(Array, Array, Array)
#18 D:\\Users\\Raphael\\Desktop\\desafio_senai\\projects\\technology-solutions-api\\api\\vendor\\laravel\\framework\\src\\Illuminate\\Database\\Migrations\\Migrator.php(361): Illuminate\\Database\\Migrations\\Migrator->resetMigrations(Array, Array, false)
#19 D:\\Users\\Raphael\\Desktop\\desafio_senai\\projects\\technology-solutions-api\\api\\vendor\\laravel\\framework\\src\\Illuminate\\Database\\Console\\Migrations\\ResetCommand.php(71): Illuminate\\Database\\Migrations\\Migrator->reset(Array, false)
#20 D:\\Users\\Raphael\\Desktop\\desafio_senai\\projects\\technology-solutions-api\\api\\vendor\\laravel\\framework\\src\\Illuminate\\Database\\Migrations\\Migrator.php(658): Illuminate\\Database\\Console\\Migrations\\ResetCommand->Illuminate\\Database\\Console\\Migrations\\{closure}()
#21 D:\\Users\\Raphael\\Desktop\\desafio_senai\\projects\\technology-solutions-api\\api\\vendor\\laravel\\framework\\src\\Illuminate\\Database\\Console\\Migrations\\ResetCommand.php(63): Illuminate\\Database\\Migrations\\Migrator->usingConnection(NULL, Object(Closure))
#22 D:\\Users\\Raphael\\Desktop\\desafio_senai\\projects\\technology-solutions-api\\api\\vendor\\laravel\\framework\\src\\Illuminate\\Container\\BoundMethod.php(36): Illuminate\\Database\\Console\\Migrations\\ResetCommand->handle()
#23 D:\\Users\\Raphael\\Desktop\\desafio_senai\\projects\\technology-solutions-api\\api\\vendor\\laravel\\framework\\src\\Illuminate\\Container\\Util.php(43): Illuminate\\Container\\BoundMethod::Illuminate\\Container\\{closure}()
#24 D:\\Users\\Raphael\\Desktop\\desafio_senai\\projects\\technology-solutions-api\\api\\vendor\\laravel\\framework\\src\\Illuminate\\Container\\BoundMethod.php(95): Illuminate\\Container\\Util::unwrapIfClosure(Object(Closure))
#25 D:\\Users\\Raphael\\Desktop\\desafio_senai\\projects\\technology-solutions-api\\api\\vendor\\laravel\\framework\\src\\Illuminate\\Container\\BoundMethod.php(35): Illuminate\\Container\\BoundMethod::callBoundMethod(Object(Illuminate\\Foundation\\Application), Array, Object(Closure))
#26 D:\\Users\\Raphael\\Desktop\\desafio_senai\\projects\\technology-solutions-api\\api\\vendor\\laravel\\framework\\src\\Illuminate\\Container\\Container.php(754): Illuminate\\Container\\BoundMethod::call(Object(Illuminate\\Foundation\\Application), Array, Array, NULL)
#27 D:\\Users\\Raphael\\Desktop\\desafio_senai\\projects\\technology-solutions-api\\api\\vendor\\laravel\\framework\\src\\Illuminate\\Console\\Command.php(213): Illuminate\\Container\\Container->call(Array)
#28 D:\\Users\\Raphael\\Desktop\\desafio_senai\\projects\\technology-solutions-api\\api\\vendor\\symfony\\console\\Command\\Command.php(279): Illuminate\\Console\\Command->execute(Object(Symfony\\Component\\Console\\Input\\ArgvInput), Object(Illuminate\\Console\\OutputStyle))
#29 D:\\Users\\Raphael\\Desktop\\desafio_senai\\projects\\technology-solutions-api\\api\\vendor\\laravel\\framework\\src\\Illuminate\\Console\\Command.php(182): Symfony\\Component\\Console\\Command\\Command->run(Object(Symfony\\Component\\Console\\Input\\ArgvInput), Object(Illuminate\\Console\\OutputStyle))
#30 D:\\Users\\Raphael\\Desktop\\desafio_senai\\projects\\technology-solutions-api\\api\\vendor\\symfony\\console\\Application.php(1094): Illuminate\\Console\\Command->run(Object(Symfony\\Component\\Console\\Input\\ArgvInput), Object(Symfony\\Component\\Console\\Output\\ConsoleOutput))
#31 D:\\Users\\Raphael\\Desktop\\desafio_senai\\projects\\technology-solutions-api\\api\\vendor\\symfony\\console\\Application.php(342): Symfony\\Component\\Console\\Application->doRunCommand(Object(Illuminate\\Database\\Console\\Migrations\\ResetCommand), Object(Symfony\\Component\\Console\\Input\\ArgvInput), Object(Symfony\\Component\\Console\\Output\\ConsoleOutput))
#32 D:\\Users\\Raphael\\Desktop\\desafio_senai\\projects\\technology-solutions-api\\api\\vendor\\symfony\\console\\Application.php(193): Symfony\\Component\\Console\\Application->doRun(Object(Symfony\\Component\\Console\\Input\\ArgvInput), Object(Symfony\\Component\\Console\\Output\\ConsoleOutput))
#33 D:\\Users\\Raphael\\Desktop\\desafio_senai\\projects\\technology-solutions-api\\api\\vendor\\laravel\\framework\\src\\Illuminate\\Foundation\\Console\\Kernel.php(198): Symfony\\Component\\Console\\Application->run(Object(Symfony\\Component\\Console\\Input\\ArgvInput), Object(Symfony\\Component\\Console\\Output\\ConsoleOutput))
#34 D:\\Users\\Raphael\\Desktop\\desafio_senai\\projects\\technology-solutions-api\\api\\vendor\\laravel\\framework\\src\\Illuminate\\Foundation\\Application.php(1235): Illuminate\\Foundation\\Console\\Kernel->handle(Object(Symfony\\Component\\Console\\Input\\ArgvInput), Object(Symfony\\Component\\Console\\Output\\ConsoleOutput))
#35 D:\\Users\\Raphael\\Desktop\\desafio_senai\\projects\\technology-solutions-api\\api\\artisan(16): Illuminate\\Foundation\\Application->handleCommand(Object(Symfony\\Component\\Console\\Input\\ArgvInput))
#36 {main}
"} 
[2025-02-27 13:25:42] local.ERROR: SQLSTATE[HY000]: General error: 1005 Can't create table `technology_solutions_db`.`telefones` (errno: 150 "Foreign key constraint is incorrectly formed") (Connection: mysql, SQL: alter table `telefones` add constraint `telefones_user_id_foreign` foreign key (`user_id`) references `users` (`id`) on delete cascade) {"exception":"[object] (Illuminate\\Database\\QueryException(code: HY000): SQLSTATE[HY000]: General error: 1005 Can't create table `technology_solutions_db`.`telefones` (errno: 150 \"Foreign key constraint is incorrectly formed\") (Connection: mysql, SQL: alter table `telefones` add constraint `telefones_user_id_foreign` foreign key (`user_id`) references `users` (`id`) on delete cascade) at D:\\Users\\Raphael\\Desktop\\desafio_senai\\projects\\technology-solutions-api\\api\\vendor\\laravel\\framework\\src\\Illuminate\\Database\\Connection.php:823)
[stacktrace]
#0 D:\\Users\\Raphael\\Desktop\\desafio_senai\\projects\\technology-solutions-api\\api\\vendor\\laravel\\framework\\src\\Illuminate\\Database\\Connection.php(777): Illuminate\\Database\\Connection->runQueryCallback('alter table `te...', Array, Object(Closure))
#1 D:\\Users\\Raphael\\Desktop\\desafio_senai\\projects\\technology-solutions-api\\api\\vendor\\laravel\\framework\\src\\Illuminate\\Database\\Connection.php(558): Illuminate\\Database\\Connection->run('alter table `te...', Array, Object(Closure))
#2 D:\\Users\\Raphael\\Desktop\\desafio_senai\\projects\\technology-solutions-api\\api\\vendor\\laravel\\framework\\src\\Illuminate\\Database\\Schema\\Blueprint.php(120): Illuminate\\Database\\Connection->statement('alter table `te...')
#3 D:\\Users\\Raphael\\Desktop\\desafio_senai\\projects\\technology-solutions-api\\api\\vendor\\laravel\\framework\\src\\Illuminate\\Database\\Schema\\Builder.php(619): Illuminate\\Database\\Schema\\Blueprint->build()
#4 D:\\Users\\Raphael\\Desktop\\desafio_senai\\projects\\technology-solutions-api\\api\\vendor\\laravel\\framework\\src\\Illuminate\\Database\\Schema\\Builder.php(473): Illuminate\\Database\\Schema\\Builder->build(Object(Illuminate\\Database\\Schema\\Blueprint))
#5 D:\\Users\\Raphael\\Desktop\\desafio_senai\\projects\\technology-solutions-api\\api\\vendor\\laravel\\framework\\src\\Illuminate\\Support\\Facades\\Facade.php(361): Illuminate\\Database\\Schema\\Builder->create('telefones', Object(Closure))
#6 D:\\Users\\Raphael\\Desktop\\desafio_senai\\projects\\technology-solutions-api\\api\\database\\migrations\\2025_02_27_120844_create_telefones.php(15): Illuminate\\Support\\Facades\\Facade::__callStatic('create', Array)
#7 D:\\Users\\Raphael\\Desktop\\desafio_senai\\projects\\technology-solutions-api\\api\\vendor\\laravel\\framework\\src\\Illuminate\\Database\\Migrations\\Migrator.php(507): Illuminate\\Database\\Migrations\\Migration@anonymous->up()
#8 D:\\Users\\Raphael\\Desktop\\desafio_senai\\projects\\technology-solutions-api\\api\\vendor\\laravel\\framework\\src\\Illuminate\\Database\\Migrations\\Migrator.php(432): Illuminate\\Database\\Migrations\\Migrator->runMethod(Object(Illuminate\\Database\\MySqlConnection), Object(Illuminate\\Database\\Migrations\\Migration@anonymous), 'up')
#9 D:\\Users\\Raphael\\Desktop\\desafio_senai\\projects\\technology-solutions-api\\api\\vendor\\laravel\\framework\\src\\Illuminate\\Database\\Migrations\\Migrator.php(441): Illuminate\\Database\\Migrations\\Migrator->Illuminate\\Database\\Migrations\\{closure}()
#10 D:\\Users\\Raphael\\Desktop\\desafio_senai\\projects\\technology-solutions-api\\api\\vendor\\laravel\\framework\\src\\Illuminate\\Database\\Migrations\\Migrator.php(244): Illuminate\\Database\\Migrations\\Migrator->runMigration(Object(Illuminate\\Database\\Migrations\\Migration@anonymous), 'up')
#11 D:\\Users\\Raphael\\Desktop\\desafio_senai\\projects\\technology-solutions-api\\api\\vendor\\laravel\\framework\\src\\Illuminate\\Console\\View\\Components\\Task.php(40): Illuminate\\Database\\Migrations\\Migrator->Illuminate\\Database\\Migrations\\{closure}()
#12 D:\\Users\\Raphael\\Desktop\\desafio_senai\\projects\\technology-solutions-api\\api\\vendor\\laravel\\framework\\src\\Illuminate\\Database\\Migrations\\Migrator.php(798): Illuminate\\Console\\View\\Components\\Task->render('2025_02_27_1208...', Object(Closure))
#13 D:\\Users\\Raphael\\Desktop\\desafio_senai\\projects\\technology-solutions-api\\api\\vendor\\laravel\\framework\\src\\Illuminate\\Database\\Migrations\\Migrator.php(244): Illuminate\\Database\\Migrations\\Migrator->write('Illuminate\\\\Cons...', '2025_02_27_1208...', Object(Closure))
#14 D:\\Users\\Raphael\\Desktop\\desafio_senai\\projects\\technology-solutions-api\\api\\vendor\\laravel\\framework\\src\\Illuminate\\Database\\Migrations\\Migrator.php(211): Illuminate\\Database\\Migrations\\Migrator->runUp('D:\\\\Users\\\\Raphae...', 2, false)
#15 D:\\Users\\Raphael\\Desktop\\desafio_senai\\projects\\technology-solutions-api\\api\\vendor\\laravel\\framework\\src\\Illuminate\\Database\\Migrations\\Migrator.php(138): Illuminate\\Database\\Migrations\\Migrator->runPending(Array, Array)
#16 D:\\Users\\Raphael\\Desktop\\desafio_senai\\projects\\technology-solutions-api\\api\\vendor\\laravel\\framework\\src\\Illuminate\\Database\\Console\\Migrations\\MigrateCommand.php(117): Illuminate\\Database\\Migrations\\Migrator->run(Array, Array)
#17 D:\\Users\\Raphael\\Desktop\\desafio_senai\\projects\\technology-solutions-api\\api\\vendor\\laravel\\framework\\src\\Illuminate\\Database\\Migrations\\Migrator.php(658): Illuminate\\Database\\Console\\Migrations\\MigrateCommand->Illuminate\\Database\\Console\\Migrations\\{closure}()
#18 D:\\Users\\Raphael\\Desktop\\desafio_senai\\projects\\technology-solutions-api\\api\\vendor\\laravel\\framework\\src\\Illuminate\\Database\\Console\\Migrations\\MigrateCommand.php(110): Illuminate\\Database\\Migrations\\Migrator->usingConnection(NULL, Object(Closure))
#19 D:\\Users\\Raphael\\Desktop\\desafio_senai\\projects\\technology-solutions-api\\api\\vendor\\laravel\\framework\\src\\Illuminate\\Database\\Console\\Migrations\\MigrateCommand.php(89): Illuminate\\Database\\Console\\Migrations\\MigrateCommand->runMigrations()
#20 D:\\Users\\Raphael\\Desktop\\desafio_senai\\projects\\technology-solutions-api\\api\\vendor\\laravel\\framework\\src\\Illuminate\\Container\\BoundMethod.php(36): Illuminate\\Database\\Console\\Migrations\\MigrateCommand->handle()
#21 D:\\Users\\Raphael\\Desktop\\desafio_senai\\projects\\technology-solutions-api\\api\\vendor\\laravel\\framework\\src\\Illuminate\\Container\\Util.php(43): Illuminate\\Container\\BoundMethod::Illuminate\\Container\\{closure}()
#22 D:\\Users\\Raphael\\Desktop\\desafio_senai\\projects\\technology-solutions-api\\api\\vendor\\laravel\\framework\\src\\Illuminate\\Container\\BoundMethod.php(95): Illuminate\\Container\\Util::unwrapIfClosure(Object(Closure))
#23 D:\\Users\\Raphael\\Desktop\\desafio_senai\\projects\\technology-solutions-api\\api\\vendor\\laravel\\framework\\src\\Illuminate\\Container\\BoundMethod.php(35): Illuminate\\Container\\BoundMethod::callBoundMethod(Object(Illuminate\\Foundation\\Application), Array, Object(Closure))
#24 D:\\Users\\Raphael\\Desktop\\desafio_senai\\projects\\technology-solutions-api\\api\\vendor\\laravel\\framework\\src\\Illuminate\\Container\\Container.php(754): Illuminate\\Container\\BoundMethod::call(Object(Illuminate\\Foundation\\Application), Array, Array, NULL)
#25 D:\\Users\\Raphael\\Desktop\\desafio_senai\\projects\\technology-solutions-api\\api\\vendor\\laravel\\framework\\src\\Illuminate\\Console\\Command.php(213): Illuminate\\Container\\Container->call(Array)
#26 D:\\Users\\Raphael\\Desktop\\desafio_senai\\projects\\technology-solutions-api\\api\\vendor\\symfony\\console\\Command\\Command.php(279): Illuminate\\Console\\Command->execute(Object(Symfony\\Component\\Console\\Input\\ArgvInput), Object(Illuminate\\Console\\OutputStyle))
#27 D:\\Users\\Raphael\\Desktop\\desafio_senai\\projects\\technology-solutions-api\\api\\vendor\\laravel\\framework\\src\\Illuminate\\Console\\Command.php(182): Symfony\\Component\\Console\\Command\\Command->run(Object(Symfony\\Component\\Console\\Input\\ArgvInput), Object(Illuminate\\Console\\OutputStyle))
#28 D:\\Users\\Raphael\\Desktop\\desafio_senai\\projects\\technology-solutions-api\\api\\vendor\\symfony\\console\\Application.php(1094): Illuminate\\Console\\Command->run(Object(Symfony\\Component\\Console\\Input\\ArgvInput), Object(Symfony\\Component\\Console\\Output\\ConsoleOutput))
#29 D:\\Users\\Raphael\\Desktop\\desafio_senai\\projects\\technology-solutions-api\\api\\vendor\\symfony\\console\\Application.php(342): Symfony\\Component\\Console\\Application->doRunCommand(Object(Illuminate\\Database\\Console\\Migrations\\MigrateCommand), Object(Symfony\\Component\\Console\\Input\\ArgvInput), Object(Symfony\\Component\\Console\\Output\\ConsoleOutput))
#30 D:\\Users\\Raphael\\Desktop\\desafio_senai\\projects\\technology-solutions-api\\api\\vendor\\symfony\\console\\Application.php(193): Symfony\\Component\\Console\\Application->doRun(Object(Symfony\\Component\\Console\\Input\\ArgvInput), Object(Symfony\\Component\\Console\\Output\\ConsoleOutput))
#31 D:\\Users\\Raphael\\Desktop\\desafio_senai\\projects\\technology-solutions-api\\api\\vendor\\laravel\\framework\\src\\Illuminate\\Foundation\\Console\\Kernel.php(198): Symfony\\Component\\Console\\Application->run(Object(Symfony\\Component\\Console\\Input\\ArgvInput), Object(Symfony\\Component\\Console\\Output\\ConsoleOutput))
#32 D:\\Users\\Raphael\\Desktop\\desafio_senai\\projects\\technology-solutions-api\\api\\vendor\\laravel\\framework\\src\\Illuminate\\Foundation\\Application.php(1235): Illuminate\\Foundation\\Console\\Kernel->handle(Object(Symfony\\Component\\Console\\Input\\ArgvInput), Object(Symfony\\Component\\Console\\Output\\ConsoleOutput))
#33 D:\\Users\\Raphael\\Desktop\\desafio_senai\\projects\\technology-solutions-api\\api\\artisan(16): Illuminate\\Foundation\\Application->handleCommand(Object(Symfony\\Component\\Console\\Input\\ArgvInput))
#34 {main}

[previous exception] [object] (PDOException(code: HY000): SQLSTATE[HY000]: General error: 1005 Can't create table `technology_solutions_db`.`telefones` (errno: 150 \"Foreign key constraint is incorrectly formed\") at D:\\Users\\Raphael\\Desktop\\desafio_senai\\projects\\technology-solutions-api\\api\\vendor\\laravel\\framework\\src\\Illuminate\\Database\\Connection.php:569)
[stacktrace]
#0 D:\\Users\\Raphael\\Desktop\\desafio_senai\\projects\\technology-solutions-api\\api\\vendor\\laravel\\framework\\src\\Illuminate\\Database\\Connection.php(569): PDOStatement->execute()
#1 D:\\Users\\Raphael\\Desktop\\desafio_senai\\projects\\technology-solutions-api\\api\\vendor\\laravel\\framework\\src\\Illuminate\\Database\\Connection.php(810): Illuminate\\Database\\Connection->Illuminate\\Database\\{closure}('alter table `te...', Array)
#2 D:\\Users\\Raphael\\Desktop\\desafio_senai\\projects\\technology-solutions-api\\api\\vendor\\laravel\\framework\\src\\Illuminate\\Database\\Connection.php(777): Illuminate\\Database\\Connection->runQueryCallback('alter table `te...', Array, Object(Closure))
#3 D:\\Users\\Raphael\\Desktop\\desafio_senai\\projects\\technology-solutions-api\\api\\vendor\\laravel\\framework\\src\\Illuminate\\Database\\Connection.php(558): Illuminate\\Database\\Connection->run('alter table `te...', Array, Object(Closure))
#4 D:\\Users\\Raphael\\Desktop\\desafio_senai\\projects\\technology-solutions-api\\api\\vendor\\laravel\\framework\\src\\Illuminate\\Database\\Schema\\Blueprint.php(120): Illuminate\\Database\\Connection->statement('alter table `te...')
#5 D:\\Users\\Raphael\\Desktop\\desafio_senai\\projects\\technology-solutions-api\\api\\vendor\\laravel\\framework\\src\\Illuminate\\Database\\Schema\\Builder.php(619): Illuminate\\Database\\Schema\\Blueprint->build()
#6 D:\\Users\\Raphael\\Desktop\\desafio_senai\\projects\\technology-solutions-api\\api\\vendor\\laravel\\framework\\src\\Illuminate\\Database\\Schema\\Builder.php(473): Illuminate\\Database\\Schema\\Builder->build(Object(Illuminate\\Database\\Schema\\Blueprint))
#7 D:\\Users\\Raphael\\Desktop\\desafio_senai\\projects\\technology-solutions-api\\api\\vendor\\laravel\\framework\\src\\Illuminate\\Support\\Facades\\Facade.php(361): Illuminate\\Database\\Schema\\Builder->create('telefones', Object(Closure))
#8 D:\\Users\\Raphael\\Desktop\\desafio_senai\\projects\\technology-solutions-api\\api\\database\\migrations\\2025_02_27_120844_create_telefones.php(15): Illuminate\\Support\\Facades\\Facade::__callStatic('create', Array)
#9 D:\\Users\\Raphael\\Desktop\\desafio_senai\\projects\\technology-solutions-api\\api\\vendor\\laravel\\framework\\src\\Illuminate\\Database\\Migrations\\Migrator.php(507): Illuminate\\Database\\Migrations\\Migration@anonymous->up()
#10 D:\\Users\\Raphael\\Desktop\\desafio_senai\\projects\\technology-solutions-api\\api\\vendor\\laravel\\framework\\src\\Illuminate\\Database\\Migrations\\Migrator.php(432): Illuminate\\Database\\Migrations\\Migrator->runMethod(Object(Illuminate\\Database\\MySqlConnection), Object(Illuminate\\Database\\Migrations\\Migration@anonymous), 'up')
#11 D:\\Users\\Raphael\\Desktop\\desafio_senai\\projects\\technology-solutions-api\\api\\vendor\\laravel\\framework\\src\\Illuminate\\Database\\Migrations\\Migrator.php(441): Illuminate\\Database\\Migrations\\Migrator->Illuminate\\Database\\Migrations\\{closure}()
#12 D:\\Users\\Raphael\\Desktop\\desafio_senai\\projects\\technology-solutions-api\\api\\vendor\\laravel\\framework\\src\\Illuminate\\Database\\Migrations\\Migrator.php(244): Illuminate\\Database\\Migrations\\Migrator->runMigration(Object(Illuminate\\Database\\Migrations\\Migration@anonymous), 'up')
#13 D:\\Users\\Raphael\\Desktop\\desafio_senai\\projects\\technology-solutions-api\\api\\vendor\\laravel\\framework\\src\\Illuminate\\Console\\View\\Components\\Task.php(40): Illuminate\\Database\\Migrations\\Migrator->Illuminate\\Database\\Migrations\\{closure}()
#14 D:\\Users\\Raphael\\Desktop\\desafio_senai\\projects\\technology-solutions-api\\api\\vendor\\laravel\\framework\\src\\Illuminate\\Database\\Migrations\\Migrator.php(798): Illuminate\\Console\\View\\Components\\Task->render('2025_02_27_1208...', Object(Closure))
#15 D:\\Users\\Raphael\\Desktop\\desafio_senai\\projects\\technology-solutions-api\\api\\vendor\\laravel\\framework\\src\\Illuminate\\Database\\Migrations\\Migrator.php(244): Illuminate\\Database\\Migrations\\Migrator->write('Illuminate\\\\Cons...', '2025_02_27_1208...', Object(Closure))
#16 D:\\Users\\Raphael\\Desktop\\desafio_senai\\projects\\technology-solutions-api\\api\\vendor\\laravel\\framework\\src\\Illuminate\\Database\\Migrations\\Migrator.php(211): Illuminate\\Database\\Migrations\\Migrator->runUp('D:\\\\Users\\\\Raphae...', 2, false)
#17 D:\\Users\\Raphael\\Desktop\\desafio_senai\\projects\\technology-solutions-api\\api\\vendor\\laravel\\framework\\src\\Illuminate\\Database\\Migrations\\Migrator.php(138): Illuminate\\Database\\Migrations\\Migrator->runPending(Array, Array)
#18 D:\\Users\\Raphael\\Desktop\\desafio_senai\\projects\\technology-solutions-api\\api\\vendor\\laravel\\framework\\src\\Illuminate\\Database\\Console\\Migrations\\MigrateCommand.php(117): Illuminate\\Database\\Migrations\\Migrator->run(Array, Array)
#19 D:\\Users\\Raphael\\Desktop\\desafio_senai\\projects\\technology-solutions-api\\api\\vendor\\laravel\\framework\\src\\Illuminate\\Database\\Migrations\\Migrator.php(658): Illuminate\\Database\\Console\\Migrations\\MigrateCommand->Illuminate\\Database\\Console\\Migrations\\{closure}()
#20 D:\\Users\\Raphael\\Desktop\\desafio_senai\\projects\\technology-solutions-api\\api\\vendor\\laravel\\framework\\src\\Illuminate\\Database\\Console\\Migrations\\MigrateCommand.php(110): Illuminate\\Database\\Migrations\\Migrator->usingConnection(NULL, Object(Closure))
#21 D:\\Users\\Raphael\\Desktop\\desafio_senai\\projects\\technology-solutions-api\\api\\vendor\\laravel\\framework\\src\\Illuminate\\Database\\Console\\Migrations\\MigrateCommand.php(89): Illuminate\\Database\\Console\\Migrations\\MigrateCommand->runMigrations()
#22 D:\\Users\\Raphael\\Desktop\\desafio_senai\\projects\\technology-solutions-api\\api\\vendor\\laravel\\framework\\src\\Illuminate\\Container\\BoundMethod.php(36): Illuminate\\Database\\Console\\Migrations\\MigrateCommand->handle()
#23 D:\\Users\\Raphael\\Desktop\\desafio_senai\\projects\\technology-solutions-api\\api\\vendor\\laravel\\framework\\src\\Illuminate\\Container\\Util.php(43): Illuminate\\Container\\BoundMethod::Illuminate\\Container\\{closure}()
#24 D:\\Users\\Raphael\\Desktop\\desafio_senai\\projects\\technology-solutions-api\\api\\vendor\\laravel\\framework\\src\\Illuminate\\Container\\BoundMethod.php(95): Illuminate\\Container\\Util::unwrapIfClosure(Object(Closure))
#25 D:\\Users\\Raphael\\Desktop\\desafio_senai\\projects\\technology-solutions-api\\api\\vendor\\laravel\\framework\\src\\Illuminate\\Container\\BoundMethod.php(35): Illuminate\\Container\\BoundMethod::callBoundMethod(Object(Illuminate\\Foundation\\Application), Array, Object(Closure))
#26 D:\\Users\\Raphael\\Desktop\\desafio_senai\\projects\\technology-solutions-api\\api\\vendor\\laravel\\framework\\src\\Illuminate\\Container\\Container.php(754): Illuminate\\Container\\BoundMethod::call(Object(Illuminate\\Foundation\\Application), Array, Array, NULL)
#27 D:\\Users\\Raphael\\Desktop\\desafio_senai\\projects\\technology-solutions-api\\api\\vendor\\laravel\\framework\\src\\Illuminate\\Console\\Command.php(213): Illuminate\\Container\\Container->call(Array)
#28 D:\\Users\\Raphael\\Desktop\\desafio_senai\\projects\\technology-solutions-api\\api\\vendor\\symfony\\console\\Command\\Command.php(279): Illuminate\\Console\\Command->execute(Object(Symfony\\Component\\Console\\Input\\ArgvInput), Object(Illuminate\\Console\\OutputStyle))
#29 D:\\Users\\Raphael\\Desktop\\desafio_senai\\projects\\technology-solutions-api\\api\\vendor\\laravel\\framework\\src\\Illuminate\\Console\\Command.php(182): Symfony\\Component\\Console\\Command\\Command->run(Object(Symfony\\Component\\Console\\Input\\ArgvInput), Object(Illuminate\\Console\\OutputStyle))
#30 D:\\Users\\Raphael\\Desktop\\desafio_senai\\projects\\technology-solutions-api\\api\\vendor\\symfony\\console\\Application.php(1094): Illuminate\\Console\\Command->run(Object(Symfony\\Component\\Console\\Input\\ArgvInput), Object(Symfony\\Component\\Console\\Output\\ConsoleOutput))
#31 D:\\Users\\Raphael\\Desktop\\desafio_senai\\projects\\technology-solutions-api\\api\\vendor\\symfony\\console\\Application.php(342): Symfony\\Component\\Console\\Application->doRunCommand(Object(Illuminate\\Database\\Console\\Migrations\\MigrateCommand), Object(Symfony\\Component\\Console\\Input\\ArgvInput), Object(Symfony\\Component\\Console\\Output\\ConsoleOutput))
#32 D:\\Users\\Raphael\\Desktop\\desafio_senai\\projects\\technology-solutions-api\\api\\vendor\\symfony\\console\\Application.php(193): Symfony\\Component\\Console\\Application->doRun(Object(Symfony\\Component\\Console\\Input\\ArgvInput), Object(Symfony\\Component\\Console\\Output\\ConsoleOutput))
#33 D:\\Users\\Raphael\\Desktop\\desafio_senai\\projects\\technology-solutions-api\\api\\vendor\\laravel\\framework\\src\\Illuminate\\Foundation\\Console\\Kernel.php(198): Symfony\\Component\\Console\\Application->run(Object(Symfony\\Component\\Console\\Input\\ArgvInput), Object(Symfony\\Component\\Console\\Output\\ConsoleOutput))
#34 D:\\Users\\Raphael\\Desktop\\desafio_senai\\projects\\technology-solutions-api\\api\\vendor\\laravel\\framework\\src\\Illuminate\\Foundation\\Application.php(1235): Illuminate\\Foundation\\Console\\Kernel->handle(Object(Symfony\\Component\\Console\\Input\\ArgvInput), Object(Symfony\\Component\\Console\\Output\\ConsoleOutput))
#35 D:\\Users\\Raphael\\Desktop\\desafio_senai\\projects\\technology-solutions-api\\api\\artisan(16): Illuminate\\Foundation\\Application->handleCommand(Object(Symfony\\Component\\Console\\Input\\ArgvInput))
#36 {main}
"} 
[2025-02-27 13:26:04] local.ERROR: SQLSTATE[42S02]: Base table or view not found: 1146 Table 'technology_solutions_db.users' doesn't exist (Connection: mysql, SQL: alter table `users` drop foreign key `users_user_type_id_foreign`) {"exception":"[object] (Illuminate\\Database\\QueryException(code: 42S02): SQLSTATE[42S02]: Base table or view not found: 1146 Table 'technology_solutions_db.users' doesn't exist (Connection: mysql, SQL: alter table `users` drop foreign key `users_user_type_id_foreign`) at D:\\Users\\Raphael\\Desktop\\desafio_senai\\projects\\technology-solutions-api\\api\\vendor\\laravel\\framework\\src\\Illuminate\\Database\\Connection.php:823)
[stacktrace]
#0 D:\\Users\\Raphael\\Desktop\\desafio_senai\\projects\\technology-solutions-api\\api\\vendor\\laravel\\framework\\src\\Illuminate\\Database\\Connection.php(777): Illuminate\\Database\\Connection->runQueryCallback('alter table `us...', Array, Object(Closure))
#1 D:\\Users\\Raphael\\Desktop\\desafio_senai\\projects\\technology-solutions-api\\api\\vendor\\laravel\\framework\\src\\Illuminate\\Database\\Connection.php(558): Illuminate\\Database\\Connection->run('alter table `us...', Array, Object(Closure))
#2 D:\\Users\\Raphael\\Desktop\\desafio_senai\\projects\\technology-solutions-api\\api\\vendor\\laravel\\framework\\src\\Illuminate\\Database\\Schema\\Blueprint.php(120): Illuminate\\Database\\Connection->statement('alter table `us...')
#3 D:\\Users\\Raphael\\Desktop\\desafio_senai\\projects\\technology-solutions-api\\api\\vendor\\laravel\\framework\\src\\Illuminate\\Database\\Schema\\Builder.php(619): Illuminate\\Database\\Schema\\Blueprint->build()
#4 D:\\Users\\Raphael\\Desktop\\desafio_senai\\projects\\technology-solutions-api\\api\\vendor\\laravel\\framework\\src\\Illuminate\\Database\\Schema\\Builder.php(461): Illuminate\\Database\\Schema\\Builder->build(Object(Illuminate\\Database\\Schema\\Blueprint))
#5 D:\\Users\\Raphael\\Desktop\\desafio_senai\\projects\\technology-solutions-api\\api\\vendor\\laravel\\framework\\src\\Illuminate\\Support\\Facades\\Facade.php(361): Illuminate\\Database\\Schema\\Builder->table('users', Object(Closure))
#6 D:\\Users\\Raphael\\Desktop\\desafio_senai\\projects\\technology-solutions-api\\api\\database\\migrations\\0001_01_01_000000_create_users_table.php(49): Illuminate\\Support\\Facades\\Facade::__callStatic('table', Array)
#7 D:\\Users\\Raphael\\Desktop\\desafio_senai\\projects\\technology-solutions-api\\api\\vendor\\laravel\\framework\\src\\Illuminate\\Database\\Migrations\\Migrator.php(507): Illuminate\\Database\\Migrations\\Migration@anonymous->down()
#8 D:\\Users\\Raphael\\Desktop\\desafio_senai\\projects\\technology-solutions-api\\api\\vendor\\laravel\\framework\\src\\Illuminate\\Database\\Migrations\\Migrator.php(432): Illuminate\\Database\\Migrations\\Migrator->runMethod(Object(Illuminate\\Database\\MySqlConnection), Object(Illuminate\\Database\\Migrations\\Migration@anonymous), 'down')
#9 D:\\Users\\Raphael\\Desktop\\desafio_senai\\projects\\technology-solutions-api\\api\\vendor\\laravel\\framework\\src\\Illuminate\\Database\\Migrations\\Migrator.php(441): Illuminate\\Database\\Migrations\\Migrator->Illuminate\\Database\\Migrations\\{closure}()
#10 D:\\Users\\Raphael\\Desktop\\desafio_senai\\projects\\technology-solutions-api\\api\\vendor\\laravel\\framework\\src\\Illuminate\\Database\\Migrations\\Migrator.php(407): Illuminate\\Database\\Migrations\\Migrator->runMigration(Object(Illuminate\\Database\\Migrations\\Migration@anonymous), 'down')
#11 D:\\Users\\Raphael\\Desktop\\desafio_senai\\projects\\technology-solutions-api\\api\\vendor\\laravel\\framework\\src\\Illuminate\\Console\\View\\Components\\Task.php(40): Illuminate\\Database\\Migrations\\Migrator->Illuminate\\Database\\Migrations\\{closure}()
#12 D:\\Users\\Raphael\\Desktop\\desafio_senai\\projects\\technology-solutions-api\\api\\vendor\\laravel\\framework\\src\\Illuminate\\Database\\Migrations\\Migrator.php(798): Illuminate\\Console\\View\\Components\\Task->render('0001_01_01_0000...', Object(Closure))
#13 D:\\Users\\Raphael\\Desktop\\desafio_senai\\projects\\technology-solutions-api\\api\\vendor\\laravel\\framework\\src\\Illuminate\\Database\\Migrations\\Migrator.php(407): Illuminate\\Database\\Migrations\\Migrator->write('Illuminate\\\\Cons...', '0001_01_01_0000...', Object(Closure))
#14 D:\\Users\\Raphael\\Desktop\\desafio_senai\\projects\\technology-solutions-api\\api\\vendor\\laravel\\framework\\src\\Illuminate\\Database\\Migrations\\Migrator.php(330): Illuminate\\Database\\Migrations\\Migrator->runDown('D:\\\\Users\\\\Raphae...', Object(stdClass), false)
#15 D:\\Users\\Raphael\\Desktop\\desafio_senai\\projects\\technology-solutions-api\\api\\vendor\\laravel\\framework\\src\\Illuminate\\Database\\Migrations\\Migrator.php(381): Illuminate\\Database\\Migrations\\Migrator->rollbackMigrations(Array, Array, Array)
#16 D:\\Users\\Raphael\\Desktop\\desafio_senai\\projects\\technology-solutions-api\\api\\vendor\\laravel\\framework\\src\\Illuminate\\Database\\Migrations\\Migrator.php(361): Illuminate\\Database\\Migrations\\Migrator->resetMigrations(Array, Array, false)
#17 D:\\Users\\Raphael\\Desktop\\desafio_senai\\projects\\technology-solutions-api\\api\\vendor\\laravel\\framework\\src\\Illuminate\\Database\\Console\\Migrations\\ResetCommand.php(71): Illuminate\\Database\\Migrations\\Migrator->reset(Array, false)
#18 D:\\Users\\Raphael\\Desktop\\desafio_senai\\projects\\technology-solutions-api\\api\\vendor\\laravel\\framework\\src\\Illuminate\\Database\\Migrations\\Migrator.php(658): Illuminate\\Database\\Console\\Migrations\\ResetCommand->Illuminate\\Database\\Console\\Migrations\\{closure}()
#19 D:\\Users\\Raphael\\Desktop\\desafio_senai\\projects\\technology-solutions-api\\api\\vendor\\laravel\\framework\\src\\Illuminate\\Database\\Console\\Migrations\\ResetCommand.php(63): Illuminate\\Database\\Migrations\\Migrator->usingConnection(NULL, Object(Closure))
#20 D:\\Users\\Raphael\\Desktop\\desafio_senai\\projects\\technology-solutions-api\\api\\vendor\\laravel\\framework\\src\\Illuminate\\Container\\BoundMethod.php(36): Illuminate\\Database\\Console\\Migrations\\ResetCommand->handle()
#21 D:\\Users\\Raphael\\Desktop\\desafio_senai\\projects\\technology-solutions-api\\api\\vendor\\laravel\\framework\\src\\Illuminate\\Container\\Util.php(43): Illuminate\\Container\\BoundMethod::Illuminate\\Container\\{closure}()
#22 D:\\Users\\Raphael\\Desktop\\desafio_senai\\projects\\technology-solutions-api\\api\\vendor\\laravel\\framework\\src\\Illuminate\\Container\\BoundMethod.php(95): Illuminate\\Container\\Util::unwrapIfClosure(Object(Closure))
#23 D:\\Users\\Raphael\\Desktop\\desafio_senai\\projects\\technology-solutions-api\\api\\vendor\\laravel\\framework\\src\\Illuminate\\Container\\BoundMethod.php(35): Illuminate\\Container\\BoundMethod::callBoundMethod(Object(Illuminate\\Foundation\\Application), Array, Object(Closure))
#24 D:\\Users\\Raphael\\Desktop\\desafio_senai\\projects\\technology-solutions-api\\api\\vendor\\laravel\\framework\\src\\Illuminate\\Container\\Container.php(754): Illuminate\\Container\\BoundMethod::call(Object(Illuminate\\Foundation\\Application), Array, Array, NULL)
#25 D:\\Users\\Raphael\\Desktop\\desafio_senai\\projects\\technology-solutions-api\\api\\vendor\\laravel\\framework\\src\\Illuminate\\Console\\Command.php(213): Illuminate\\Container\\Container->call(Array)
#26 D:\\Users\\Raphael\\Desktop\\desafio_senai\\projects\\technology-solutions-api\\api\\vendor\\symfony\\console\\Command\\Command.php(279): Illuminate\\Console\\Command->execute(Object(Symfony\\Component\\Console\\Input\\ArgvInput), Object(Illuminate\\Console\\OutputStyle))
#27 D:\\Users\\Raphael\\Desktop\\desafio_senai\\projects\\technology-solutions-api\\api\\vendor\\laravel\\framework\\src\\Illuminate\\Console\\Command.php(182): Symfony\\Component\\Console\\Command\\Command->run(Object(Symfony\\Component\\Console\\Input\\ArgvInput), Object(Illuminate\\Console\\OutputStyle))
#28 D:\\Users\\Raphael\\Desktop\\desafio_senai\\projects\\technology-solutions-api\\api\\vendor\\symfony\\console\\Application.php(1094): Illuminate\\Console\\Command->run(Object(Symfony\\Component\\Console\\Input\\ArgvInput), Object(Symfony\\Component\\Console\\Output\\ConsoleOutput))
#29 D:\\Users\\Raphael\\Desktop\\desafio_senai\\projects\\technology-solutions-api\\api\\vendor\\symfony\\console\\Application.php(342): Symfony\\Component\\Console\\Application->doRunCommand(Object(Illuminate\\Database\\Console\\Migrations\\ResetCommand), Object(Symfony\\Component\\Console\\Input\\ArgvInput), Object(Symfony\\Component\\Console\\Output\\ConsoleOutput))
#30 D:\\Users\\Raphael\\Desktop\\desafio_senai\\projects\\technology-solutions-api\\api\\vendor\\symfony\\console\\Application.php(193): Symfony\\Component\\Console\\Application->doRun(Object(Symfony\\Component\\Console\\Input\\ArgvInput), Object(Symfony\\Component\\Console\\Output\\ConsoleOutput))
#31 D:\\Users\\Raphael\\Desktop\\desafio_senai\\projects\\technology-solutions-api\\api\\vendor\\laravel\\framework\\src\\Illuminate\\Foundation\\Console\\Kernel.php(198): Symfony\\Component\\Console\\Application->run(Object(Symfony\\Component\\Console\\Input\\ArgvInput), Object(Symfony\\Component\\Console\\Output\\ConsoleOutput))
#32 D:\\Users\\Raphael\\Desktop\\desafio_senai\\projects\\technology-solutions-api\\api\\vendor\\laravel\\framework\\src\\Illuminate\\Foundation\\Application.php(1235): Illuminate\\Foundation\\Console\\Kernel->handle(Object(Symfony\\Component\\Console\\Input\\ArgvInput), Object(Symfony\\Component\\Console\\Output\\ConsoleOutput))
#33 D:\\Users\\Raphael\\Desktop\\desafio_senai\\projects\\technology-solutions-api\\api\\artisan(16): Illuminate\\Foundation\\Application->handleCommand(Object(Symfony\\Component\\Console\\Input\\ArgvInput))
#34 {main}

[previous exception] [object] (PDOException(code: 42S02): SQLSTATE[42S02]: Base table or view not found: 1146 Table 'technology_solutions_db.users' doesn't exist at D:\\Users\\Raphael\\Desktop\\desafio_senai\\projects\\technology-solutions-api\\api\\vendor\\laravel\\framework\\src\\Illuminate\\Database\\Connection.php:569)
[stacktrace]
#0 D:\\Users\\Raphael\\Desktop\\desafio_senai\\projects\\technology-solutions-api\\api\\vendor\\laravel\\framework\\src\\Illuminate\\Database\\Connection.php(569): PDOStatement->execute()
#1 D:\\Users\\Raphael\\Desktop\\desafio_senai\\projects\\technology-solutions-api\\api\\vendor\\laravel\\framework\\src\\Illuminate\\Database\\Connection.php(810): Illuminate\\Database\\Connection->Illuminate\\Database\\{closure}('alter table `us...', Array)
#2 D:\\Users\\Raphael\\Desktop\\desafio_senai\\projects\\technology-solutions-api\\api\\vendor\\laravel\\framework\\src\\Illuminate\\Database\\Connection.php(777): Illuminate\\Database\\Connection->runQueryCallback('alter table `us...', Array, Object(Closure))
#3 D:\\Users\\Raphael\\Desktop\\desafio_senai\\projects\\technology-solutions-api\\api\\vendor\\laravel\\framework\\src\\Illuminate\\Database\\Connection.php(558): Illuminate\\Database\\Connection->run('alter table `us...', Array, Object(Closure))
#4 D:\\Users\\Raphael\\Desktop\\desafio_senai\\projects\\technology-solutions-api\\api\\vendor\\laravel\\framework\\src\\Illuminate\\Database\\Schema\\Blueprint.php(120): Illuminate\\Database\\Connection->statement('alter table `us...')
#5 D:\\Users\\Raphael\\Desktop\\desafio_senai\\projects\\technology-solutions-api\\api\\vendor\\laravel\\framework\\src\\Illuminate\\Database\\Schema\\Builder.php(619): Illuminate\\Database\\Schema\\Blueprint->build()
#6 D:\\Users\\Raphael\\Desktop\\desafio_senai\\projects\\technology-solutions-api\\api\\vendor\\laravel\\framework\\src\\Illuminate\\Database\\Schema\\Builder.php(461): Illuminate\\Database\\Schema\\Builder->build(Object(Illuminate\\Database\\Schema\\Blueprint))
#7 D:\\Users\\Raphael\\Desktop\\desafio_senai\\projects\\technology-solutions-api\\api\\vendor\\laravel\\framework\\src\\Illuminate\\Support\\Facades\\Facade.php(361): Illuminate\\Database\\Schema\\Builder->table('users', Object(Closure))
#8 D:\\Users\\Raphael\\Desktop\\desafio_senai\\projects\\technology-solutions-api\\api\\database\\migrations\\0001_01_01_000000_create_users_table.php(49): Illuminate\\Support\\Facades\\Facade::__callStatic('table', Array)
#9 D:\\Users\\Raphael\\Desktop\\desafio_senai\\projects\\technology-solutions-api\\api\\vendor\\laravel\\framework\\src\\Illuminate\\Database\\Migrations\\Migrator.php(507): Illuminate\\Database\\Migrations\\Migration@anonymous->down()
#10 D:\\Users\\Raphael\\Desktop\\desafio_senai\\projects\\technology-solutions-api\\api\\vendor\\laravel\\framework\\src\\Illuminate\\Database\\Migrations\\Migrator.php(432): Illuminate\\Database\\Migrations\\Migrator->runMethod(Object(Illuminate\\Database\\MySqlConnection), Object(Illuminate\\Database\\Migrations\\Migration@anonymous), 'down')
#11 D:\\Users\\Raphael\\Desktop\\desafio_senai\\projects\\technology-solutions-api\\api\\vendor\\laravel\\framework\\src\\Illuminate\\Database\\Migrations\\Migrator.php(441): Illuminate\\Database\\Migrations\\Migrator->Illuminate\\Database\\Migrations\\{closure}()
#12 D:\\Users\\Raphael\\Desktop\\desafio_senai\\projects\\technology-solutions-api\\api\\vendor\\laravel\\framework\\src\\Illuminate\\Database\\Migrations\\Migrator.php(407): Illuminate\\Database\\Migrations\\Migrator->runMigration(Object(Illuminate\\Database\\Migrations\\Migration@anonymous), 'down')
#13 D:\\Users\\Raphael\\Desktop\\desafio_senai\\projects\\technology-solutions-api\\api\\vendor\\laravel\\framework\\src\\Illuminate\\Console\\View\\Components\\Task.php(40): Illuminate\\Database\\Migrations\\Migrator->Illuminate\\Database\\Migrations\\{closure}()
#14 D:\\Users\\Raphael\\Desktop\\desafio_senai\\projects\\technology-solutions-api\\api\\vendor\\laravel\\framework\\src\\Illuminate\\Database\\Migrations\\Migrator.php(798): Illuminate\\Console\\View\\Components\\Task->render('0001_01_01_0000...', Object(Closure))
#15 D:\\Users\\Raphael\\Desktop\\desafio_senai\\projects\\technology-solutions-api\\api\\vendor\\laravel\\framework\\src\\Illuminate\\Database\\Migrations\\Migrator.php(407): Illuminate\\Database\\Migrations\\Migrator->write('Illuminate\\\\Cons...', '0001_01_01_0000...', Object(Closure))
#16 D:\\Users\\Raphael\\Desktop\\desafio_senai\\projects\\technology-solutions-api\\api\\vendor\\laravel\\framework\\src\\Illuminate\\Database\\Migrations\\Migrator.php(330): Illuminate\\Database\\Migrations\\Migrator->runDown('D:\\\\Users\\\\Raphae...', Object(stdClass), false)
#17 D:\\Users\\Raphael\\Desktop\\desafio_senai\\projects\\technology-solutions-api\\api\\vendor\\laravel\\framework\\src\\Illuminate\\Database\\Migrations\\Migrator.php(381): Illuminate\\Database\\Migrations\\Migrator->rollbackMigrations(Array, Array, Array)
#18 D:\\Users\\Raphael\\Desktop\\desafio_senai\\projects\\technology-solutions-api\\api\\vendor\\laravel\\framework\\src\\Illuminate\\Database\\Migrations\\Migrator.php(361): Illuminate\\Database\\Migrations\\Migrator->resetMigrations(Array, Array, false)
#19 D:\\Users\\Raphael\\Desktop\\desafio_senai\\projects\\technology-solutions-api\\api\\vendor\\laravel\\framework\\src\\Illuminate\\Database\\Console\\Migrations\\ResetCommand.php(71): Illuminate\\Database\\Migrations\\Migrator->reset(Array, false)
#20 D:\\Users\\Raphael\\Desktop\\desafio_senai\\projects\\technology-solutions-api\\api\\vendor\\laravel\\framework\\src\\Illuminate\\Database\\Migrations\\Migrator.php(658): Illuminate\\Database\\Console\\Migrations\\ResetCommand->Illuminate\\Database\\Console\\Migrations\\{closure}()
#21 D:\\Users\\Raphael\\Desktop\\desafio_senai\\projects\\technology-solutions-api\\api\\vendor\\laravel\\framework\\src\\Illuminate\\Database\\Console\\Migrations\\ResetCommand.php(63): Illuminate\\Database\\Migrations\\Migrator->usingConnection(NULL, Object(Closure))
#22 D:\\Users\\Raphael\\Desktop\\desafio_senai\\projects\\technology-solutions-api\\api\\vendor\\laravel\\framework\\src\\Illuminate\\Container\\BoundMethod.php(36): Illuminate\\Database\\Console\\Migrations\\ResetCommand->handle()
#23 D:\\Users\\Raphael\\Desktop\\desafio_senai\\projects\\technology-solutions-api\\api\\vendor\\laravel\\framework\\src\\Illuminate\\Container\\Util.php(43): Illuminate\\Container\\BoundMethod::Illuminate\\Container\\{closure}()
#24 D:\\Users\\Raphael\\Desktop\\desafio_senai\\projects\\technology-solutions-api\\api\\vendor\\laravel\\framework\\src\\Illuminate\\Container\\BoundMethod.php(95): Illuminate\\Container\\Util::unwrapIfClosure(Object(Closure))
#25 D:\\Users\\Raphael\\Desktop\\desafio_senai\\projects\\technology-solutions-api\\api\\vendor\\laravel\\framework\\src\\Illuminate\\Container\\BoundMethod.php(35): Illuminate\\Container\\BoundMethod::callBoundMethod(Object(Illuminate\\Foundation\\Application), Array, Object(Closure))
#26 D:\\Users\\Raphael\\Desktop\\desafio_senai\\projects\\technology-solutions-api\\api\\vendor\\laravel\\framework\\src\\Illuminate\\Container\\Container.php(754): Illuminate\\Container\\BoundMethod::call(Object(Illuminate\\Foundation\\Application), Array, Array, NULL)
#27 D:\\Users\\Raphael\\Desktop\\desafio_senai\\projects\\technology-solutions-api\\api\\vendor\\laravel\\framework\\src\\Illuminate\\Console\\Command.php(213): Illuminate\\Container\\Container->call(Array)
#28 D:\\Users\\Raphael\\Desktop\\desafio_senai\\projects\\technology-solutions-api\\api\\vendor\\symfony\\console\\Command\\Command.php(279): Illuminate\\Console\\Command->execute(Object(Symfony\\Component\\Console\\Input\\ArgvInput), Object(Illuminate\\Console\\OutputStyle))
#29 D:\\Users\\Raphael\\Desktop\\desafio_senai\\projects\\technology-solutions-api\\api\\vendor\\laravel\\framework\\src\\Illuminate\\Console\\Command.php(182): Symfony\\Component\\Console\\Command\\Command->run(Object(Symfony\\Component\\Console\\Input\\ArgvInput), Object(Illuminate\\Console\\OutputStyle))
#30 D:\\Users\\Raphael\\Desktop\\desafio_senai\\projects\\technology-solutions-api\\api\\vendor\\symfony\\console\\Application.php(1094): Illuminate\\Console\\Command->run(Object(Symfony\\Component\\Console\\Input\\ArgvInput), Object(Symfony\\Component\\Console\\Output\\ConsoleOutput))
#31 D:\\Users\\Raphael\\Desktop\\desafio_senai\\projects\\technology-solutions-api\\api\\vendor\\symfony\\console\\Application.php(342): Symfony\\Component\\Console\\Application->doRunCommand(Object(Illuminate\\Database\\Console\\Migrations\\ResetCommand), Object(Symfony\\Component\\Console\\Input\\ArgvInput), Object(Symfony\\Component\\Console\\Output\\ConsoleOutput))
#32 D:\\Users\\Raphael\\Desktop\\desafio_senai\\projects\\technology-solutions-api\\api\\vendor\\symfony\\console\\Application.php(193): Symfony\\Component\\Console\\Application->doRun(Object(Symfony\\Component\\Console\\Input\\ArgvInput), Object(Symfony\\Component\\Console\\Output\\ConsoleOutput))
#33 D:\\Users\\Raphael\\Desktop\\desafio_senai\\projects\\technology-solutions-api\\api\\vendor\\laravel\\framework\\src\\Illuminate\\Foundation\\Console\\Kernel.php(198): Symfony\\Component\\Console\\Application->run(Object(Symfony\\Component\\Console\\Input\\ArgvInput), Object(Symfony\\Component\\Console\\Output\\ConsoleOutput))
#34 D:\\Users\\Raphael\\Desktop\\desafio_senai\\projects\\technology-solutions-api\\api\\vendor\\laravel\\framework\\src\\Illuminate\\Foundation\\Application.php(1235): Illuminate\\Foundation\\Console\\Kernel->handle(Object(Symfony\\Component\\Console\\Input\\ArgvInput), Object(Symfony\\Component\\Console\\Output\\ConsoleOutput))
#35 D:\\Users\\Raphael\\Desktop\\desafio_senai\\projects\\technology-solutions-api\\api\\artisan(16): Illuminate\\Foundation\\Application->handleCommand(Object(Symfony\\Component\\Console\\Input\\ArgvInput))
#36 {main}
"} 
[2025-02-27 13:32:13] local.ERROR: SQLSTATE[42S22]: Column not found: 1054 Unknown column 'status_nome' in 'field list' (Connection: mysql, SQL: insert into `status_convites` (`status_nome`) values (Finalizado), (Em Aberto), (Vencido)) {"exception":"[object] (Illuminate\\Database\\QueryException(code: 42S22): SQLSTATE[42S22]: Column not found: 1054 Unknown column 'status_nome' in 'field list' (Connection: mysql, SQL: insert into `status_convites` (`status_nome`) values (Finalizado), (Em Aberto), (Vencido)) at D:\\Users\\Raphael\\Desktop\\desafio_senai\\projects\\technology-solutions-api\\api\\vendor\\laravel\\framework\\src\\Illuminate\\Database\\Connection.php:823)
[stacktrace]
#0 D:\\Users\\Raphael\\Desktop\\desafio_senai\\projects\\technology-solutions-api\\api\\vendor\\laravel\\framework\\src\\Illuminate\\Database\\Connection.php(777): Illuminate\\Database\\Connection->runQueryCallback('insert into `st...', Array, Object(Closure))
#1 D:\\Users\\Raphael\\Desktop\\desafio_senai\\projects\\technology-solutions-api\\api\\vendor\\laravel\\framework\\src\\Illuminate\\Database\\MySqlConnection.php(42): Illuminate\\Database\\Connection->run('insert into `st...', Array, Object(Closure))
#2 D:\\Users\\Raphael\\Desktop\\desafio_senai\\projects\\technology-solutions-api\\api\\vendor\\laravel\\framework\\src\\Illuminate\\Database\\Query\\Builder.php(3717): Illuminate\\Database\\MySqlConnection->insert('insert into `st...', Array)
#3 D:\\Users\\Raphael\\Desktop\\desafio_senai\\projects\\technology-solutions-api\\api\\database\\seeders\\StatusConvitesSeeder.php(23): Illuminate\\Database\\Query\\Builder->insert(Array)
#4 D:\\Users\\Raphael\\Desktop\\desafio_senai\\projects\\technology-solutions-api\\api\\vendor\\laravel\\framework\\src\\Illuminate\\Container\\BoundMethod.php(36): Database\\Seeders\\StatusConvitesSeeder->run()
#5 D:\\Users\\Raphael\\Desktop\\desafio_senai\\projects\\technology-solutions-api\\api\\vendor\\laravel\\framework\\src\\Illuminate\\Container\\Util.php(43): Illuminate\\Container\\BoundMethod::Illuminate\\Container\\{closure}()
#6 D:\\Users\\Raphael\\Desktop\\desafio_senai\\projects\\technology-solutions-api\\api\\vendor\\laravel\\framework\\src\\Illuminate\\Container\\BoundMethod.php(95): Illuminate\\Container\\Util::unwrapIfClosure(Object(Closure))
#7 D:\\Users\\Raphael\\Desktop\\desafio_senai\\projects\\technology-solutions-api\\api\\vendor\\laravel\\framework\\src\\Illuminate\\Container\\BoundMethod.php(35): Illuminate\\Container\\BoundMethod::callBoundMethod(Object(Illuminate\\Foundation\\Application), Array, Object(Closure))
#8 D:\\Users\\Raphael\\Desktop\\desafio_senai\\projects\\technology-solutions-api\\api\\vendor\\laravel\\framework\\src\\Illuminate\\Container\\Container.php(754): Illuminate\\Container\\BoundMethod::call(Object(Illuminate\\Foundation\\Application), Array, Array, NULL)
#9 D:\\Users\\Raphael\\Desktop\\desafio_senai\\projects\\technology-solutions-api\\api\\vendor\\laravel\\framework\\src\\Illuminate\\Database\\Seeder.php(184): Illuminate\\Container\\Container->call(Array, Array)
#10 D:\\Users\\Raphael\\Desktop\\desafio_senai\\projects\\technology-solutions-api\\api\\vendor\\laravel\\framework\\src\\Illuminate\\Database\\Seeder.php(193): Illuminate\\Database\\Seeder->Illuminate\\Database\\{closure}()
#11 D:\\Users\\Raphael\\Desktop\\desafio_senai\\projects\\technology-solutions-api\\api\\vendor\\laravel\\framework\\src\\Illuminate\\Database\\Console\\Seeds\\SeedCommand.php(70): Illuminate\\Database\\Seeder->__invoke()
#12 D:\\Users\\Raphael\\Desktop\\desafio_senai\\projects\\technology-solutions-api\\api\\vendor\\laravel\\framework\\src\\Illuminate\\Database\\Eloquent\\Concerns\\GuardsAttributes.php(155): Illuminate\\Database\\Console\\Seeds\\SeedCommand->Illuminate\\Database\\Console\\Seeds\\{closure}()
#13 D:\\Users\\Raphael\\Desktop\\desafio_senai\\projects\\technology-solutions-api\\api\\vendor\\laravel\\framework\\src\\Illuminate\\Database\\Console\\Seeds\\SeedCommand.php(69): Illuminate\\Database\\Eloquent\\Model::unguarded(Object(Closure))
#14 D:\\Users\\Raphael\\Desktop\\desafio_senai\\projects\\technology-solutions-api\\api\\vendor\\laravel\\framework\\src\\Illuminate\\Container\\BoundMethod.php(36): Illuminate\\Database\\Console\\Seeds\\SeedCommand->handle()
#15 D:\\Users\\Raphael\\Desktop\\desafio_senai\\projects\\technology-solutions-api\\api\\vendor\\laravel\\framework\\src\\Illuminate\\Container\\Util.php(43): Illuminate\\Container\\BoundMethod::Illuminate\\Container\\{closure}()
#16 D:\\Users\\Raphael\\Desktop\\desafio_senai\\projects\\technology-solutions-api\\api\\vendor\\laravel\\framework\\src\\Illuminate\\Container\\BoundMethod.php(95): Illuminate\\Container\\Util::unwrapIfClosure(Object(Closure))
#17 D:\\Users\\Raphael\\Desktop\\desafio_senai\\projects\\technology-solutions-api\\api\\vendor\\laravel\\framework\\src\\Illuminate\\Container\\BoundMethod.php(35): Illuminate\\Container\\BoundMethod::callBoundMethod(Object(Illuminate\\Foundation\\Application), Array, Object(Closure))
#18 D:\\Users\\Raphael\\Desktop\\desafio_senai\\projects\\technology-solutions-api\\api\\vendor\\laravel\\framework\\src\\Illuminate\\Container\\Container.php(754): Illuminate\\Container\\BoundMethod::call(Object(Illuminate\\Foundation\\Application), Array, Array, NULL)
#19 D:\\Users\\Raphael\\Desktop\\desafio_senai\\projects\\technology-solutions-api\\api\\vendor\\laravel\\framework\\src\\Illuminate\\Console\\Command.php(213): Illuminate\\Container\\Container->call(Array)
#20 D:\\Users\\Raphael\\Desktop\\desafio_senai\\projects\\technology-solutions-api\\api\\vendor\\symfony\\console\\Command\\Command.php(279): Illuminate\\Console\\Command->execute(Object(Symfony\\Component\\Console\\Input\\ArgvInput), Object(Illuminate\\Console\\OutputStyle))
#21 D:\\Users\\Raphael\\Desktop\\desafio_senai\\projects\\technology-solutions-api\\api\\vendor\\laravel\\framework\\src\\Illuminate\\Console\\Command.php(182): Symfony\\Component\\Console\\Command\\Command->run(Object(Symfony\\Component\\Console\\Input\\ArgvInput), Object(Illuminate\\Console\\OutputStyle))
#22 D:\\Users\\Raphael\\Desktop\\desafio_senai\\projects\\technology-solutions-api\\api\\vendor\\symfony\\console\\Application.php(1094): Illuminate\\Console\\Command->run(Object(Symfony\\Component\\Console\\Input\\ArgvInput), Object(Symfony\\Component\\Console\\Output\\ConsoleOutput))
#23 D:\\Users\\Raphael\\Desktop\\desafio_senai\\projects\\technology-solutions-api\\api\\vendor\\symfony\\console\\Application.php(342): Symfony\\Component\\Console\\Application->doRunCommand(Object(Illuminate\\Database\\Console\\Seeds\\SeedCommand), Object(Symfony\\Component\\Console\\Input\\ArgvInput), Object(Symfony\\Component\\Console\\Output\\ConsoleOutput))
#24 D:\\Users\\Raphael\\Desktop\\desafio_senai\\projects\\technology-solutions-api\\api\\vendor\\symfony\\console\\Application.php(193): Symfony\\Component\\Console\\Application->doRun(Object(Symfony\\Component\\Console\\Input\\ArgvInput), Object(Symfony\\Component\\Console\\Output\\ConsoleOutput))
#25 D:\\Users\\Raphael\\Desktop\\desafio_senai\\projects\\technology-solutions-api\\api\\vendor\\laravel\\framework\\src\\Illuminate\\Foundation\\Console\\Kernel.php(198): Symfony\\Component\\Console\\Application->run(Object(Symfony\\Component\\Console\\Input\\ArgvInput), Object(Symfony\\Component\\Console\\Output\\ConsoleOutput))
#26 D:\\Users\\Raphael\\Desktop\\desafio_senai\\projects\\technology-solutions-api\\api\\vendor\\laravel\\framework\\src\\Illuminate\\Foundation\\Application.php(1235): Illuminate\\Foundation\\Console\\Kernel->handle(Object(Symfony\\Component\\Console\\Input\\ArgvInput), Object(Symfony\\Component\\Console\\Output\\ConsoleOutput))
#27 D:\\Users\\Raphael\\Desktop\\desafio_senai\\projects\\technology-solutions-api\\api\\artisan(16): Illuminate\\Foundation\\Application->handleCommand(Object(Symfony\\Component\\Console\\Input\\ArgvInput))
#28 {main}

[previous exception] [object] (PDOException(code: 42S22): SQLSTATE[42S22]: Column not found: 1054 Unknown column 'status_nome' in 'field list' at D:\\Users\\Raphael\\Desktop\\desafio_senai\\projects\\technology-solutions-api\\api\\vendor\\laravel\\framework\\src\\Illuminate\\Database\\MySqlConnection.php:47)
[stacktrace]
#0 D:\\Users\\Raphael\\Desktop\\desafio_senai\\projects\\technology-solutions-api\\api\\vendor\\laravel\\framework\\src\\Illuminate\\Database\\MySqlConnection.php(47): PDO->prepare('insert into `st...')
#1 D:\\Users\\Raphael\\Desktop\\desafio_senai\\projects\\technology-solutions-api\\api\\vendor\\laravel\\framework\\src\\Illuminate\\Database\\Connection.php(810): Illuminate\\Database\\MySqlConnection->Illuminate\\Database\\{closure}('insert into `st...', Array)
#2 D:\\Users\\Raphael\\Desktop\\desafio_senai\\projects\\technology-solutions-api\\api\\vendor\\laravel\\framework\\src\\Illuminate\\Database\\Connection.php(777): Illuminate\\Database\\Connection->runQueryCallback('insert into `st...', Array, Object(Closure))
#3 D:\\Users\\Raphael\\Desktop\\desafio_senai\\projects\\technology-solutions-api\\api\\vendor\\laravel\\framework\\src\\Illuminate\\Database\\MySqlConnection.php(42): Illuminate\\Database\\Connection->run('insert into `st...', Array, Object(Closure))
#4 D:\\Users\\Raphael\\Desktop\\desafio_senai\\projects\\technology-solutions-api\\api\\vendor\\laravel\\framework\\src\\Illuminate\\Database\\Query\\Builder.php(3717): Illuminate\\Database\\MySqlConnection->insert('insert into `st...', Array)
#5 D:\\Users\\Raphael\\Desktop\\desafio_senai\\projects\\technology-solutions-api\\api\\database\\seeders\\StatusConvitesSeeder.php(23): Illuminate\\Database\\Query\\Builder->insert(Array)
#6 D:\\Users\\Raphael\\Desktop\\desafio_senai\\projects\\technology-solutions-api\\api\\vendor\\laravel\\framework\\src\\Illuminate\\Container\\BoundMethod.php(36): Database\\Seeders\\StatusConvitesSeeder->run()
#7 D:\\Users\\Raphael\\Desktop\\desafio_senai\\projects\\technology-solutions-api\\api\\vendor\\laravel\\framework\\src\\Illuminate\\Container\\Util.php(43): Illuminate\\Container\\BoundMethod::Illuminate\\Container\\{closure}()
#8 D:\\Users\\Raphael\\Desktop\\desafio_senai\\projects\\technology-solutions-api\\api\\vendor\\laravel\\framework\\src\\Illuminate\\Container\\BoundMethod.php(95): Illuminate\\Container\\Util::unwrapIfClosure(Object(Closure))
#9 D:\\Users\\Raphael\\Desktop\\desafio_senai\\projects\\technology-solutions-api\\api\\vendor\\laravel\\framework\\src\\Illuminate\\Container\\BoundMethod.php(35): Illuminate\\Container\\BoundMethod::callBoundMethod(Object(Illuminate\\Foundation\\Application), Array, Object(Closure))
#10 D:\\Users\\Raphael\\Desktop\\desafio_senai\\projects\\technology-solutions-api\\api\\vendor\\laravel\\framework\\src\\Illuminate\\Container\\Container.php(754): Illuminate\\Container\\BoundMethod::call(Object(Illuminate\\Foundation\\Application), Array, Array, NULL)
#11 D:\\Users\\Raphael\\Desktop\\desafio_senai\\projects\\technology-solutions-api\\api\\vendor\\laravel\\framework\\src\\Illuminate\\Database\\Seeder.php(184): Illuminate\\Container\\Container->call(Array, Array)
#12 D:\\Users\\Raphael\\Desktop\\desafio_senai\\projects\\technology-solutions-api\\api\\vendor\\laravel\\framework\\src\\Illuminate\\Database\\Seeder.php(193): Illuminate\\Database\\Seeder->Illuminate\\Database\\{closure}()
#13 D:\\Users\\Raphael\\Desktop\\desafio_senai\\projects\\technology-solutions-api\\api\\vendor\\laravel\\framework\\src\\Illuminate\\Database\\Console\\Seeds\\SeedCommand.php(70): Illuminate\\Database\\Seeder->__invoke()
#14 D:\\Users\\Raphael\\Desktop\\desafio_senai\\projects\\technology-solutions-api\\api\\vendor\\laravel\\framework\\src\\Illuminate\\Database\\Eloquent\\Concerns\\GuardsAttributes.php(155): Illuminate\\Database\\Console\\Seeds\\SeedCommand->Illuminate\\Database\\Console\\Seeds\\{closure}()
#15 D:\\Users\\Raphael\\Desktop\\desafio_senai\\projects\\technology-solutions-api\\api\\vendor\\laravel\\framework\\src\\Illuminate\\Database\\Console\\Seeds\\SeedCommand.php(69): Illuminate\\Database\\Eloquent\\Model::unguarded(Object(Closure))
#16 D:\\Users\\Raphael\\Desktop\\desafio_senai\\projects\\technology-solutions-api\\api\\vendor\\laravel\\framework\\src\\Illuminate\\Container\\BoundMethod.php(36): Illuminate\\Database\\Console\\Seeds\\SeedCommand->handle()
#17 D:\\Users\\Raphael\\Desktop\\desafio_senai\\projects\\technology-solutions-api\\api\\vendor\\laravel\\framework\\src\\Illuminate\\Container\\Util.php(43): Illuminate\\Container\\BoundMethod::Illuminate\\Container\\{closure}()
#18 D:\\Users\\Raphael\\Desktop\\desafio_senai\\projects\\technology-solutions-api\\api\\vendor\\laravel\\framework\\src\\Illuminate\\Container\\BoundMethod.php(95): Illuminate\\Container\\Util::unwrapIfClosure(Object(Closure))
#19 D:\\Users\\Raphael\\Desktop\\desafio_senai\\projects\\technology-solutions-api\\api\\vendor\\laravel\\framework\\src\\Illuminate\\Container\\BoundMethod.php(35): Illuminate\\Container\\BoundMethod::callBoundMethod(Object(Illuminate\\Foundation\\Application), Array, Object(Closure))
#20 D:\\Users\\Raphael\\Desktop\\desafio_senai\\projects\\technology-solutions-api\\api\\vendor\\laravel\\framework\\src\\Illuminate\\Container\\Container.php(754): Illuminate\\Container\\BoundMethod::call(Object(Illuminate\\Foundation\\Application), Array, Array, NULL)
#21 D:\\Users\\Raphael\\Desktop\\desafio_senai\\projects\\technology-solutions-api\\api\\vendor\\laravel\\framework\\src\\Illuminate\\Console\\Command.php(213): Illuminate\\Container\\Container->call(Array)
#22 D:\\Users\\Raphael\\Desktop\\desafio_senai\\projects\\technology-solutions-api\\api\\vendor\\symfony\\console\\Command\\Command.php(279): Illuminate\\Console\\Command->execute(Object(Symfony\\Component\\Console\\Input\\ArgvInput), Object(Illuminate\\Console\\OutputStyle))
#23 D:\\Users\\Raphael\\Desktop\\desafio_senai\\projects\\technology-solutions-api\\api\\vendor\\laravel\\framework\\src\\Illuminate\\Console\\Command.php(182): Symfony\\Component\\Console\\Command\\Command->run(Object(Symfony\\Component\\Console\\Input\\ArgvInput), Object(Illuminate\\Console\\OutputStyle))
#24 D:\\Users\\Raphael\\Desktop\\desafio_senai\\projects\\technology-solutions-api\\api\\vendor\\symfony\\console\\Application.php(1094): Illuminate\\Console\\Command->run(Object(Symfony\\Component\\Console\\Input\\ArgvInput), Object(Symfony\\Component\\Console\\Output\\ConsoleOutput))
#25 D:\\Users\\Raphael\\Desktop\\desafio_senai\\projects\\technology-solutions-api\\api\\vendor\\symfony\\console\\Application.php(342): Symfony\\Component\\Console\\Application->doRunCommand(Object(Illuminate\\Database\\Console\\Seeds\\SeedCommand), Object(Symfony\\Component\\Console\\Input\\ArgvInput), Object(Symfony\\Component\\Console\\Output\\ConsoleOutput))
#26 D:\\Users\\Raphael\\Desktop\\desafio_senai\\projects\\technology-solutions-api\\api\\vendor\\symfony\\console\\Application.php(193): Symfony\\Component\\Console\\Application->doRun(Object(Symfony\\Component\\Console\\Input\\ArgvInput), Object(Symfony\\Component\\Console\\Output\\ConsoleOutput))
#27 D:\\Users\\Raphael\\Desktop\\desafio_senai\\projects\\technology-solutions-api\\api\\vendor\\laravel\\framework\\src\\Illuminate\\Foundation\\Console\\Kernel.php(198): Symfony\\Component\\Console\\Application->run(Object(Symfony\\Component\\Console\\Input\\ArgvInput), Object(Symfony\\Component\\Console\\Output\\ConsoleOutput))
#28 D:\\Users\\Raphael\\Desktop\\desafio_senai\\projects\\technology-solutions-api\\api\\vendor\\laravel\\framework\\src\\Illuminate\\Foundation\\Application.php(1235): Illuminate\\Foundation\\Console\\Kernel->handle(Object(Symfony\\Component\\Console\\Input\\ArgvInput), Object(Symfony\\Component\\Console\\Output\\ConsoleOutput))
#29 D:\\Users\\Raphael\\Desktop\\desafio_senai\\projects\\technology-solutions-api\\api\\artisan(16): Illuminate\\Foundation\\Application->handleCommand(Object(Symfony\\Component\\Console\\Input\\ArgvInput))
#30 {main}
"} 
